instance_number,run_number,prior,ratio_rmax_bound_use,ratio_lip_bound_use,n_time_steps,n_time_steps_cv,avg_ts_l2,avg_ts_l5,avg_ts_l10,avg_ts_l50,discounted_return,total_return
0,4,0.0,0.0,1.0,5500,182,181.5,169.8,158.0,79.7,0.9893740200728574,994.486478695379
1,4,0.0,0.0,1.0,5500,171,170.5,158.8,147.0,73.82,0.98935885899405,994.486478695379
2,4,0.0,0.0,1.0,5500,181,176.0,169.6,155.2,77.5,0.9124146748232429,994.486478695379
3,4,0.0,0.0,1.0,5500,137,132.0,126.4,115.1,62.88,0.8801484124079005,993.4903510401787
4,4,0.0,0.0,1.0,5500,138,137.5,123.6,109.5,58.92,0.8803494983129281,993.4903510401787
1,3,0.2,0.20130663633718623,0.7986933636628137,5500,956,950.5,933.8,910.5,795.32,4.561048522635154e-39,835.3801471051329
4,3,0.2,0.19882200987196458,0.8011779901280354,5500,956,950.5,933.8,911.6,795.12,0.38954495207612433,835.3801471051329
0,3,0.2,0.21123581382925793,0.7887641861707421,5500,945,939.5,923.0,897.3,777.1,0.5064661065074226,837.4037735455413
3,3,0.2,0.20359597251078793,0.7964040274892121,5500,967,961.5,945.0,920.5,795.66,0.3505904568685119,834.3840194499326
2,3,0.2,0.20287842710747642,0.7971215728925236,5500,967,961.5,945.0,920.6,789.46,0.0010570076026021223,835.3801471051329
2,0,1.0,0.9966138917509566,0.0033861082490434244,5500,1418,1412.5,1396.0,1371.5,1218.26,1.6793949066220183e-50,751.7367951983133
1,1,0.8,0.9687632758464322,0.031236724153567832,5500,1407,1401.5,1384.8,1361.4,1198.42,2.8392375867772427e-21,753.6976793787062
0,1,0.8,0.9700137790154267,0.029986220984573285,5500,1429,1423.5,1406.8,1379.0,1221.76,5.387504532185831e-19,748.7484122327123
2,1,0.8,0.9694544542371574,0.030545545762842685,5500,1473,1467.5,1451.0,1429.9,1267.98,6.555012027316717e-42,742.7402751715026
1,0,1.0,0.9961437420163409,0.003856257983659107,5500,1440,1434.5,1417.8,1394.5,1246.66,6.647808303035173e-39,747.7209134475042
2,2,0.5,0.7382591181116054,0.2617408818883946,5500,1352,1346.5,1330.0,1303.2,1153.42,2.1889136708475022e-29,763.6589559307095
4,2,0.5,0.7398832003301486,0.2601167996698514,5500,1385,1379.5,1363.0,1339.6,1181.78,1.7149163616203555e-47,757.7135611295153
1,2,0.5,0.7302032471437162,0.26979675285628385,5500,1451,1445.5,1428.8,1403.2,1249.26,1.8195461116572782e-50,745.7286581371036
4,1,0.8,0.9710040634609941,0.028995936539005868,5500,1429,1423.5,1407.0,1386.9,1237.16,1.1878593756815266e-42,749.7131687579049
3,1,0.8,0.969883338778805,0.030116661221195058,5500,1418,1412.5,1395.8,1374.8,1225.98,3.491391028683915e-38,751.7054240683055
3,0,1.0,0.9963949970996985,0.0036050029003015355,5500,1396,1390.5,1374.0,1356.1,1203.7,3.1130814937463736e-15,755.6899346891068
0,0,1.0,0.9962627032155127,0.0037372967844873433,5500,1407,1401.5,1385.0,1361.7,1207.54,2.3274898888826343e-25,755.6585635590991
3,2,0.5,0.7461696143395147,0.25383038566048527,5500,1352,1346.5,1330.0,1308.8,1168.34,2.09058226278139e-41,763.6589559307095
4,0,1.0,0.9962213920735111,0.0037786079264889,5500,1407,1401.5,1384.8,1358.1,1208.18,3.432877675825759e-51,753.6976793787062
0,2,0.5,0.7380907812447504,0.26190921875524964,5500,1385,1379.5,1363.0,1335.1,1178.04,8.966596733792704e-16,758.6783176547078
5,4,0.0,0.0,1.0,5500,193,192.5,183.0,168.1,84.62,0.9145673653906312,994.486478695379
6,4,0.0,0.0,1.0,5500,181,175.0,165.4,155.2,78.02,0.9893579650103754,994.486478695379
5,0,1.0,0.9962373734937434,0.0037626265062565725,5500,1418,1412.5,1395.8,1373.6,1219.84,2.3257307519171574e-34,750.740667543113
7,4,0.0,0.0,1.0,5500,192,186.0,171.8,162.9,85.38,0.9124138961524685,994.486478695379
5,1,0.8,0.9724399639687985,0.02756003603120149,5500,1396,1390.5,1373.8,1348.3,1191.98,1.7168013442719323e-18,755.6899346891068
8,4,0.0,0.0,1.0,5500,204,203.5,191.8,179.4,93.36,0.9893580051112439,994.486478695379
5,2,0.5,0.7431571880694351,0.2568428119305649,5500,1407,1401.5,1385.0,1359.4,1207.02,2.7170861861906454e-17,754.6938070339065
5,3,0.2,0.20469018818983087,0.7953098118101691,5500,956,950.5,933.8,911.6,792.38,0.0011374657504598174,834.4153905799403
9,4,0.0,0.0,1.0,5500,193,192.5,183.0,169.5,84.82,0.9893740203399631,994.486478695379
10,4,0.0,0.0,1.0,5500,191,186.0,176.4,166.2,81.7,1.0213609575923275,995.4826063505793
6,3,0.2,0.20202363563935732,0.7979763643606427,5500,945,939.5,922.8,899.5,782.74,0.06993412061159116,837.3724024155335
7,3,0.2,0.20809212082971842,0.7919078791702816,5500,934,928.5,912.0,890.7,781.5,0.2788347343188515,838.3999012007416
6,0,1.0,0.9967426398030255,0.003257360196974487,5500,1374,1368.5,1352.0,1331.8,1183.46,2.923907519899554e-17,758.7096887847156
8,3,0.2,0.20021346995410397,0.7997865300458961,5500,967,961.5,944.8,920.4,791.46,0.0036246887920049547,833.3878917947322
6,2,0.5,0.7352839251850639,0.26471607481493603,5500,1385,1379.5,1363.0,1342.8,1190.36,1.11731745419301e-46,757.6821899995075
6,1,0.8,0.9694688878709709,0.030531112129029148,5500,1429,1423.5,1407.0,1381.3,1213.58,2.2210901919679667e-37,750.7092964131052
9,3,0.2,0.19784176551366198,0.802158234486338,5500,967,961.5,945.0,926.0,800.74,1.0987691434889636e-40,832.4231352695397
7,0,1.0,0.9965761121658003,0.0034238878341996664,5500,1407,1401.5,1385.0,1361.6,1199.5,1.6158672826630484e-20,754.6938070339065
8,0,1.0,0.996131937495189,0.003868062504811023,5500,1429,1423.5,1407.0,1382.4,1223.3,8.674744902226626e-50,749.7445398879127
7,1,0.8,0.9692806881125863,0.03071931188741372,5500,1473,1467.5,1451.0,1429.9,1288.08,3.268264297176855e-55,741.7441475163023
7,2,0.5,0.7454254169240272,0.2545745830759728,5500,1385,1379.5,1363.0,1335.2,1165.38,5.80269117063446e-45,758.6783176547078
8,1,0.8,0.9715974499617881,0.028402550038211877,5500,1418,1412.5,1396.0,1370.3,1213.38,2.437149552932315e-22,752.6701805934981
9,0,1.0,0.9962160701185374,0.003783929881462605,5500,1418,1412.5,1395.8,1369.1,1210.78,2.8355287011267815e-19,750.740667543113
9,1,0.8,0.9697468065804091,0.030253193419590835,5500,1440,1434.5,1418.0,1390.2,1230.84,5.541077111308037e-44,748.7170411027046
8,2,0.5,0.7411409251133012,0.2588590748866988,5500,1407,1401.5,1384.8,1359.2,1204.38,1.0923428449719951e-47,753.6976793787062
9,2,0.5,0.7310176809706442,0.2689823190293557,5500,1429,1423.5,1407.0,1386.8,1236.78,1.1895201034143255e-44,749.7131687579049
11,4,0.0,0.0,1.0,5500,193,192.5,180.8,168.4,89.22,0.9893106653049549,994.486478695379
12,4,0.0,0.0,1.0,5500,158,153.0,143.4,133.8,68.1,0.9124137446531583,994.486478695379
10,3,0.2,0.20437568665794054,0.7956243133420595,5500,967,961.5,945.0,926.0,803.0,0.12110586786439927,832.4231352695397
10,1,0.8,0.9706386243973534,0.029361375602646577,5500,1451,1445.5,1429.0,1410.0,1253.24,2.425194556325458e-42,746.7247857923039
10,0,1.0,0.9966523835029459,0.0033476164970540974,5500,1407,1401.5,1385.0,1359.3,1203.24,2.28732014467121e-33,753.6976793787062
13,4,0.0,0.0,1.0,5500,182,181.5,172.0,157.4,74.64,0.9802942921310912,994.486478695379
10,2,0.5,0.7343107317965958,0.2656892682034042,5500,1352,1346.5,1330.0,1308.8,1158.56,6.356881918907879e-44,764.6550835859098
14,4,0.0,0.0,1.0,5500,193,192.5,183.0,169.5,86.04,0.9122129018478841,994.486478695379
11,0,1.0,0.996290542316977,0.003709457683023017,5500,1418,1412.5,1396.0,1370.4,1211.62,2.1227509753597585e-31,752.7015517235059
11,1,0.8,0.9717592101072301,0.028240789892769933,5500,1407,1401.5,1385.0,1364.8,1206.8,4.501791537627768e-30,753.6976793787062
11,2,0.5,0.736672696830315,0.26332730316968495,5500,1418,1412.5,1395.8,1370.2,1222.02,3.357582521353233e-52,751.7054240683055
11,3,0.2,0.1997195253505933,0.8002804746494067,5500,934,928.5,911.8,887.4,763.7,0.0011374657504598174,839.3646577259342
15,4,0.0,0.0,1.0,5500,204,203.5,194.0,180.0,94.04,0.9793000064547409,993.4903510401787
12,3,0.2,0.1984626961943668,0.8015373038056332,5500,956,950.5,934.0,908.4,789.48,0.6191703237868664,835.3801471051329
13,3,0.2,0.205997378657196,0.794002621342804,5500,923,917.5,901.0,879.8,769.18,0.41520237788381453,841.3882841663426
12,1,0.8,0.9693261889718968,0.030673811028103192,5500,1374,1368.5,1352.0,1324.1,1175.86,3.5347627224250615e-46,759.6744453099082
12,0,1.0,0.9963557132389804,0.003644286761019629,5500,1429,1423.5,1407.0,1382.4,1228.2,5.616628869097404e-54,749.7131687579049
12,2,0.5,0.7379514176634301,0.2620485823365699,5500,1352,1346.5,1330.0,1309.8,1160.82,6.555013151550071e-42,763.6903270607172
13,0,1.0,0.9954513038953029,0.0045486961046971065,5500,1451,1445.5,1428.8,1404.4,1251.06,1.4074162355896158e-29,744.763901611911
16,4,0.0,0.0,1.0,5500,182,181.5,172.0,158.5,79.56,0.9124110320160658,994.486478695379
14,3,0.2,0.20984356122151399,0.7901564387784861,5500,945,939.5,922.8,898.4,780.2,0.06907101361179355,837.3724024155335
13,2,0.5,0.7461672572912127,0.25383274270878736,5500,1363,1357.5,1341.0,1314.2,1161.94,2.0888434325002584e-41,761.6667006203088
13,1,0.8,0.9711455745173708,0.028854425482629193,5500,1418,1412.5,1396.0,1373.5,1211.82,2.2210843823013114e-37,751.7054240683055
14,0,1.0,0.9959246835382205,0.00407531646177949,5500,1451,1445.5,1429.0,1402.2,1239.18,2.0943846361132895e-41,745.7286581371036
14,1,0.8,0.9709202329850121,0.02907976701498793,5500,1385,1379.5,1363.0,1337.3,1182.4,5.62670413725319e-43,757.6821899995075
14,2,0.5,0.7427233380996708,0.25727666190032916,5500,1407,1401.5,1385.0,1357.0,1200.6,1.2258559112228802e-38,753.6976793787062
15,3,0.2,0.2039910952233151,0.7960089047766848,5500,945,939.5,923.0,901.9,781.48,0.34732823695570747,837.4037735455413
15,0,1.0,0.996691989614386,0.0033080103856140014,5500,1363,1357.5,1340.8,1318.6,1180.78,2.6667044044417134e-23,760.7019440951162
17,4,0.0,0.0,1.0,5500,171,170.5,161.0,148.1,74.24,0.9803463328283429,994.486478695379
15,1,0.8,0.9714581654966049,0.0285418345033951,5500,1396,1390.5,1373.8,1349.3,1195.22,1.7484625732092015e-16,755.6899346891068
15,2,0.5,0.7374705692591398,0.2625294307408602,5500,1451,1445.5,1429.0,1402.2,1236.74,2.1183757352326945e-38,746.7247857923039
18,4,0.0,0.0,1.0,5500,171,170.5,160.8,145.9,72.26,0.8803466530944554,993.4903510401787
16,0,1.0,0.9967650239751922,0.0032349760248078633,5500,1396,1390.5,1374.0,1348.3,1182.54,1.477036740625245e-30,756.6860623443072
16,3,0.2,0.20434286790399867,0.7956571320960013,5500,967,961.5,945.0,918.2,800.68,0.003262219912804459,834.3526483199248
19,4,0.0,0.0,1.0,5500,182,181.5,171.8,156.1,78.28,1.0214059456338387,995.4826063505793
16,1,0.8,0.9717449590655572,0.02825504093444276,5500,1418,1412.5,1396.0,1376.9,1213.14,7.642253093808934e-32,751.7367951983133
16,2,0.5,0.7358027660853879,0.26419723391461214,5500,1374,1368.5,1351.8,1328.5,1169.06,1.8475500624914656e-49,759.6744453099082
17,0,1.0,0.9959164201889132,0.0040835798110867285,5500,1451,1445.5,1428.8,1400.9,1244.44,3.3506101925976445e-48,745.7286581371036
17,1,0.8,0.9692014159600587,0.030798584039941308,5500,1440,1434.5,1418.0,1392.3,1237.88,1.1001682033994773e-50,747.7209134475042
20,4,0.0,0.0,1.0,5500,193,192.5,178.4,163.2,85.76,0.8803790189523852,993.4903510401787
17,2,0.5,0.7361849251299558,0.26381507487004424,5500,1440,1434.5,1418.0,1392.4,1224.84,1.9090320097565e-40,749.6817976278971
21,4,0.0,0.0,1.0,5500,170,165.0,158.8,145.9,84.14,0.9696278369026282,993.4903510401787
17,3,0.2,0.19848086962890113,0.8015191303710989,5500,978,972.5,955.8,934.8,822.22,0.0011374657504598174,830.430879959139
18,3,0.2,0.21072906717605858,0.7892709328239415,5500,1000,994.5,978.0,955.7,807.74,0.29917216255415213,828.4072535187306
18,1,0.8,0.969988344988345,0.030011655011655012,5500,1385,1379.5,1363.0,1336.2,1184.98,1.961909777295088e-43,758.6783176547078
18,0,1.0,0.9965760877450056,0.0034239122549944143,5500,1407,1401.5,1384.8,1358.1,1202.44,1.6145848583730193e-22,753.6976793787062
19,3,0.2,0.20408261057070295,0.795917389429297,5500,978,972.5,956.0,932.6,810.92,0.36927430503186087,831.4270076143393
18,2,0.5,0.7336240147576724,0.2663759852423277,5500,1451,1445.5,1429.0,1405.6,1250.2,2.3257307519171574e-34,745.7286581371036
19,0,1.0,0.9967310835496587,0.0032689164503413135,5500,1374,1368.5,1351.8,1328.5,1187.4,2.4729686151828647e-30,758.7096887847156
19,1,0.8,0.9693495419715389,0.030650458028461138,5500,1385,1379.5,1363.0,1340.7,1187.26,6.854921870206799e-37,758.6783176547078
19,2,0.5,0.7403467772697205,0.2596532227302795,5500,1385,1379.5,1363.0,1337.3,1190.6,6.670130654623049e-34,758.7096887847156
22,4,0.0,0.0,1.0,5500,192,186.0,169.6,148.6,78.24,0.9892973605419288,994.486478695379
20,0,1.0,0.9960731354576713,0.003926864542328727,5500,1396,1390.5,1374.0,1355.0,1213.72,6.65638273062393e-41,754.7251781639143
20,3,0.2,0.20633105505288174,0.7936689449471183,5500,967,961.5,944.8,920.3,799.72,0.006886908704809414,833.3878917947322
20,1,0.8,0.9698023662467766,0.03019763375322333,5500,1385,1379.5,1362.8,1340.6,1184.18,0.00011201431732832733,757.6821899995075
23,4,0.0,0.0,1.0,5500,191,186.5,178.6,166.3,84.78,0.9124110320160658,994.486478695379
20,2,0.5,0.7436167625840966,0.25638323741590335,5500,1396,1390.5,1374.0,1353.9,1207.28,1.134762609571162e-45,754.7251781639143
21,3,0.2,0.2058054969618739,0.7941945030381261,5500,967,961.5,945.0,924.8,804.28,0.3896628166153756,832.4231352695397
21,0,1.0,0.9965219897677323,0.0034780102322676722,5500,1407,1401.5,1385.0,1363.8,1209.04,7.52586847001475e-33,754.6624359038988
24,4,0.0,0.0,1.0,5500,192,187.0,180.6,166.8,87.04,0.9124147996306267,994.486478695379
21,1,0.8,0.9702021653731915,0.02979783462680847,5500,1407,1401.5,1385.0,1364.9,1205.24,1.2347659578672783e-42,753.729050508714
21,2,0.5,0.738189267084296,0.261810732915704,5500,1407,1401.5,1384.8,1356.9,1189.5,6.26006925324882e-45,753.6976793787062
22,0,1.0,0.995909961823125,0.004090038176875039,5500,1418,1412.5,1396.0,1371.4,1225.36,3.574156959970865e-06,751.7054240683055
22,1,0.8,0.96892262525592,0.03107737474408004,5500,1440,1434.5,1418.0,1390.0,1233.42,4.92006089644262e-27,747.752284577512
22,3,0.2,0.21226516498094056,0.7877348350190595,5500,956,950.5,934.0,908.4,794.2,0.08260368464140495,835.3801471051329
25,4,0.0,0.0,1.0,5500,169,164.0,154.4,143.7,69.36,0.9124146634675641,994.486478695379
22,2,0.5,0.7399425424489133,0.2600574575510866,5500,1396,1390.5,1374.0,1350.6,1191.14,0.10899528107795935,756.6860623443072
26,4,0.0,0.0,1.0,5500,204,203.5,194.0,180.5,93.38,0.9124139087102421,994.486478695379
23,0,1.0,0.9963792930042769,0.0036207069957231598,5500,1451,1445.5,1429.0,1406.7,1253.06,6.975270109170334e-29,747.6895423174965
23,1,0.8,0.9717260612376845,0.028273938762315567,5500,1407,1401.5,1384.8,1358.1,1213.86,6.55501202682637e-42,754.6938070339065
23,3,0.2,0.19953112928577138,0.8004688707142287,5500,945,939.5,922.8,901.7,782.86,2.708994827470704e-38,836.407645890341
23,2,0.5,0.7359550831163725,0.26404491688362747,5500,1429,1423.5,1407.0,1383.6,1231.28,8.8717475672743e-26,750.6779252830975
24,3,0.2,0.2078178041511499,0.7921821958488501,5500,967,961.5,945.0,918.3,791.7,0.41639925056750104,834.3840194499326
24,0,1.0,0.9959315268288939,0.004068473171106164,5500,1451,1445.5,1428.8,1405.4,1249.74,1.8764309626804124e-48,744.763901611911
24,1,0.8,0.9705629360604033,0.029437063939596674,5500,1396,1390.5,1373.8,1347.1,1187.0,6.476869646498626e-07,754.7251781639143
27,4,0.0,0.0,1.0,5500,191,186.5,178.6,167.9,83.56,0.8803347994304535,993.4903510401787
24,2,0.5,0.7339797538039543,0.2660202461960457,5500,1352,1346.5,1330.0,1308.8,1163.34,8.002317771718011e-29,763.6589559307095
25,0,1.0,0.9964662275058096,0.0035337724941904014,5500,1396,1390.5,1373.8,1350.5,1204.56,1.4074162355899824e-29,755.6899346891068
25,1,0.8,0.9716596458419687,0.02834035415803121,5500,1385,1379.5,1362.8,1340.6,1191.62,2.0608893259103256e-48,757.6821899995075
25,2,0.5,0.7422381602696947,0.2577618397303053,5500,1396,1390.5,1374.0,1350.6,1190.26,5.3268028556601825e-47,756.6546912142994
28,4,0.0,0.0,1.0,5500,170,165.0,158.8,147.0,68.34,0.9122119792028404,994.486478695379
25,3,0.2,0.21181586210487943,0.7881841378951205,5500,945,939.5,922.8,899.4,780.84,0.4045816767588501,837.3724024155335
26,3,0.2,0.21041594581275624,0.7895840541872438,5500,967,961.5,944.8,921.4,790.4,0.07673603305051341,833.3878917947322
26,0,1.0,0.9960792938903924,0.003920706109607643,5500,1396,1390.5,1373.8,1352.7,1207.54,2.1844020622187404e-36,756.6860623443072
29,4,0.0,0.0,1.0,5500,171,170.5,161.0,147.5,70.98,0.8803115363676705,993.4903510401787
26,2,0.5,0.736539956448895,0.26346004355110497,5500,1352,1346.5,1330.0,1306.5,1150.0,6.251891614977132e-43,764.6550835859098
26,1,0.8,0.9698887573045487,0.03011124269545128,5500,1429,1423.5,1407.0,1389.1,1244.72,7.177852980480146e-34,748.7484122327123
27,1,0.8,0.9713242308322333,0.028675769167766738,5500,1330,1324.5,1308.0,1283.4,1124.92,4.3516112336295226e-35,768.6082230767033
27,0,1.0,0.9966557112379635,0.0033442887620365566,5500,1385,1379.5,1363.0,1339.6,1194.46,5.170042409800467e-51,758.6783176547078
27,3,0.2,0.2045962151907382,0.7954037848092618,5500,978,972.5,956.0,932.6,809.9,7.241313361125728e-40,831.3956364843316
30,4,0.0,0.0,1.0,5500,203,197.0,187.4,176.2,90.82,0.8803116249886441,993.4903510401787
27,2,0.5,0.7315403399523126,0.26845966004768734,5500,1429,1423.5,1407.0,1389.1,1245.16,1.8760845925339153e-48,749.7131687579049
28,0,1.0,0.9965561273845915,0.003443872615408428,5500,1374,1368.5,1352.0,1326.4,1177.76,3.0150409627410467e-15,759.7058164399159
31,4,0.0,0.0,1.0,5500,181,174.5,165.2,154.1,74.72,0.880311621425112,993.4903510401787
28,3,0.2,0.21157742099284393,0.7884225790071561,5500,956,950.5,933.8,910.4,790.08,0.7202047610886763,835.3801471051329
28,1,0.8,0.9702988854873049,0.029701114512695064,5500,1385,1379.5,1363.0,1339.5,1186.86,2.5112121100444302e-29,757.6821899995075
28,2,0.5,0.7429715006815368,0.25702849931846317,5500,1440,1434.5,1418.0,1392.3,1227.92,1.6145848583744077e-22,747.7209134475042
32,4,0.0,0.0,1.0,5500,182,181.5,169.8,156.3,79.38,0.9016802462750106,993.4903510401787
29,1,0.8,0.9708372032589184,0.029162796741081527,5500,1462,1456.5,1440.0,1413.3,1252.6,8.916567614311173e-13,744.7325304819033
29,0,1.0,0.996749812489182,0.0032501875108179317,5500,1396,1390.5,1373.8,1351.6,1195.94,6.668543288418105e-42,755.6899346891068
29,3,0.2,0.20234252415695017,0.7976574758430498,5500,934,928.5,912.0,888.5,771.9,0.19478254180724663,839.3646577259342
29,2,0.5,0.7359492819749291,0.26405071802507085,5500,1418,1412.5,1395.8,1372.5,1217.58,2.4060828250090295e-48,751.7367951983133
30,0,1.0,0.9965555301819289,0.003444469818071097,5500,1396,1390.5,1373.8,1350.4,1202.58,1.570372907504997e-23,754.7251781639143
30,3,0.2,0.20819173484371722,0.7918082651562828,5500,934,928.5,912.0,888.5,772.56,0.16604074438398256,839.396028855942
33,4,0.0,0.0,1.0,5500,214,209.0,202.8,190.4,99.88,0.9145677718334121,994.486478695379
30,1,0.8,0.9678381658278095,0.032161834172190554,5500,1440,1434.5,1417.8,1393.4,1242.9,2.2210843882718986e-37,747.7209134475042
30,2,0.5,0.7413043581998388,0.2586956418001613,5500,1418,1412.5,1396.0,1369.2,1208.12,3.452807154516133e-48,752.7015517235059
31,0,1.0,0.9967571249706174,0.0032428750293825586,5500,1418,1412.5,1395.8,1372.4,1217.96,4.692502781190859e-28,750.740667543113
31,1,0.8,0.9691926089285455,0.030807391071454422,5500,1418,1412.5,1396.0,1373.7,1233.52,7.760437552423968e-31,751.7054240683055
31,3,0.2,0.20279011726811683,0.7972098827318832,5500,978,972.5,956.0,932.6,801.2,0.3853325415402314,832.3917641395319
34,4,0.0,0.0,1.0,5500,193,192.5,183.0,168.4,87.48,0.9145674531604364,994.486478695379
31,2,0.5,0.7323954530328387,0.26760454696716135,5500,1407,1401.5,1384.8,1359.3,1207.5,2.395087211602818e-30,753.729050508714
32,3,0.2,0.20625886048264266,0.7937411395173574,5500,967,961.5,945.0,919.4,796.36,0.1161061324073462,834.3840194499326
32,0,1.0,0.996226142626778,0.0037738573732219787,5500,1407,1401.5,1384.8,1361.5,1226.02,4.1085524499785654e-60,752.7329228535136
32,1,0.8,0.9706323015777429,0.029367698422257015,5500,1429,1423.5,1407.0,1380.3,1222.7,2.257138550584669e-27,750.7092964131052
35,4,0.0,0.0,1.0,5500,215,214.5,205.0,191.5,94.96,0.9793163101272812,993.4903510401787
32,2,0.5,0.7455043975079193,0.25449560249208064,5500,1385,1379.5,1362.8,1338.3,1178.12,0.11729187082733551,757.6821899995075
33,0,1.0,0.9965690901859687,0.003430909814031271,5500,1440,1434.5,1417.8,1392.2,1235.32,1.8170041545148764e-48,746.7561569223117
33,1,0.8,0.9711095262938729,0.02889047370612702,5500,1418,1412.5,1395.8,1372.4,1208.22,6.510717656747601e-53,750.740667543113
36,4,0.0,0.0,1.0,5500,171,170.5,161.0,146.8,68.7,0.9892978546706944,994.486478695379
33,3,0.2,0.20718183698471035,0.7928181630152896,5500,945,939.5,923.0,897.4,786.46,0.2301011489423586,838.3685300707339
33,2,0.5,0.7365344869021869,0.263465513097813,5500,1396,1390.5,1373.8,1347.1,1190.48,2.3586121941785495e-31,755.6899346891068
34,1,0.8,0.9701050977501224,0.02989490224987754,5500,1363,1357.5,1341.0,1322.0,1183.98,1.9037272144272976e-45,761.6667006203088
34,3,0.2,0.19786122081043955,0.8021387791895604,5500,956,950.5,934.0,912.8,785.86,0.12110586786439927,835.3801471051329
37,4,0.0,0.0,1.0,5500,215,214.5,205.0,191.5,94.04,0.9893551676930716,994.486478695379
34,0,1.0,0.9964407874279427,0.0035592125720573108,5500,1385,1379.5,1363.0,1343.9,1189.38,1.266763986986723e-37,758.6783176547078
34,2,0.5,0.7400355590486277,0.2599644409513723,5500,1341,1335.5,1319.0,1296.5,1148.22,5.802308261500777e-48,765.6512112411101
35,0,1.0,0.9955507824486038,0.004449217551396134,5500,1418,1412.5,1396.0,1371.5,1224.9,1.823723007627941e-43,751.7367951983133
38,4,0.0,0.0,1.0,5500,191,186.0,176.4,164.6,89.0,0.9893742989120703,994.486478695379
35,3,0.2,0.20574823024406627,0.7942517697559337,5500,945,939.5,923.0,900.7,789.68,0.0020975250556898575,837.4037735455413
35,1,0.8,0.969454306884841,0.030545693115159,5500,1473,1467.5,1450.8,1426.3,1269.28,3.614961978773461e-45,741.7441475163023
35,2,0.5,0.728967743174963,0.271032256825037,5500,1396,1390.5,1374.0,1349.4,1185.66,4.627084315086268e-31,755.7213058191146
36,3,0.2,0.21523439550632578,0.7847656044936742,5500,967,961.5,944.8,920.4,804.58,0.22309206252882216,833.3878917947322
36,0,1.0,0.996582485716604,0.00341751428339594,5500,1407,1401.5,1385.0,1359.3,1201.06,6.482014061742378e-05,753.6976793787062
36,1,0.8,0.9713098622348567,0.02869013776514323,5500,1396,1390.5,1373.8,1349.3,1194.48,1.070000020334172e-48,754.7251781639143
39,4,0.0,0.0,1.0,5500,182,181.5,172.0,159.1,80.14,0.989346105415422,994.486478695379
36,2,0.5,0.7375034799220498,0.26249652007795027,5500,1396,1390.5,1374.0,1346.0,1186.94,1.71904692897292e-20,756.6860623443072
37,0,1.0,0.9968379903886476,0.0031620096113523857,5500,1396,1390.5,1373.8,1347.1,1189.34,2.472968615195319e-30,754.7251781639143
37,1,0.8,0.9721729458129968,0.027827054187003174,5500,1385,1379.5,1363.0,1340.7,1196.04,5.541013261147174e-44,757.6821899995075
37,3,0.2,0.201954638434175,0.7980453615658251,5500,956,950.5,933.8,910.5,790.3,0.04955486672986781,835.4115182351406
40,4,0.0,0.0,1.0,5500,193,192.5,183.0,169.5,84.22,0.9045246120192086,993.4903510401787
37,2,0.5,0.7396955104353212,0.26030448956467883,5500,1429,1423.5,1407.0,1379.0,1223.76,2.023059314795406e-41,750.7092964131052
38,0,1.0,0.9962155230790658,0.003784476920934209,5500,1418,1412.5,1395.8,1374.7,1222.24,2.358612197509451e-31,751.7367951983133
38,1,0.8,0.9717051662992428,0.02829483370075721,5500,1385,1379.5,1362.8,1340.6,1181.74,6.7593210940526084e-40,757.6821899995075
41,4,0.0,0.0,1.0,5500,182,181.5,172.0,159.1,76.22,1.0062764875649914,994.486478695379
38,3,0.2,0.20294760520340385,0.7970523947965962,5500,978,972.5,956.0,928.1,799.5,0.361039984026925,832.3917641395319
38,2,0.5,0.7371634576306844,0.26283654236931564,5500,1396,1390.5,1373.8,1349.3,1197.52,5.004206126470688e-23,754.7251781639143
39,0,1.0,0.9965320591861899,0.003467940813810111,5500,1407,1401.5,1385.0,1363.7,1213.46,1.8194599194995722e-50,753.6976793787062
39,1,0.8,0.969741215346487,0.0302587846535129,5500,1440,1434.5,1418.0,1395.5,1236.3,1.1171411388963867e-46,746.7561569223117
39,3,0.2,0.21290742744298904,0.7870925725570109,5500,945,939.5,922.8,897.2,778.68,0.14663561033075168,837.3724024155335
42,4,0.0,0.0,1.0,5500,193,192.5,183.0,166.7,88.56,0.9145826133880753,994.486478695379
39,2,0.5,0.7383258057107862,0.2616741942892138,5500,1429,1423.5,1406.8,1383.5,1239.42,2.0570322315240907e-42,748.7484122327123
40,0,1.0,0.9964540544707339,0.0035459455292660954,5500,1396,1390.5,1373.8,1352.7,1198.8,4.484922603397243e-29,755.6899346891068
43,4,0.0,0.0,1.0,5500,160,159.5,150.0,138.7,66.78,0.9145636301318425,994.486478695379
40,3,0.2,0.21573720079787234,0.7842627992021277,5500,956,950.5,933.8,908.3,790.86,0.2201041471269637,835.3801471051329
40,1,0.8,0.9716435047332288,0.02835649526677116,5500,1451,1445.5,1429.0,1407.9,1269.1,4.090403946999831e-35,745.7286581371036
40,2,0.5,0.7366138600576944,0.26338613994230564,5500,1407,1401.5,1385.0,1359.3,1202.4,2.0904233925264167e-32,753.6976793787062
41,1,0.8,0.970998091474935,0.029001908525064977,5500,1374,1368.5,1352.0,1330.7,1182.16,1.0896543305673476e-53,758.7096887847156
41,0,1.0,0.9962092824229648,0.003790717577035214,5500,1462,1456.5,1440.0,1416.5,1255.0,2.225671753664578e-30,744.7325304819033
41,3,0.2,0.20637591909324982,0.7936240809067502,5500,956,950.5,934.0,907.2,784.22,0.002161184925873653,836.3762747603332
44,4,0.0,0.0,1.0,5500,182,181.5,172.0,158.5,73.4,0.880160798089415,993.4903510401787
41,2,0.5,0.7373442947283502,0.2626557052716499,5500,1363,1357.5,1341.0,1317.5,1168.14,2.28732073385129e-33,761.6667006203088
42,0,1.0,0.9958521833913706,0.004147816608629388,5500,1418,1412.5,1396.0,1370.3,1224.6,2.0230593191865553e-41,751.7054240683055
42,1,0.8,0.9712619080823479,0.028738091917652094,5500,1396,1390.5,1373.8,1348.3,1192.72,9.31742763415479e-17,754.7251781639143
45,4,0.0,0.0,1.0,5500,171,170.5,160.8,147.8,78.06,0.8803626866447798,993.4903510401787
42,3,0.2,0.2138798191636318,0.7861201808363683,5500,967,961.5,945.0,919.3,793.0,0.8556242554833644,833.3878917947322
42,2,0.5,0.7357656910224006,0.2642343089775994,5500,1385,1379.5,1362.8,1335.0,1182.4,1.2454522851039195e-41,757.7135611295153
43,3,0.2,0.2184438309531717,0.7815561690468283,5500,956,950.5,934.0,908.4,779.94,0.8103869799861707,836.3762747603332
43,0,1.0,0.9965669351745301,0.0034330648254698886,5500,1374,1368.5,1351.8,1328.5,1183.92,1.5670256415497769e-22,758.7096887847156
46,4,0.0,0.0,1.0,5500,182,181.5,172.0,158.0,78.82,0.9893579685739076,994.486478695379
43,1,0.8,0.9707645924593806,0.029235407540619426,5500,1407,1401.5,1385.0,1360.6,1205.7,3.466123525919581e-08,754.6938070339065
43,2,0.5,0.7394631578439461,0.2605368421560538,5500,1396,1390.5,1374.0,1349.4,1186.9,8.243180554697681e-25,755.6899346891068
44,0,1.0,0.9956996472366874,0.004300352763312616,5500,1451,1445.5,1428.8,1403.3,1257.9,2.6907285684720763e-50,745.7600292671113
44,1,0.8,0.9716906539381327,0.02830934606186727,5500,1418,1412.5,1396.0,1368.1,1209.0,1.8775033055540767e-39,752.6701805934981
44,3,0.2,0.20268027877427816,0.7973197212257218,5500,956,950.5,934.0,907.2,790.28,0.05094549116290319,835.3801471051329
47,4,0.0,0.0,1.0,5500,193,192.5,183.0,168.3,84.58,0.9893588601123242,994.486478695379
44,2,0.5,0.7338212110006034,0.2661787889993966,5500,1341,1335.5,1319.0,1297.8,1152.54,5.433997343102069e-46,765.6512112411101
45,0,1.0,0.9963239869424952,0.0036760130575047146,5500,1473,1467.5,1450.8,1426.3,1277.02,3.0656720711677224e-16,740.7793909911097
48,4,0.0,0.0,1.0,5500,191,186.5,178.6,166.2,88.46,0.9124147634442166,994.486478695379
45,3,0.2,0.20247755342916157,0.7975224465708384,5500,945,939.5,923.0,905.1,795.1,0.12110586786439927,836.407645890341
45,1,0.8,0.9717125675106293,0.028287432489370667,5500,1385,1379.5,1363.0,1337.3,1191.26,1.744735707305371e-15,757.6821899995075
45,2,0.5,0.7296013904760076,0.2703986095239924,5500,1440,1434.5,1418.0,1394.6,1243.14,5.3945514148767616e-21,748.6856699726968
46,0,1.0,0.9964258459636209,0.003574154036379092,5500,1352,1346.5,1329.8,1306.5,1157.56,8.774139747315059e-23,763.6589559307095
49,4,0.0,0.0,1.0,5500,182,181.5,172.0,156.5,75.6,0.9124138721729057,994.486478695379
46,3,0.2,0.20132466485660955,0.7986753351433905,5500,956,950.5,934.0,909.5,785.38,2.0616169704944045e-38,836.3762747603332
46,1,0.8,0.9700210007128682,0.029978999287131766,5500,1429,1423.5,1406.8,1385.7,1229.24,1.97547775807083e-45,749.7131687579049
46,2,0.5,0.7328776663960844,0.2671223336039156,5500,1418,1412.5,1396.0,1370.3,1216.78,5.480525413059087e-51,751.7367951983133
47,3,0.2,0.19777493917919742,0.8022250608208026,5500,978,972.5,955.8,932.5,807.1,4.168626637382576e-40,831.3956364843316
47,0,1.0,0.99658467638844,0.003415323611560002,5500,1396,1390.5,1374.0,1350.5,1185.82,1.823135041571727e-43,756.6860623443072
47,1,0.8,0.9704151029661098,0.029584897033890233,5500,1418,1412.5,1396.0,1370.4,1211.16,6.273060844700898e-38,752.7015517235059
50,4,0.0,0.0,1.0,5500,190,186.0,176.2,165.1,87.46,0.9145826131209696,994.486478695379
47,2,0.5,0.7407647997248784,0.25923520027512154,5500,1385,1379.5,1362.8,1335.0,1181.72,1.059158530142961e-49,757.6821899995075
48,0,1.0,0.9960593405642832,0.003940659435716792,5500,1440,1434.5,1418.0,1391.2,1233.26,1.6363998350735263e-48,747.7209134475042
48,3,0.2,0.21440409185494247,0.7855959081450575,5500,945,939.5,922.8,897.2,775.42,0.9217089097346457,837.3724024155335
51,4,0.0,0.0,1.0,5500,204,203.5,193.8,179.4,89.86,0.9792526726632239,993.4903510401787
48,1,0.8,0.9710477808123993,0.028952219187600728,5500,1462,1456.5,1440.0,1414.4,1270.04,3.5524971524546633e-56,743.7364028267029
48,2,0.5,0.7409620427287968,0.2590379572712032,5500,1352,1346.5,1330.0,1302.1,1146.24,2.125000086879094e-35,763.6589559307095
49,0,1.0,0.9964404127972901,0.003559587202709879,5500,1418,1412.5,1395.8,1370.2,1215.16,1.0378273542614079e-50,751.7054240683055
49,1,0.8,0.971689180049085,0.028310819950915028,5500,1352,1346.5,1329.8,1308.8,1168.14,1.4010441710329635e-43,763.6589559307095
49,3,0.2,0.20602124526714347,0.7939787547328565,5500,978,972.5,956.0,931.5,809.52,0.10899528107795935,831.4270076143393
52,4,0.0,0.0,1.0,5500,203,198.0,191.8,179.4,91.2,0.9893588962987343,994.486478695379
49,2,0.5,0.7379003918472662,0.2620996081527338,5500,1385,1379.5,1363.0,1345.1,1204.92,2.3333755515088557e-50,757.6821899995075
50,0,1.0,0.9965998155832181,0.0034001844167819272,5500,1374,1368.5,1352.0,1330.7,1182.12,3.380018360090194e-50,758.7096887847156
50,1,0.8,0.9693627980952656,0.030637201904734446,5500,1407,1401.5,1385.0,1361.5,1209.92,1.8199224959194717e-50,753.6976793787062
53,4,0.0,0.0,1.0,5500,171,170.5,161.0,144.8,76.08,0.8803746117122973,993.4903510401787
50,3,0.2,0.2138442392906051,0.7861557607093949,5500,978,972.5,955.8,933.6,805.84,0.12110586786439927,831.3956364843316
50,2,0.5,0.7345232476376702,0.26547675236232987,5500,1418,1412.5,1395.8,1374.7,1216.5,1.1362980422067648e-45,751.7054240683055
51,0,1.0,0.9964933123826314,0.003506687617368643,5500,1418,1412.5,1395.8,1374.8,1234.16,1.9559917797033666e-49,750.740667543113
54,4,0.0,0.0,1.0,5500,182,181.5,169.8,156.9,82.6,0.9893551284170676,994.486478695379
51,3,0.2,0.20672880970151228,0.7932711902984877,5500,956,950.5,934.0,906.0,781.84,0.07787349880097323,836.3762747603332
51,1,0.8,0.9711780051791026,0.028821994820897392,5500,1418,1412.5,1396.0,1369.3,1207.36,5.321091250191106e-19,752.7015517235059
51,2,0.5,0.7419790133242743,0.25802098667572565,5500,1396,1390.5,1373.8,1347.1,1190.3,3.614956445650083e-45,755.6899346891068
52,0,1.0,0.9964719904648391,0.003528009535160906,5500,1385,1379.5,1363.0,1340.5,1186.76,1.0877062897895824e-08,757.6821899995075
52,1,0.8,0.9687811646359971,0.03121883536400295,5500,1385,1379.5,1363.0,1345.1,1199.38,3.8550828942229795e-40,757.6821899995075
52,3,0.2,0.20859563019557975,0.7914043698044203,5500,978,972.5,956.0,930.4,808.2,0.010395505930809497,831.3956364843316
55,4,0.0,0.0,1.0,5500,203,198.0,191.8,178.4,89.4,1.0144982542940741,995.4826063505793
52,2,0.5,0.7354392463860391,0.264560753613961,5500,1363,1357.5,1341.0,1315.4,1163.68,8.204535564640152e-40,761.6980717503166
53,0,1.0,0.9961706201467929,0.0038293798532071056,5500,1429,1423.5,1407.0,1383.6,1241.0,5.814603326156358e-51,749.7131687579049
56,4,0.0,0.0,1.0,5500,182,181.5,172.0,158.0,78.42,0.8801617169038208,993.4903510401787
53,1,0.8,0.9702457459665816,0.029754254033418383,5500,1396,1390.5,1374.0,1348.4,1202.26,5.298616213449767e-49,755.7213058191146
53,2,0.5,0.7399052313260471,0.2600947686739529,5500,1385,1379.5,1362.8,1340.6,1185.86,7.41125667979477e-34,758.6783176547078
53,3,0.2,0.20730823751771932,0.7926917624822807,5500,945,939.5,923.0,898.5,784.98,0.12110586786439927,837.3724024155335
54,3,0.2,0.2114027943773996,0.7885972056226004,5500,934,928.5,911.8,886.3,776.62,0.40721988790786534,839.3646577259342
54,0,1.0,0.9963532019846258,0.0036467980153741327,5500,1396,1390.5,1374.0,1354.9,1202.22,1.7917018183538158e-51,755.6899346891068
54,1,0.8,0.9700904476367139,0.029909552363286025,5500,1396,1390.5,1374.0,1346.0,1186.38,1.6697904136977464e-19,755.6899346891068
57,4,0.0,0.0,1.0,5500,171,170.5,161.0,148.1,74.2,0.8803144642943156,993.4903510401787
54,2,0.5,0.7285329523404995,0.2714670476595005,5500,1363,1357.5,1341.0,1323.1,1186.82,1.1180239145438103e-44,760.7019440951162
55,0,1.0,0.9957414419361987,0.004258558063801293,5500,1407,1401.5,1385.0,1360.5,1205.26,9.206508956553245e-13,755.6585635590991
55,3,0.2,0.20553972089875044,0.7944602791012496,5500,934,928.5,912.0,887.5,772.82,0.38413566885654493,840.3607853811345
58,4,0.0,0.0,1.0,5500,171,170.5,161.0,147.0,71.64,0.912413783551932,994.486478695379
55,1,0.8,0.9699132334611812,0.03008676653881876,5500,1429,1423.5,1407.0,1379.1,1225.32,4.4104640420054276e-42,750.7092964131052
55,2,0.5,0.7339325604172396,0.2660674395827604,5500,1385,1379.5,1363.0,1338.6,1189.08,1.6683843613896377e-49,758.6783176547078
56,0,1.0,0.9962946786401663,0.0037053213598337406,5500,1396,1390.5,1374.0,1351.7,1196.3,6.647687539020661e-39,757.6508188694997
56,3,0.2,0.2029951752024409,0.7970048247975591,5500,967,961.5,944.8,920.4,796.62,0.011550562145343885,833.3878917947322
59,4,0.0,0.0,1.0,5500,193,192.5,183.0,169.5,79.34,0.880362715306149,993.4903510401787
56,1,0.8,0.9713651519664838,0.028634848033516225,5500,1396,1390.5,1374.0,1351.7,1187.12,7.187278953786943e-36,755.6899346891068
56,2,0.5,0.7429778675923151,0.25702213240768496,5500,1385,1379.5,1363.0,1338.4,1177.32,6.063272224457624e-45,757.7135611295153
57,0,1.0,0.9963065205222542,0.0036934794777458294,5500,1385,1379.5,1363.0,1340.7,1203.14,1.9345590985394747e-46,757.6821899995075
60,4,0.0,0.0,1.0,5500,182,181.5,172.0,157.4,75.64,0.8803143773756789,993.4903510401787
57,3,0.2,0.20431824529783454,0.7956817547021654,5500,989,983.5,967.0,941.3,809.92,0.11729187082733551,830.3995088291313
57,1,0.8,0.9708313452186444,0.02916865478135558,5500,1352,1346.5,1329.8,1307.6,1162.74,1.0484815535346414e-50,763.6589559307095
57,2,0.5,0.7386138520238101,0.2613861479761899,5500,1385,1379.5,1362.8,1334.9,1173.48,0.11729187082733551,757.6821899995075
58,0,1.0,0.9960315558409938,0.003968444159006164,5500,1385,1379.5,1362.8,1340.6,1190.98,4.5566179955481956e-32,757.6821899995075
58,1,0.8,0.9693174581733274,0.030682541826672585,5500,1484,1478.5,1462.0,1437.5,1280.1,9.627680484781144e-08,740.748019861102
61,4,0.0,0.0,1.0,5500,182,181.5,169.8,157.4,78.94,0.8803635787672591,993.4903510401787
58,3,0.2,0.2002856672560545,0.7997143327439455,5500,956,950.5,933.8,909.4,788.6,0.02194606807615338,834.4153905799403
58,2,0.5,0.7379446734494508,0.2620553265505492,5500,1407,1401.5,1385.0,1359.4,1203.28,1.999033081241636e-37,754.6938070339065
59,0,1.0,0.9966125997815511,0.0033874002184488207,5500,1363,1357.5,1340.8,1314.1,1163.02,2.7498212444112943e-21,761.6667006203088
59,3,0.2,0.20366661860437793,0.796333381395622,5500,956,950.5,934.0,912.9,789.94,0.1110928061336492,835.4115182351406
59,1,0.8,0.9689970189441293,0.03100298105587076,5500,1462,1456.5,1439.8,1417.6,1272.64,7.880449691614695e-30,742.7716463015104
62,4,0.0,0.0,1.0,5500,193,192.5,183.0,167.4,85.22,1.021410072332377,995.4826063505793
59,2,0.5,0.7360894423295714,0.26391055767042865,5500,1385,1379.5,1363.0,1345.1,1193.82,5.615105157725097e-50,756.7174334743149
60,1,0.8,0.9723556646722793,0.027644335327720697,5500,1407,1401.5,1385.0,1358.2,1188.84,3.901131353108131e-45,753.6976793787062
60,0,1.0,0.9958934602394842,0.004106539760515812,5500,1440,1434.5,1417.8,1393.3,1240.06,3.843812698110673e-41,747.7209134475042
60,3,0.2,0.21197480085385537,0.7880251991461447,5500,956,950.5,934.0,909.5,790.14,0.038004304584523925,835.4115182351406
63,4,0.0,0.0,1.0,5500,182,181.5,172.0,158.5,78.78,0.9124138721729057,994.486478695379
60,2,0.5,0.7360708419624367,0.2639291580375634,5500,1418,1412.5,1396.0,1375.8,1226.16,1.6919988543670048e-17,751.7054240683055
61,1,0.8,0.9715993948679778,0.028400605132022215,5500,1407,1401.5,1385.0,1362.7,1211.02,2.479528585291756e-30,753.6976793787062
61,0,1.0,0.9965465307023014,0.0034534692976986464,5500,1407,1401.5,1384.8,1360.3,1205.2,4.220097711953629e-37,753.6976793787062
64,4,0.0,0.0,1.0,5500,171,170.5,161.0,148.1,72.08,0.9802943790497279,994.486478695379
61,3,0.2,0.2089995599237201,0.7910004400762799,5500,978,972.5,955.8,930.2,811.42,0.43465384866061224,831.3956364843316
61,2,0.5,0.740954838957276,0.25904516104272407,5500,1418,1412.5,1396.0,1371.4,1220.18,5.567464367298304e-53,751.7054240683055
62,0,1.0,0.9965046819117289,0.003495318088271107,5500,1341,1335.5,1319.0,1295.6,1145.16,7.836907376481241e-42,766.6473388963104
65,4,0.0,0.0,1.0,5500,158,153.5,145.6,134.9,67.68,0.980345342431548,994.486478695379
62,1,0.8,0.9702544936135782,0.02974550638642187,5500,1396,1390.5,1374.0,1350.6,1196.64,2.4748391199701647e-21,755.6899346891068
62,3,0.2,0.2073696402976628,0.7926303597023372,5500,956,950.5,934.0,908.3,782.76,0.04016548951039758,836.3762747603332
62,2,0.5,0.734534162087846,0.26546583791215395,5500,1418,1412.5,1396.0,1369.2,1211.68,5.651373792824426e-47,751.7367951983133
66,4,0.0,0.0,1.0,5500,204,203.5,194.0,179.5,93.3,0.9893588877392396,994.486478695379
63,3,0.2,0.1966395519402587,0.8033604480597413,5500,934,928.5,911.8,889.6,778.4,1.6587471004492817e-38,839.3646577259342
63,0,1.0,0.9962738705170004,0.0037261294829995344,5500,1429,1423.5,1406.8,1382.4,1227.86,8.118110358449125e-34,749.7131687579049
63,1,0.8,0.9695066487633733,0.03049335123662667,5500,1407,1401.5,1385.0,1367.1,1227.08,2.0570322325788446e-42,752.7329228535136
63,2,0.5,0.7364594918401344,0.26354050815986557,5500,1385,1379.5,1362.8,1337.2,1183.92,1.5419365332278268e-25,758.6783176547078
64,0,1.0,0.9965058551191649,0.0034941448808351004,5500,1418,1412.5,1396.0,1373.5,1221.36,5.970644372779314e-46,751.7054240683055
64,3,0.2,0.2128348435398267,0.7871651564601733,5500,967,961.5,945.0,919.3,800.84,0.13067049703201677,834.3840194499326
64,1,0.8,0.9701053756872328,0.029894624312767258,5500,1462,1456.5,1440.0,1413.3,1260.06,1.7123477064907097e-45,744.7325304819033
67,4,0.0,0.0,1.0,5500,180,175.0,165.4,154.6,71.9,1.0213609548799636,995.4826063505793
64,2,0.5,0.7356568261974379,0.2643431738025621,5500,1418,1412.5,1396.0,1369.2,1206.12,7.426563303714353e-27,751.7367951983133
65,0,1.0,0.9963060201234872,0.003693979876512767,5500,1418,1412.5,1396.0,1378.1,1234.14,8.62923043849654e-22,751.7054240683055
65,3,0.2,0.21205542363593666,0.7879445763640633,5500,923,917.5,901.0,874.2,764.14,0.051995805289297294,841.3569130363348
68,4,0.0,0.0,1.0,5500,204,203.5,194.0,180.5,94.4,0.9124139087102421,994.486478695379
65,1,0.8,0.9714700755374782,0.02852992446252179,5500,1363,1357.5,1340.8,1317.5,1168.34,2.589482508043017e-27,761.6667006203088
65,2,0.5,0.7371068457909161,0.2628931542090839,5500,1418,1412.5,1396.0,1368.0,1197.9,1.1878593740696391e-42,751.7367951983133
66,0,1.0,0.9965314483638862,0.003468551636113858,5500,1418,1412.5,1395.8,1374.7,1221.28,9.048017353466202e-50,750.740667543113
66,1,0.8,0.9713102333569047,0.028689766643095263,5500,1407,1401.5,1385.0,1360.5,1203.94,6.075442274621711e-38,754.6624359038988
66,3,0.2,0.19609936423461177,0.8039006357653883,5500,956,950.5,933.8,908.3,796.46,0.1288424329726794,835.3801471051329
69,4,0.0,0.0,1.0,5500,193,192.5,183.0,169.5,92.58,0.9045246120192086,993.4903510401787
66,2,0.5,0.7402661480388588,0.25973385196114124,5500,1385,1379.5,1362.8,1337.2,1181.88,6.348574496837429e-42,757.6821899995075
67,0,1.0,0.996419289633266,0.0035807103667340454,5500,1429,1423.5,1406.8,1382.3,1211.62,6.156680875732249e-44,749.7131687579049
67,3,0.2,0.1940799708182686,0.8059200291817313,5500,967,961.5,945.0,924.8,801.96,2.5528316942335525e-39,832.4231352695397
70,4,0.0,0.0,1.0,5500,182,181.5,172.0,156.6,71.12,0.9803426022513606,994.486478695379
67,1,0.8,0.9709322524609149,0.029067747539085118,5500,1429,1423.5,1407.0,1386.9,1234.5,4.426055460971768e-31,749.7445398879127
67,2,0.5,0.7356982227058397,0.2643017772941603,5500,1407,1401.5,1385.0,1358.2,1192.26,2.8793790462729307e-18,754.6938070339065
68,0,1.0,0.9964880289062236,0.003511971093776382,5500,1396,1390.5,1374.0,1348.3,1195.1,6.878027780856129e-32,755.7213058191146
71,4,0.0,0.0,1.0,5500,160,159.5,149.6,134.8,67.18,1.0214062217606872,995.4826063505793
68,1,0.8,0.9718445665798863,0.028155433420113778,5500,1385,1379.5,1362.8,1341.7,1188.48,2.707943947702572e-22,757.6821899995075
68,3,0.2,0.2022757937344521,0.797724206265548,5500,978,972.5,956.0,930.4,808.46,0.0011744528917801362,831.3956364843316
69,0,1.0,0.9962821139667617,0.0037178860332382885,5500,1451,1445.5,1428.8,1404.3,1247.72,1.3034626612250688e-34,744.763901611911
68,2,0.5,0.7365348327091256,0.26346516729087444,5500,1374,1368.5,1351.8,1328.5,1163.4,1.4280471165652926e-30,760.6705729651085
72,4,0.0,0.0,1.0,5500,160,159.5,150.6,138.2,70.54,0.9123249147697549,994.486478695379
69,3,0.2,0.2081569814471727,0.7918430185528272,5500,945,939.5,922.8,899.5,786.86,0.006684047899670961,836.407645890341
69,1,0.8,0.971905835715209,0.028094164284790946,5500,1396,1390.5,1374.0,1349.5,1201.16,3.3762203426711002e-49,755.6899346891068
69,2,0.5,0.7373758336713613,0.26262416632863866,5500,1440,1434.5,1417.8,1392.2,1228.74,1.4322342004864373e-29,747.7209134475042
70,1,0.8,0.9725797101449275,0.027420289855072465,5500,1385,1379.5,1363.0,1342.9,1198.44,1.3225697188008796e-35,757.6821899995075
70,0,1.0,0.9965120797672192,0.0034879202327807632,5500,1440,1434.5,1418.0,1394.5,1242.46,1.6928673951406297e-21,747.7209134475042
73,4,0.0,0.0,1.0,5500,171,170.5,161.0,148.1,72.92,0.9124138713217372,994.486478695379
70,3,0.2,0.19426180833819273,0.8057381916618073,5500,945,939.5,922.8,900.6,787.76,1.1393243410595775e-38,837.3724024155335
70,2,0.5,0.739501252397825,0.260498747602175,5500,1363,1357.5,1341.0,1313.0,1156.4,2.694453685634374e-39,762.6628282755091
71,0,1.0,0.996631197994119,0.0033688020058809656,5500,1418,1412.5,1396.0,1368.0,1200.5,6.361686742670171e-35,751.7054240683055
71,1,0.8,0.9696709722255505,0.030329027774449423,5500,1407,1401.5,1385.0,1362.7,1207.02,4.036715101904128e-37,753.6976793787062
71,3,0.2,0.20267134347830737,0.7973286565216926,5500,945,939.5,923.0,898.5,777.48,0.10899528107795935,838.3685300707339
74,4,0.0,0.0,1.0,5500,182,181.5,172.0,158.5,76.74,0.8803144651454841,993.4903510401787
71,2,0.5,0.7404276669454067,0.25957233305459326,5500,1418,1412.5,1396.0,1368.1,1212.06,6.156680817481359e-44,752.7015517235059
72,0,1.0,0.996521891197373,0.003478108802627041,5500,1385,1379.5,1363.0,1339.6,1189.22,3.848840424761289e-43,758.6783176547078
72,1,0.8,0.9706589683407955,0.029341031659204497,5500,1385,1379.5,1363.0,1336.2,1188.38,7.092404722453226e-30,757.7135611295153
75,4,0.0,0.0,1.0,5500,193,192.5,183.0,169.5,84.36,0.9124147912544173,994.486478695379
72,3,0.2,0.20394329545335307,0.7960567045466469,5500,989,983.5,967.0,940.2,810.54,0.03312668871075371,830.3681376991235
72,2,0.5,0.7371226005594675,0.26287739944053246,5500,1418,1412.5,1395.8,1374.7,1221.08,1.2795343570601459e-49,750.740667543113
73,1,0.8,0.9706248492159228,0.0293751507840772,5500,1407,1401.5,1385.0,1365.9,1208.32,1.8254889734714526e-14,753.6976793787062
73,0,1.0,0.9962795692738448,0.0037204307261552035,5500,1429,1423.5,1407.0,1380.2,1225.68,1.207806923913061e-43,750.7092964131052
76,4,0.0,0.0,1.0,5500,182,181.5,172.0,158.5,80.08,0.9801435530016673,994.486478695379
73,3,0.2,0.2067645552510837,0.7932354447489163,5500,967,961.5,945.0,919.3,794.64,0.11013274682841917,834.3840194499326
73,2,0.5,0.7269313563657777,0.2730686436342224,5500,1451,1445.5,1429.0,1407.9,1253.7,1.877503492917607e-39,745.7286581371036
74,0,1.0,0.9962928995510933,0.003707100448906695,5500,1429,1423.5,1407.0,1388.0,1240.06,1.9948558194454826e-44,748.7484122327123
77,4,0.0,0.0,1.0,5500,193,192.5,183.0,169.5,85.04,1.00376847513723,994.486478695379
74,1,0.8,0.9707863438666718,0.0292136561333282,5500,1418,1412.5,1395.8,1372.5,1222.04,7.750300121300371e-29,750.740667543113
74,3,0.2,0.1981355083960687,0.8018644916039313,5500,945,939.5,923.0,901.7,787.88,0.19915214491458202,836.407645890341
74,2,0.5,0.7425164273545874,0.2574835726454125,5500,1407,1401.5,1385.0,1359.5,1202.4,6.1755005785093215e-37,755.6585635590991
75,0,1.0,0.9966763366698046,0.0033236633301953855,5500,1385,1379.5,1363.0,1338.5,1183.86,7.09012832314828e-37,757.6821899995075
75,1,0.8,0.9710290191694214,0.02897098083057855,5500,1429,1423.5,1406.8,1385.8,1228.8,3.1610181025094968e-43,748.7484122327123
75,3,0.2,0.20621284310831892,0.7937871568916811,5500,1000,994.5,977.8,952.3,830.82,0.11729187082733551,827.4111258635303
78,4,0.0,0.0,1.0,5500,191,186.0,169.8,151.7,73.84,1.0031201490533257,993.4903510401787
75,2,0.5,0.7348913866291047,0.26510861337089525,5500,1440,1434.5,1417.8,1392.3,1241.72,1.961909777290261e-43,747.7209134475042
76,0,1.0,0.9962414125385327,0.0037585874614672874,5500,1451,1445.5,1428.8,1406.6,1253.68,3.3126052919289775e-50,746.7247857923039
76,1,0.8,0.9720094909238218,0.027990509076178168,5500,1418,1412.5,1396.0,1371.4,1210.58,1.686280468517471e-46,752.6701805934981
76,3,0.2,0.20496415713848332,0.7950358428615167,5500,956,950.5,934.0,912.7,802.74,0.011617349576757576,834.4153905799403
79,4,0.0,0.0,1.0,5500,160,159.5,150.6,141.5,72.96,0.9124019779077931,994.486478695379
76,2,0.5,0.7406026288412482,0.2593973711587518,5500,1407,1401.5,1385.0,1361.5,1194.84,2.093833914669926e-34,753.729050508714
77,0,1.0,0.9964270539611418,0.0035729460388582023,5500,1385,1379.5,1363.0,1340.7,1197.76,1.8489108145729293e-40,757.6821899995075
77,3,0.2,0.20927180133354334,0.7907281986664566,5500,945,939.5,922.8,896.1,779.8,0.19011747454296615,837.3724024155335
77,1,0.8,0.9697323031220819,0.03026769687791803,5500,1407,1401.5,1385.0,1359.3,1206.86,5.2987198363403616e-49,753.729050508714
80,4,0.0,0.0,1.0,5500,182,181.5,169.8,158.0,85.22,0.8810542757541212,993.4903510401787
77,2,0.5,0.7387645848951425,0.2612354151048575,5500,1363,1357.5,1341.0,1323.1,1180.62,2.2873201446708585e-33,760.7019440951162
78,0,1.0,0.9961459899024936,0.0038540100975064553,5500,1451,1445.5,1428.8,1404.4,1252.36,3.3577678304516204e-49,745.7600292671113
81,4,0.0,0.0,1.0,5500,193,192.5,183.0,169.5,83.96,0.9145788819599245,994.486478695379
78,3,0.2,0.21170192670948243,0.7882980732905176,5500,934,928.5,912.0,887.5,776.2,0.3614155753572365,839.396028855942
78,1,0.8,0.9722004754929037,0.02779952450709637,5500,1429,1423.5,1407.0,1381.4,1223.98,1.9347173555618054e-46,750.7092964131052
78,2,0.5,0.7357642573501519,0.264235742649848,5500,1385,1379.5,1362.8,1341.7,1194.12,9.769179592292974e-16,756.7174334743149
79,0,1.0,0.9965660323365289,0.003433967663471169,5500,1407,1401.5,1384.8,1361.5,1211.58,6.960893256744916e-36,752.7329228535136
82,4,0.0,0.0,1.0,5500,193,192.5,180.6,166.0,79.34,0.8803025747110094,993.4903510401787
79,1,0.8,0.970049932922311,0.02995006707768904,5500,1396,1390.5,1374.0,1351.5,1197.18,2.121146581338941e-40,755.6899346891068
79,2,0.5,0.7380085612184448,0.2619914387815552,5500,1385,1379.5,1363.0,1337.3,1179.72,3.0656720711677224e-16,757.6821899995075
79,3,0.2,0.20686804217089536,0.7931319578291046,5500,934,928.5,911.8,889.6,781.86,2.99571695806611e-38,839.3646577259342
80,3,0.2,0.21457628882068355,0.7854237111793164,5500,978,972.5,956.0,929.2,810.5,0.36862786157945343,832.3917641395319
80,0,1.0,0.9964738060974564,0.003526193902543625,5500,1418,1412.5,1396.0,1370.3,1210.92,0.038004304584523925,751.7054240683055
80,1,0.8,0.9724605828953655,0.027539417104634496,5500,1407,1401.5,1385.0,1358.3,1201.08,1.5464575448883978e-24,755.6585635590991
83,4,0.0,0.0,1.0,5500,159,154.0,147.8,136.0,69.48,0.8803143651688315,993.4903510401787
80,2,0.5,0.743107345977203,0.25689265402279704,5500,1385,1379.5,1362.8,1341.7,1187.7,0.12110586786439927,756.7174334743149
81,0,1.0,0.9960003845784059,0.003999615421594077,5500,1440,1434.5,1417.8,1394.4,1245.8,1.1596948160526202e-54,746.7561569223117
81,1,0.8,0.9722785859220943,0.027721414077905748,5500,1418,1412.5,1396.0,1368.1,1203.44,1.768028368554214e-45,752.7015517235059
81,3,0.2,0.216581879466933,0.783418120533067,5500,945,939.5,923.0,899.6,784.78,0.8069543826528134,837.3724024155335
84,4,0.0,0.0,1.0,5500,204,203.5,191.8,179.4,84.18,0.8801617258980623,993.4903510401787
81,2,0.5,0.7368024711491419,0.26319752885085806,5500,1407,1401.5,1385.0,1361.6,1212.52,2.287320144674367e-33,753.729050508714
82,0,1.0,0.9961499590933154,0.0038500409066846335,5500,1429,1423.5,1406.8,1382.3,1212.64,1.2248841889704281e-40,749.7131687579049
82,3,0.2,0.21801360856588256,0.7819863914341174,5500,945,939.5,923.0,897.4,783.26,0.9418883537813795,837.3724024155335
85,4,0.0,0.0,1.0,5500,182,181.5,172.0,157.4,79.66,0.9124137844031005,994.486478695379
82,1,0.8,0.9704879183716546,0.029512081628345413,5500,1418,1412.5,1396.0,1371.4,1207.88,7.192677936015652e-27,752.7015517235059
82,2,0.5,0.7422033550284839,0.25779664497151616,5500,1407,1401.5,1384.8,1356.9,1195.94,1.3866940118836873e-34,752.7329228535136
83,0,1.0,0.9960831937331099,0.003916806266890027,5500,1407,1401.5,1384.8,1359.2,1209.5,7.553325005084324e-49,753.729050508714
83,1,0.8,0.9701954545672351,0.029804545432764874,5500,1407,1401.5,1384.8,1359.3,1207.4,2.2873201446719653e-33,753.6976793787062
83,3,0.2,0.2043140520258021,0.7956859479741979,5500,1011,1005.5,988.8,965.5,840.36,0.68923788038014,825.4188705531296
86,4,0.0,0.0,1.0,5500,193,192.5,180.6,167.3,85.02,0.9893579963841083,994.486478695379
83,2,0.5,0.734954661840864,0.265045338159136,5500,1385,1379.5,1363.0,1339.6,1196.52,0.003368297998130615,757.7135611295153
84,0,1.0,0.9965948605479966,0.003405139452003405,5500,1396,1390.5,1374.0,1353.8,1206.12,1.7447357077906657e-15,754.7251781639143
84,1,0.8,0.9721382320564158,0.027861767943584245,5500,1396,1390.5,1374.0,1347.2,1195.66,3.4584614748601175e-48,755.7213058191146
87,4,0.0,0.0,1.0,5500,193,192.5,183.0,168.3,80.42,0.9893579688410133,994.486478695379
84,3,0.2,0.21804106185432195,0.7819589381456781,5500,956,950.5,934.0,908.3,786.1,0.12098625469423215,835.4115182351406
84,2,0.5,0.7364789791611072,0.2635210208388928,5500,1363,1357.5,1341.0,1319.8,1165.88,6.2518920448895e-43,761.6980717503166
85,0,1.0,0.9962142685563296,0.00378573144367043,5500,1407,1401.5,1384.8,1359.3,1211.2,4.087274689976598e-37,752.7329228535136
85,1,0.8,0.9704717701098668,0.0295282298901331,5500,1429,1423.5,1407.0,1383.5,1227.68,3.1654245786495424e-25,750.6779252830975
88,4,0.0,0.0,1.0,5500,182,181.5,172.0,159.1,77.14,0.8801617169038208,993.4903510401787
85,3,0.2,0.21688796680497927,0.7831120331950208,5500,956,950.5,933.8,909.3,790.46,0.05623891462953877,835.3801471051329
85,2,0.5,0.7429399820469372,0.2570600179530628,5500,1374,1368.5,1351.8,1328.4,1174.18,1.2647127188320322e-40,759.6744453099082
86,0,1.0,0.9962307511093803,0.0037692488906196663,5500,1440,1434.5,1418.0,1396.8,1255.06,7.642253089840131e-32,748.7170411027046
86,3,0.2,0.20816117339983725,0.7918388266001627,5500,967,961.5,945.0,923.9,796.68,0.021675215954057442,834.3840194499326
89,4,0.0,0.0,1.0,5500,193,192.5,182.8,168.4,78.68,0.980297247867937,994.486478695379
86,1,0.8,0.97225,0.02775,5500,1352,1346.5,1330.0,1304.3,1145.82,6.75052995839167e-38,764.623712455902
86,2,0.5,0.7376384541007305,0.2623615458992696,5500,1341,1335.5,1318.8,1297.7,1148.24,1.2842823849760205e-39,765.6512112411101
87,0,1.0,0.9960644024244045,0.003935597575595474,5500,1385,1379.5,1363.0,1337.5,1190.4,1.8421336687082985e-50,758.6783176547078
87,3,0.2,0.20168850010439363,0.7983114998956063,5500,956,950.5,934.0,912.8,785.9,0.07220817871059546,836.3762747603332
90,4,0.0,0.0,1.0,5500,204,203.5,191.8,179.4,96.9,1.0038321185897545,994.486478695379
87,1,0.8,0.9706271957611012,0.02937280423889881,5500,1429,1423.5,1407.0,1384.7,1233.26,3.0656720711677224e-16,749.7131687579049
87,2,0.5,0.742248996367351,0.25775100363264897,5500,1363,1357.5,1340.8,1319.7,1167.88,2.0861148187582875e-39,761.6667006203088
88,1,0.8,0.9714326909213246,0.028567309078675447,5500,1451,1445.5,1429.0,1406.7,1251.04,5.664126188947818e-50,745.7286581371036
88,0,1.0,0.9964413485017699,0.003558651498230139,5500,1396,1390.5,1373.8,1352.8,1203.26,3.775266900085186e-42,755.7213058191146
91,4,0.0,0.0,1.0,5500,193,192.5,180.8,168.4,81.96,0.9893097740336441,994.486478695379
88,3,0.2,0.20175633379858732,0.7982436662014126,5500,967,961.5,945.0,918.2,799.24,0.5702179428073364,834.3840194499326
88,2,0.5,0.7447761547385118,0.2552238452614882,5500,1363,1357.5,1341.0,1320.9,1170.72,1.3285157826219213e-43,760.7019440951162
89,0,1.0,0.9960081755635094,0.003991824436490649,5500,1418,1412.5,1395.8,1372.5,1223.54,3.808445365215126e-45,751.7054240683055
89,3,0.2,0.21006346422830421,0.7899365357716958,5500,956,950.5,934.0,912.8,795.6,0.4683626611142992,835.4115182351406
89,1,0.8,0.9707322716230286,0.029267728376971426,5500,1363,1357.5,1341.0,1314.3,1167.02,1.877503305612057e-39,762.6628282755091
92,4,0.0,0.0,1.0,5500,182,181.5,172.0,158.5,78.24,0.9145637214651798,994.486478695379
89,2,0.5,0.7347031591848068,0.26529684081519317,5500,1374,1368.5,1352.0,1333.0,1188.5,2.7114859518607017e-24,758.7096887847156
90,0,1.0,0.996688630806261,0.0033113691937390237,5500,1363,1357.5,1341.0,1315.3,1156.82,4.15366045009159e-34,762.6628282755091
90,3,0.2,0.21510780467162285,0.7848921953283772,5500,945,939.5,923.0,898.4,776.84,0.584113433797737,838.3685300707339
93,4,0.0,0.0,1.0,5500,193,192.5,180.8,168.4,90.12,0.8803636065774598,993.4903510401787
90,1,0.8,0.9717285906182445,0.028271409381755503,5500,1396,1390.5,1374.0,1349.5,1181.18,3.1636151722275145e-05,755.6899346891068
90,2,0.5,0.7374434727270974,0.2625565272729026,5500,1407,1401.5,1384.8,1360.3,1209.48,1.8090465088969552e-51,753.6976793787062
91,0,1.0,0.9962686208322514,0.003731379167748574,5500,1451,1445.5,1429.0,1408.8,1243.1,2.2903119708016286e-35,745.7286581371036
91,3,0.2,0.2083473154362416,0.7916526845637584,5500,945,939.5,923.0,904.0,789.44,0.7381991308090489,836.407645890341
91,1,0.8,0.9711754327771288,0.028824567222871206,5500,1396,1390.5,1374.0,1355.0,1210.56,8.115455438041194e-26,754.7251781639143
94,4,0.0,0.0,1.0,5500,182,181.5,172.0,158.0,75.78,0.9893069336096983,994.486478695379
91,2,0.5,0.7363372911862578,0.2636627088137422,5500,1396,1390.5,1373.8,1347.1,1204.66,1.845099820243722e-47,754.7251781639143
92,1,0.8,0.9708534875821121,0.029146512417887883,5500,1418,1412.5,1395.8,1370.3,1221.06,1.0252679159733484e-51,750.740667543113
92,0,1.0,0.9964828828828829,0.003517117117117117,5500,1396,1390.5,1373.8,1347.1,1190.26,9.607836973275725e-15,756.6860623443072
92,3,0.2,0.21112478255335398,0.788875217446646,5500,923,917.5,900.8,875.2,768.86,0.617574972556427,841.3569130363348
95,4,0.0,0.0,1.0,5500,182,181.5,172.0,155.5,72.52,1.000070797500882,993.4903510401787
92,2,0.5,0.7364703201549504,0.26352967984504955,5500,1440,1434.5,1418.0,1392.3,1243.16,5.131937646261673e-49,747.7209134475042
93,0,1.0,0.9966084482213514,0.0033915517786485528,5500,1407,1401.5,1384.8,1361.5,1196.46,4.556836435633637e-32,753.6976793787062
96,4,0.0,0.0,1.0,5500,180,175.5,167.6,156.3,81.54,0.9793100675404318,993.4903510401787
93,1,0.8,0.97084659940926,0.02915340059073996,5500,1429,1423.5,1406.8,1384.6,1225.3,1.4512831110592843e-27,748.7484122327123
93,3,0.2,0.20624453801541273,0.7937554619845872,5500,956,950.5,933.8,910.5,788.38,1.1061050734356311e-38,835.3801471051329
93,2,0.5,0.73788466286179,0.26211533713820995,5500,1330,1324.5,1308.0,1282.4,1136.16,7.51603745560617e-31,767.6434665515108
97,4,0.0,0.0,1.0,5500,204,203.5,191.8,179.4,95.84,0.8803787479891395,993.4903510401787
94,0,1.0,0.9966493550008376,0.0033506449991623386,5500,1385,1379.5,1362.8,1334.9,1170.48,0.07220817871059546,757.6821899995075
94,3,0.2,0.20772776172295232,0.7922722382770477,5500,956,950.5,933.8,909.4,795.46,0.02568862140740962,835.3801471051329
94,1,0.8,0.9714505283381364,0.02854947166186359,5500,1440,1434.5,1418.0,1395.7,1240.68,7.991864373350725e-27,748.7170411027046
94,2,0.5,0.7375668929523665,0.26243310704763345,5500,1451,1445.5,1429.0,1404.4,1231.34,1.1216083261276797e-06,745.7600292671113
95,0,1.0,0.9961397376558029,0.003860262344197123,5500,1429,1423.5,1407.0,1381.4,1223.1,9.329614875863117e-19,750.7092964131052
95,1,0.8,0.97151874374567,0.02848125625432992,5500,1396,1390.5,1374.0,1348.3,1195.52,1.8231349378009565e-43,756.6860623443072
98,4,0.0,0.0,1.0,5500,193,192.5,183.0,168.2,81.54,0.989358772342519,994.486478695379
95,3,0.2,0.21157479323229356,0.7884252067677064,5500,934,928.5,912.0,886.3,767.8,0.08294171683868529,840.3607853811345
95,2,0.5,0.7376256655709974,0.26237433442900254,5500,1374,1368.5,1352.0,1330.9,1182.4,9.31742763415479e-17,759.6744453099082
96,1,0.8,0.9724441201321146,0.027555879867885397,5500,1352,1346.5,1329.8,1308.7,1166.32,1.543161254773827e-23,762.6941994055169
96,0,1.0,0.9964027566041638,0.0035972433958362388,5500,1363,1357.5,1341.0,1320.8,1170.5,1.7991162821946506e-13,761.6667006203088
99,4,0.0,0.0,1.0,5500,182,181.5,172.0,156.6,73.54,0.9145637214651798,994.486478695379
96,3,0.2,0.20920513103941973,0.7907948689605803,5500,956,950.5,934.0,906.1,784.6,0.5647558527960672,836.3762747603332
96,2,0.5,0.7336841093652395,0.26631589063476047,5500,1385,1379.5,1362.8,1340.6,1190.3,1.7380936769255064e-53,756.7174334743149
97,0,1.0,0.996616002845634,0.003383997154366029,5500,1363,1357.5,1341.0,1318.7,1166.68,1.5946581139971803e-22,761.6667006203088
97,3,0.2,0.20727773058220803,0.792722269417792,5500,967,961.5,944.8,923.7,808.12,4.782931922962919e-40,832.4231352695397
97,2,0.5,0.7290968779311269,0.2709031220688731,5500,1363,1357.5,1341.0,1318.7,1166.56,3.4975261542590467e-47,761.6667006203088
97,1,0.8,0.9719615904348532,0.028038409565146805,5500,1352,1346.5,1329.8,1308.7,1157.94,7.177852980478294e-34,762.6941994055169
98,0,1.0,0.9958759906535303,0.0041240093464697805,5500,1407,1401.5,1385.0,1361.7,1213.02,9.461518017535357e-16,754.6938070339065
98,1,0.8,0.9717792298603911,0.028220770139608903,5500,1341,1335.5,1319.0,1295.6,1140.12,7.870155489073718e-28,766.6473388963104
98,3,0.2,0.20849666771960168,0.7915033322803984,5500,989,983.5,967.0,942.5,820.8,0.7381991308090489,829.4033811739309
98,2,0.5,0.7340455696689206,0.26595443033107935,5500,1374,1368.5,1352.0,1329.6,1195.48,6.06399007161158e-45,758.7096887847156
99,0,1.0,0.9964461007962655,0.0035538992037344756,5500,1374,1368.5,1352.0,1326.3,1174.66,3.25975429881166e-12,760.6705729651085
99,3,0.2,0.21129606921631677,0.7887039307836832,5500,945,939.5,922.8,898.3,782.88,0.6859555328380692,837.3724024155335
99,1,0.8,0.9697639660202751,0.03023603397972486,5500,1385,1379.5,1363.0,1343.9,1190.26,6.3832988355489e-06,756.7174334743149
99,2,0.5,0.7310856054337996,0.26891439456620037,5500,1396,1390.5,1373.8,1348.2,1201.08,7.236928137684233e-53,755.6899346891068
