0.0,0.0,0.29806,0.0,1.8203799999999983,0.0,0.0,0.0,0.0,0.0,0.0,0.0,0.34365,1.0396599999999998,0.47141999999999995,0.7776099999999999,2.531699999999999,7.440449999999997,7.975919999999996,7.610739999999996,8.071829999999997,7.514829999999996,8.341099999999996,7.898469999999996,8.053369999999996,7.644589999999996,7.975919999999996,8.167739999999997,7.9359299999999955,7.607669999999996,7.821019999999996,8.167739999999997,7.645129999999997,8.341099999999996,8.149279999999996,7.802559999999996,7.898469999999996,7.499439999999996,7.994379999999996,7.898469999999996,8.108749999999995,8.090289999999996,8.071829999999997,8.167739999999997,8.341099999999996,8.031299999999996,8.071829999999997,8.514459999999996,8.071829999999997,8.071829999999997,
0.0,0.0,0.0,0.0,0.0,0.0,0.0,0.0,0.0,0.0,0.09311,0.0,1.5735900000000003,0.76824,0.7964899999999999,1.9624900000000003,0.50943,6.479670000000002,8.062540000000006,8.248760000000004,8.248760000000004,8.177590000000006,8.248760000000004,8.177590000000006,8.084480000000006,8.248760000000004,8.084480000000006,8.248760000000004,8.177590000000006,8.248760000000004,8.155650000000005,8.062540000000006,8.084480000000006,8.248760000000004,8.177590000000006,8.155650000000005,8.084480000000006,8.248760000000004,8.248760000000004,8.084480000000006,8.155650000000005,8.177590000000006,8.248760000000004,8.248760000000004,8.155650000000005,8.155650000000005,8.084480000000006,8.248760000000004,8.248760000000004,8.177590000000006,
0.0,0.0,0.0,0.0,0.0,0.0,0.0,0.0,0.0,0.82193,0.67399,0.0,0.0,0.07257,0.8648399999999998,2.1147700000000005,1.5232000000000003,5.532159999999991,6.20212999999999,6.475569999999989,6.252849999999989,6.4587299999999885,6.531299999999988,6.531299999999988,6.4587299999999885,6.21896999999999,6.32541999999999,6.4587299999999885,6.419839999999989,6.402999999999989,6.2746999999999895,6.475569999999989,6.16323999999999,6.4587299999999885,6.402999999999989,6.386159999999989,6.2746999999999895,6.402999999999989,6.269689999999989,6.475569999999989,6.4587299999999885,6.531299999999988,6.419839999999989,6.2746999999999895,6.3641099999999895,6.386159999999989,6.347269999999989,6.386159999999989,6.2746999999999895,6.347269999999989,
0.0,0.0,0.76821,0.0,0.0,0.0,0.0,0.0,0.0,0.0,1.2421200000000003,0.16197999999999999,1.3844600000000002,0.0,0.35283000000000003,0.7204900000000002,1.0216099999999997,4.392099999999994,6.531299999999988,6.347269999999989,6.402999999999989,6.531299999999988,6.4587299999999885,6.313589999999989,6.4587299999999885,6.531299999999988,6.313589999999989,6.11271999999999,6.12955999999999,6.330429999999989,6.419839999999988,6.402999999999989,6.475569999999989,6.330429999999989,6.4587299999999885,6.330429999999989,6.241019999999989,6.475569999999989,6.402999999999989,6.475569999999989,6.330429999999989,6.330429999999989,6.402999999999989,6.330429999999989,6.347269999999989,6.347269999999989,6.1852899999999895,6.2746999999999895,6.291539999999989,6.4587299999999885,
0.0,0.0,0.0,0.0,0.0,0.0,0.0,0.0,0.0,0.0,0.0,0.0,0.09942000000000001,1.5818200000000004,1.70711,1.1313600000000001,1.5180500000000001,7.575050000000006,8.013310000000006,8.248760000000004,8.155650000000005,8.248760000000004,8.248760000000004,8.084480000000006,8.155650000000005,8.248760000000004,8.248760000000004,8.248760000000004,8.062540000000006,8.248760000000004,8.188790000000004,7.953340000000006,8.155650000000005,8.062540000000006,8.248760000000004,8.155650000000005,8.084480000000006,8.248760000000004,7.898260000000006,8.106420000000005,8.248760000000004,8.248760000000004,8.177590000000006,8.248760000000004,8.155650000000005,8.062540000000006,8.155650000000005,8.248760000000004,8.084480000000006,8.155650000000005,
0.0,0.0,0.0,0.0,0.0,0.2662,0.0,0.0,0.0,0.0,0.0,0.0,1.4356199999999995,0.7130199999999999,1.5725999999999993,1.8429499999999992,1.881319999999999,7.592279999999996,7.975919999999996,7.316329999999997,8.186199999999996,8.130819999999996,7.916929999999996,7.935389999999996,8.053369999999996,8.146209999999996,8.341099999999996,8.071829999999997,7.876939999999996,8.341099999999996,7.706649999999996,7.706649999999996,7.938999999999996,7.9538499999999965,7.802559999999996,8.245189999999996,7.762029999999997,8.437009999999995,7.802559999999996,7.916929999999996,7.152719999999997,8.012839999999997,7.975919999999996,7.706649999999996,7.821019999999996,8.034909999999996,7.762569999999997,8.263649999999995,8.071829999999997,8.090289999999996,
0.47186,0.0,0.0,0.0,0.0,0.0,0.0,0.0,0.0,0.0,0.0,1.0982599999999998,0.03314,0.06628,1.25623,2.0390099999999993,2.744069999999999,8.193680000000006,8.226820000000005,6.890140000000004,7.262580000000005,8.177590000000006,7.953340000000007,8.248760000000004,7.931400000000007,8.248760000000004,8.106420000000005,8.177590000000006,8.155650000000005,7.991370000000006,8.177590000000006,8.084480000000006,8.248760000000004,8.155650000000005,8.177590000000006,8.248760000000004,8.177590000000006,8.177590000000006,8.155650000000005,7.991370000000007,8.248760000000004,8.084480000000006,8.248760000000004,8.062540000000006,8.084480000000006,8.062540000000006,8.106420000000005,8.155650000000005,8.248760000000004,8.062540000000006,
0.0,0.0,0.0,0.0,0.0,0.0,0.0,0.0,0.0,0.0,0.0,0.0,0.7850499999999999,2.0873099999999996,0.7982700000000001,1.0386499999999999,0.6761999999999999,5.61375999999999,6.4587299999999885,6.475569999999989,6.4587299999999885,6.531299999999988,6.4587299999999885,6.475569999999989,6.475569999999989,6.386159999999989,6.475569999999989,6.531299999999988,6.475569999999989,6.475569999999989,6.4587299999999885,6.531299999999988,6.4587299999999885,6.419839999999989,6.4587299999999885,6.4587299999999885,6.386159999999989,6.330429999999989,6.330429999999989,6.531299999999988,6.4587299999999885,6.419839999999989,6.4587299999999885,6.330429999999989,6.531299999999988,6.14639999999999,6.386159999999989,6.168449999999989,6.313589999999989,5.96757999999999,
0.0,0.0,0.0,0.0,0.0,0.0,0.0,0.0,0.0,0.0,0.29028,0.94222,0.0,0.7664,0.4494599999999999,1.3786499999999995,1.9113,5.389029999999991,6.241019999999989,6.4587299999999885,6.402999999999989,6.185289999999989,6.531299999999988,6.2746999999999895,6.257859999999989,6.475569999999989,6.274699999999989,6.419839999999989,6.386159999999989,6.402999999999989,6.218969999999989,6.531299999999988,6.129559999999989,6.475569999999989,6.402999999999989,6.475569999999989,6.402999999999989,6.257859999999989,6.402999999999989,6.4587299999999885,6.330429999999989,6.402999999999989,6.2746999999999895,6.531299999999988,6.402999999999989,6.531299999999988,6.4587299999999885,6.402999999999989,6.347269999999989,6.347269999999989,
0.0,0.0,0.0,0.0,0.0,0.0,0.0,0.0,0.0,0.0,0.0,1.55938,0.43383,1.5194700000000003,0.52159,1.2177000000000004,6.158380000000002,3.445069999999997,7.942140000000007,7.541910000000006,6.890140000000004,8.177590000000006,8.248760000000004,8.248760000000004,8.084480000000006,8.248760000000004,8.177590000000006,8.013310000000006,8.155650000000005,8.155650000000005,8.248760000000004,8.248760000000004,8.177590000000006,8.248760000000004,8.084480000000006,8.155650000000005,8.248760000000004,8.062540000000006,8.248760000000004,8.155650000000005,8.084480000000006,8.248760000000004,8.155650000000005,8.084480000000006,8.155650000000005,8.248760000000004,8.155650000000005,8.177590000000006,8.177590000000006,7.991370000000006,
0.0,0.0,0.0,0.0,0.0,0.0,0.0,0.0,0.0,0.0,0.31878,0.6576200000000001,1.8074499999999998,0.0,0.9437599999999999,2.1225100000000006,3.5395999999999974,6.271510000000003,7.936290000000007,8.155650000000005,8.248760000000004,8.248760000000004,8.177590000000006,8.248760000000004,8.155650000000005,8.177590000000006,8.177590000000006,8.248760000000004,8.106420000000005,7.991370000000006,8.248760000000004,8.248760000000004,8.062540000000006,8.177590000000006,7.969430000000006,8.155650000000005,8.188790000000004,8.248760000000004,8.248760000000004,8.177590000000006,8.248760000000004,8.062540000000007,8.155650000000005,8.248760000000004,8.248760000000004,8.177590000000006,8.248760000000004,8.177590000000006,8.155650000000005,8.013310000000006,
0.0,0.0,0.5596200000000001,0.0,0.0,0.8389499999999999,0.12625,0.0,0.0,0.0,0.0,0.0,0.0,0.0,0.6307900000000001,2.33443,2.6601499999999993,6.912080000000004,7.635020000000006,8.177590000000006,8.177590000000006,8.248760000000004,8.155650000000005,8.177590000000006,8.248760000000004,8.155650000000005,8.248760000000004,8.177590000000006,8.248760000000004,8.248760000000004,8.248760000000004,8.117620000000006,8.084480000000006,8.084480000000006,8.155650000000005,8.248760000000004,8.248760000000004,8.248760000000004,8.155650000000005,7.991370000000006,8.177590000000006,8.155650000000005,8.155650000000005,8.106420000000007,8.062540000000006,8.248760000000004,7.920200000000007,8.062540000000006,8.155650000000005,8.248760000000004,
0.0,0.0,0.0,0.0,0.0,0.0,0.0,0.0,0.0,0.39152,0.0,0.0,0.29028,1.0973799999999998,1.3792500000000003,1.6544999999999999,1.0388499999999998,6.163439999999989,6.4587299999999885,6.313589999999989,6.386159999999989,6.475569999999989,6.386159999999989,6.2746999999999895,6.241019999999989,6.419839999999989,6.402999999999989,6.402999999999989,6.475569999999989,6.386159999999989,6.386159999999989,6.168449999999989,6.269689999999989,6.347269999999989,6.402999999999989,6.402999999999989,6.4587299999999885,6.347269999999989,6.402999999999989,6.475569999999989,6.531299999999988,6.313589999999989,6.402999999999989,6.4587299999999885,6.347269999999989,6.257859999999989,6.364109999999989,6.531299999999988,6.347269999999988,6.531299999999988,
0.0,0.0,0.0,1.4398099999999996,0.0,0.0,0.0,0.0,0.0,0.0,0.0,0.0,0.0,0.8114599999999998,1.2940799999999997,2.2470399999999993,3.456949999999998,6.843459999999997,7.765639999999996,7.802559999999996,7.919999999999996,8.263649999999997,8.263649999999997,7.762569999999997,8.090289999999996,7.880009999999996,8.245189999999996,7.567139999999997,7.975919999999996,7.725109999999996,8.034909999999996,7.722039999999996,7.994379999999996,8.149279999999996,7.975919999999996,8.167739999999997,8.149279999999996,7.5492199999999965,7.916929999999996,7.5481399999999965,7.821019999999996,7.805629999999996,7.957459999999996,7.916929999999996,7.994379999999996,7.994379999999996,7.9359299999999955,8.031839999999995,8.282109999999996,8.186199999999996,
0.0,0.0,1.2884799999999998,0.0,0.0,0.0,0.0,1.0519399999999999,0.0,0.0,0.0,0.0,0.7068799999999997,0.0,1.0345999999999997,0.5832599999999999,1.458229999999999,7.158359999999997,7.496369999999996,8.319569999999997,7.861549999999996,7.551749999999997,8.208269999999995,7.880009999999996,7.880009999999996,8.053369999999996,7.688189999999996,8.071829999999997,7.876939999999996,8.186199999999996,8.167739999999997,7.883079999999996,7.898469999999996,8.322639999999996,8.514459999999996,7.957459999999996,8.245189999999996,8.108749999999997,7.935929999999996,7.703579999999996,8.263649999999995,7.975919999999996,7.592279999999996,8.245189999999996,7.916929999999996,8.071829999999997,7.669729999999997,8.167739999999997,7.861549999999996,8.012839999999997,
0.6277699999999999,0.0,0.0,0.0,0.0,0.3755099999999999,0.0,0.0,0.0,0.0,0.0,0.32211999999999996,0.7616799999999999,0.0,0.3775,1.10226,2.8432,6.404479999999998,7.7097199999999955,8.204659999999995,8.090289999999996,7.935389999999996,8.071829999999997,8.071829999999997,8.127749999999995,7.784099999999996,7.762029999999997,7.975919999999996,7.975919999999996,8.108749999999997,8.167739999999997,8.056439999999997,8.049759999999997,7.975919999999996,7.821019999999996,8.359559999999997,8.012839999999997,7.363539999999996,8.167739999999997,7.858479999999996,8.071829999999997,7.994379999999996,8.167739999999997,7.765639999999996,7.511759999999997,8.071829999999997,7.3230099999999965,7.880009999999996,7.880009999999996,8.012839999999997,
0.0,0.0,0.0,0.0,0.0,0.0,0.0,0.0,0.0,1.2395200000000004,0.0,0.0,0.0,0.8674400000000001,1.6697300000000004,0.62287,1.46204,5.253909999999991,6.4587299999999885,6.475569999999989,6.531299999999988,6.531299999999988,6.386159999999989,6.475569999999989,6.330429999999989,6.347269999999989,6.202129999999989,6.386159999999989,6.4587299999999885,6.475569999999989,6.531299999999988,6.330429999999989,6.4587299999999885,6.241019999999989,6.402999999999989,6.347269999999989,6.347269999999989,6.402999999999989,6.12955999999999,6.419839999999989,6.14639999999999,6.34225999999999,6.386159999999989,6.313589999999989,6.1852899999999895,6.4587299999999885,6.531299999999988,6.4587299999999885,6.475569999999989,6.531299999999988,
0.0,0.3774999999999999,0.0,0.0,0.0,0.0,0.0,0.0,0.0,1.2638799999999997,0.0,1.01195,0.18568,0.0,0.05592,1.5803999999999996,1.3371799999999991,5.089409999999998,8.167739999999997,8.263649999999997,8.149279999999996,8.090289999999996,7.684579999999996,8.034909999999996,8.012839999999997,7.975919999999996,7.706649999999996,8.090289999999996,8.034909999999996,8.263649999999997,7.821019999999996,8.437009999999995,7.551749999999997,7.861549999999996,8.090289999999996,7.916929999999996,7.857939999999997,8.071829999999997,8.108749999999997,8.282109999999996,7.975919999999996,7.821019999999996,7.916929999999996,7.975919999999996,8.074899999999996,8.149279999999996,7.725109999999996,7.975919999999996,7.821019999999996,7.994379999999996,
0.0,0.0,0.0,0.0,0.0,0.6996199999999999,0.0,0.0,0.0,0.0,0.0,0.35344,0.86738,0.0,1.5418199999999993,2.140839999999999,1.3516599999999994,5.4976499999999975,7.957459999999996,8.149279999999996,8.245189999999996,7.861549999999996,7.975919999999996,8.167739999999995,8.167739999999997,7.784099999999996,7.592279999999996,8.090289999999996,7.880009999999996,7.053739999999997,7.706649999999996,8.167739999999997,8.359559999999997,8.226729999999996,7.975919999999996,8.108749999999997,8.242119999999996,7.8394799999999965,8.149279999999996,8.146209999999996,7.935389999999996,7.994379999999996,7.725109999999996,7.880009999999996,8.223659999999995,8.245189999999996,8.245189999999996,7.975919999999996,8.071829999999997,7.629199999999996,
0.0,0.0,0.0,0.0,0.0,0.44926,0.0,0.9736899999999997,0.0,0.0,0.19585999999999998,0.33599,0.0,0.0,1.09718,1.63865,1.3568100000000005,5.723009999999991,6.386159999999989,6.475569999999989,6.2746999999999895,6.4587299999999885,6.419839999999989,6.531299999999988,6.386159999999989,6.419839999999989,6.347269999999989,6.3641099999999895,6.4587299999999885,6.419839999999989,6.257859999999989,6.313589999999989,6.257859999999989,6.12955999999999,6.20212999999999,6.531299999999988,6.475569999999989,6.419839999999989,6.531299999999988,6.475569999999989,6.531299999999988,6.20212999999999,6.531299999999988,6.257859999999989,6.531299999999988,6.16323999999999,6.2746999999999895,6.330429999999989,6.1852899999999895,6.531299999999988,
0.0,0.0,0.0,0.0,0.0,0.0,0.0,0.0,0.0,0.0,0.0,0.0,0.9478999999999997,0.30366,1.917329999999999,1.0930499999999999,2.3799099999999984,5.990599999999997,7.898469999999996,7.880009999999996,7.821559999999996,8.263649999999997,8.319569999999995,7.589209999999996,8.341099999999996,7.895399999999996,7.994379999999996,8.245189999999996,7.899009999999996,7.994379999999996,8.071829999999997,8.053369999999996,8.090289999999996,7.400459999999996,8.149279999999996,7.722039999999997,7.880009999999996,8.167739999999997,8.263649999999997,8.167739999999997,7.496369999999996,8.149279999999996,7.957459999999996,8.186199999999996,7.7435699999999965,8.149279999999996,7.957459999999996,8.090289999999996,8.245189999999996,7.7435699999999965,
0.0,0.0,0.0,0.0,0.0,0.0,0.0,0.0,0.0,0.0,0.0,0.0,0.2971,1.7848100000000002,1.4704699999999997,0.78344,1.6827500000000002,5.89500999999999,6.419839999999989,6.402999999999989,6.531299999999988,6.531299999999988,6.531299999999988,6.4587299999999885,6.2746999999999895,6.419839999999989,6.330429999999989,6.347269999999989,6.386159999999989,6.531299999999988,6.531299999999988,6.531299999999988,6.257859999999989,6.386159999999989,6.402999999999989,6.475569999999989,6.2746999999999895,6.531299999999988,6.4587299999999885,6.386159999999989,6.531299999999988,6.531299999999988,6.402999999999989,6.330429999999989,6.402999999999989,6.402999999999989,6.330429999999989,6.531299999999988,6.531299999999988,6.347269999999989,
0.0,0.0,0.0,0.0,0.0,0.0,0.0,0.0,0.0,0.0,0.6034999999999999,0.0,0.13256,0.12136000000000001,1.4814000000000003,1.4882099999999998,2.4139999999999997,7.914350000000007,8.062540000000006,8.248760000000004,8.248760000000004,8.248760000000004,8.248760000000004,8.177590000000006,8.248760000000004,7.870970000000006,8.177590000000006,8.248760000000004,8.062540000000006,8.248760000000004,8.084480000000006,8.248760000000004,8.062540000000006,8.177590000000006,8.177590000000006,8.155650000000005,8.248760000000004,7.991370000000007,7.991370000000007,8.248760000000004,7.969430000000006,8.248760000000004,8.248760000000004,8.248760000000004,8.177590000000006,8.248760000000004,8.084480000000006,8.106420000000005,8.248760000000004,8.177590000000006,
0.0,0.0,0.0,0.0,0.0,0.0,0.0,0.0,0.0,0.0,0.0,0.23198000000000002,0.0,0.6590400000000001,1.7168900000000002,1.9342400000000006,3.2598099999999977,8.007460000000007,7.914350000000007,7.4707400000000055,8.248760000000004,8.155650000000005,8.177590000000006,8.248760000000004,8.177590000000006,8.177590000000006,8.062540000000006,8.155650000000005,8.177590000000006,8.248760000000004,8.248760000000004,8.248760000000004,8.084480000000006,8.177590000000006,8.177590000000006,8.155650000000005,8.248760000000004,8.084480000000006,8.248760000000004,8.248760000000004,8.248760000000004,8.248760000000004,8.248760000000004,8.177590000000006,8.177590000000006,8.062540000000006,8.155650000000005,8.155650000000005,8.177590000000006,8.248760000000004,
0.0,0.0,0.0,0.0,0.0,0.0,0.0,1.0657100000000002,0.0,0.0,1.0532799999999998,0.21771,0.0,0.64812,1.0059600000000002,0.7072699999999998,0.86164,5.6402199999999905,6.11271999999999,6.419839999999989,6.4587299999999885,6.402999999999989,6.4587299999999885,6.402999999999989,6.313589999999989,6.168449999999989,6.4587299999999885,6.419839999999989,6.531299999999988,6.531299999999988,6.402999999999989,6.4587299999999885,6.475569999999989,6.11271999999999,6.2746999999999895,6.386159999999989,6.4587299999999885,6.386159999999989,6.419839999999989,6.2746999999999895,6.402999999999989,6.419839999999989,6.531299999999988,6.475569999999989,6.1852899999999895,6.330429999999989,6.386159999999989,6.531299999999988,6.20212999999999,6.4587299999999885,
0.0,0.0,0.0,0.0,0.0,0.0,0.0,0.81843,0.0,0.0,0.0,0.0,0.8662400000000001,0.4128500000000001,1.12413,1.0587699999999998,2.874659999999999,7.685210000000006,6.7258600000000035,8.155650000000005,8.035250000000005,8.248760000000004,8.084480000000006,8.177590000000006,8.177590000000006,8.155650000000005,8.188790000000004,8.177590000000006,8.248760000000004,8.248760000000004,8.248760000000004,8.248760000000004,8.248760000000004,8.248760000000004,8.248760000000004,8.106420000000005,8.248760000000004,8.177590000000006,8.248760000000004,8.062540000000006,8.248760000000004,8.155650000000005,8.155650000000005,8.084480000000006,8.177590000000006,8.248760000000004,8.155650000000005,8.013310000000006,8.177590000000006,8.155650000000005,
0.0,0.0,0.0,0.0,0.0,0.0,1.2204700000000002,0.0,0.0,0.0,0.49296,0.4761200000000001,0.0,0.3478199999999999,0.07257,1.3068800000000005,1.9784600000000006,4.786619999999993,6.475569999999989,6.4587299999999885,6.402999999999989,6.402999999999989,6.419839999999989,6.531299999999988,6.2746999999999895,6.4587299999999885,6.364109999999989,6.475569999999989,6.402999999999989,6.402999999999989,6.531299999999988,6.330429999999988,6.386159999999989,6.16323999999999,6.330429999999989,6.475569999999989,6.257859999999989,6.347269999999989,6.531299999999988,6.4587299999999885,6.475569999999989,6.4587299999999885,6.4587299999999885,6.419839999999989,6.313589999999989,6.4587299999999885,6.386159999999989,6.475569999999989,6.20212999999999,6.2746999999999895,
0.0,0.30269,0.0,0.9934499999999999,0.0,0.0,0.0,0.0,0.0,0.0,0.0,0.0,0.0,0.6639300000000001,1.1640800000000002,1.2303199999999994,1.9245900000000007,7.635020000000006,8.248760000000004,8.248760000000004,8.106420000000005,8.013310000000006,7.827090000000005,8.248760000000004,8.013310000000006,8.248760000000004,8.106420000000005,8.084480000000006,8.084480000000006,8.155650000000005,8.155650000000005,8.248760000000004,8.248760000000004,8.155650000000005,8.193680000000006,8.177590000000006,8.177590000000006,8.177590000000006,8.062540000000006,8.248760000000004,8.155650000000005,8.155650000000005,8.248760000000004,8.177590000000006,8.248760000000004,8.177590000000006,8.084480000000006,8.248760000000004,8.248760000000004,8.155650000000005,
0.23010000000000003,0.0,0.0,0.0,0.0,0.0,0.0,0.0,0.0,0.0,0.0,0.0,0.55962,0.71947,0.40211,1.8835499999999996,2.6055699999999993,7.076360000000005,7.876320000000006,8.177590000000006,8.155650000000005,8.177590000000006,8.106420000000005,8.248760000000004,8.106420000000005,8.024510000000006,8.084480000000006,8.248760000000004,8.248760000000004,8.177590000000006,8.248760000000004,8.177590000000006,8.155650000000005,8.155650000000005,8.177590000000006,7.898260000000006,8.106420000000005,8.248760000000004,8.062540000000006,8.248760000000004,8.155650000000005,8.084480000000006,8.248760000000004,8.248760000000004,8.155650000000005,7.991370000000007,8.013310000000006,8.106420000000005,8.155650000000005,8.155650000000005,
0.0,0.0,0.0,0.0,0.0,0.0,0.0,0.0,0.0,0.0,1.0222799999999999,0.0,0.0,0.8114599999999998,0.5458,2.420979999999999,2.049619999999999,6.298779999999996,7.610739999999996,7.781029999999997,8.245189999999996,7.898469999999996,7.433769999999998,8.127749999999995,7.994379999999996,8.053369999999996,7.861549999999996,7.9205399999999955,7.898469999999996,7.682589999999998,8.322639999999996,8.071829999999997,7.821019999999996,8.074899999999996,7.913859999999997,8.189269999999997,7.972849999999996,7.957459999999996,7.880009999999996,8.149279999999996,8.263649999999997,8.127749999999995,8.341099999999996,7.7435699999999965,7.957459999999996,7.898469999999996,8.109289999999996,7.610739999999996,8.071829999999997,8.093359999999997,
0.0,0.0,0.0,0.0,0.0,0.0,0.0,0.0,0.0,0.0,0.03314,0.0,0.06628,0.5391,1.78948,1.7568000000000001,5.725550000000001,7.548220000000006,8.100570000000006,8.007460000000007,5.21416,7.991370000000006,8.155650000000005,8.155650000000005,8.155650000000005,7.969430000000006,7.969430000000006,8.155650000000005,8.248760000000004,8.155650000000005,8.248760000000004,8.155650000000005,8.084480000000006,8.155650000000005,8.046450000000007,8.106420000000005,8.084480000000006,8.106420000000005,7.969430000000006,8.248760000000004,8.155650000000005,7.991370000000006,8.248760000000004,8.248760000000004,8.062540000000006,8.084480000000006,8.062540000000006,8.177590000000006,8.106420000000005,8.248760000000004,
0.0,0.0,0.0,0.14819,0.8389500000000001,0.0,0.0,0.5269400000000001,0.0,0.0,0.0,0.12625,0.09942000000000001,0.7399900000000001,0.54938,1.3239299999999998,4.122619999999997,8.007460000000007,7.355690000000005,7.355690000000005,8.248760000000004,8.248760000000004,8.248760000000004,8.248760000000004,8.155650000000005,8.084480000000006,8.248760000000004,8.155650000000005,8.248760000000004,8.248760000000004,8.177590000000006,8.248760000000004,8.155650000000005,8.248760000000004,8.155650000000005,8.084480000000006,8.248760000000004,8.248760000000004,8.248760000000004,8.248760000000004,8.155650000000005,8.106420000000005,8.248760000000004,8.062540000000006,8.155650000000005,8.177590000000006,8.177590000000006,8.248760000000004,8.062540000000006,8.177590000000006,
1.6408600000000002,0.0,0.0,0.0,0.0,0.0,0.0,0.0,0.0,0.0,0.0,0.35763999999999996,0.0,0.7898599999999999,1.3794500000000003,0.62627,1.00698,5.94071999999999,6.4587299999999885,6.475569999999989,6.330429999999989,6.419839999999989,6.274699999999989,6.402999999999989,6.402999999999989,6.347269999999989,6.402999999999989,6.4587299999999885,6.4587299999999885,6.4587299999999885,6.330429999999989,6.386159999999989,6.402999999999989,6.1852899999999895,6.419839999999988,6.475569999999989,6.402999999999989,6.3641099999999895,6.330429999999989,6.2746999999999895,6.347269999999988,6.475569999999989,6.475569999999989,6.531299999999988,6.531299999999988,6.347269999999989,6.386159999999989,6.3641099999999895,6.21896999999999,6.4587299999999885,
0.0,0.0,0.0,0.0,0.0,0.0,0.0,0.0,0.0,0.0,0.0,0.0,0.4324199999999999,1.05368,0.8169199999999999,1.9211200000000002,1.9684400000000004,5.69413999999999,6.531299999999988,6.386159999999989,6.531299999999988,6.531299999999988,6.531299999999988,6.3641099999999895,6.347269999999989,6.2746999999999895,6.4587299999999885,6.05698999999999,6.330429999999989,6.475569999999989,6.4587299999999885,6.25264999999999,6.3641099999999895,6.475569999999989,6.330429999999989,6.14639999999999,6.386159999999989,6.531299999999988,6.2746999999999895,6.402999999999989,6.386159999999989,6.4587299999999885,6.347269999999988,6.347269999999988,6.475569999999989,6.20212999999999,6.330429999999989,6.402999999999989,6.2746999999999895,6.402999999999989,
0.0,0.0,0.0,0.0,0.0,0.0,0.0,0.0,0.0,0.07257,0.0,0.0,0.7122800000000001,0.42038999999999993,1.3335400000000002,2.846500000000001,0.5438799999999999,5.258719999999992,6.291539999999989,6.330429999999989,6.386159999999989,6.257859999999989,6.531299999999988,6.4587299999999885,6.330429999999989,6.4587299999999885,6.4587299999999885,6.386159999999989,6.4587299999999885,6.419839999999989,6.531299999999988,6.386159999999989,6.475569999999989,6.4587299999999885,6.4587299999999885,6.402999999999989,6.475569999999989,6.257859999999989,6.402999999999989,6.386159999999989,6.531299999999988,6.4587299999999885,6.402999999999989,6.257859999999989,6.531299999999988,6.29153999999999,6.4587299999999885,6.4587299999999885,6.2746999999999895,6.475569999999989,
0.0,0.0,0.0,0.0,0.0,0.0,0.0,0.0,0.0,0.79467,1.06531,0.0,0.23454999999999998,0.33097999999999994,1.8246900000000001,1.2633800000000004,0.20288,4.914919999999992,6.4587299999999885,6.402999999999989,6.402999999999989,6.4587299999999885,6.257859999999989,6.531299999999988,6.4587299999999885,6.313589999999989,6.330429999999989,6.531299999999988,6.291539999999989,6.402999999999988,6.28652999999999,6.402999999999989,6.2746999999999895,6.4587299999999885,6.386159999999989,6.386159999999989,6.386159999999989,6.4587299999999885,6.20212999999999,6.347269999999989,6.2746999999999895,6.4587299999999885,6.386159999999989,6.257859999999989,6.330429999999989,6.12454999999999,6.330429999999989,6.402999999999989,6.531299999999988,6.241019999999989,
0.0,0.0,0.0,0.0,0.0,0.0,0.0,0.0,0.0,0.0,0.0,0.0,0.6938300000000001,0.45927999999999997,1.5600800000000004,1.21085,2.3192600000000008,5.241879999999992,6.531299999999988,6.402999999999989,6.419839999999989,6.168449999999989,6.20212999999999,6.313589999999989,6.475569999999989,6.402999999999989,6.531299999999988,6.4587299999999885,6.475569999999989,6.475569999999989,6.1852899999999895,6.419839999999989,6.475569999999989,6.475569999999989,6.475569999999989,6.402999999999989,6.2746999999999895,6.330429999999989,6.475569999999989,6.402999999999989,6.475569999999989,6.2746999999999895,6.386159999999989,6.347269999999989,6.330429999999989,6.402999999999989,6.4587299999999885,6.386159999999989,6.4587299999999885,6.21896999999999,
0.0,0.0,0.0,0.0,0.0,0.0,0.0,0.0,0.0,0.0,0.6107700000000001,0.19253,0.6756300000000001,0.0,0.43525,1.7504899999999999,3.299299999999998,6.643950000000004,7.481940000000006,8.248760000000004,8.084480000000006,8.155650000000005,8.248760000000004,8.084480000000006,8.177590000000006,8.155650000000005,8.248760000000004,8.177590000000006,8.155650000000005,8.248760000000004,8.155650000000005,8.248760000000004,8.248760000000004,8.248760000000004,8.248760000000004,8.106420000000005,8.177590000000006,8.248760000000004,8.248760000000004,8.248760000000004,7.991370000000006,8.248760000000004,8.155650000000005,8.248760000000004,8.248760000000004,8.155650000000005,8.155650000000005,8.248760000000004,8.248760000000004,8.248760000000004,
0.11016000000000001,1.7164300000000006,0.0,0.08822,0.0,0.0,0.0,0.0,0.0,0.0,0.0,0.0,0.0,0.06628,0.8798199999999997,2.2204699999999997,3.4654599999999967,8.226820000000005,7.947490000000007,8.062540000000007,7.707150000000006,7.914350000000007,7.728130000000006,7.563850000000006,6.890140000000004,8.248760000000004,8.062540000000006,8.084480000000006,8.013310000000006,8.248760000000004,8.248760000000004,8.155650000000005,8.248760000000004,8.248760000000004,8.248760000000004,8.177590000000006,8.248760000000004,8.084480000000006,8.155650000000005,8.013310000000006,8.062540000000006,8.248760000000004,8.248760000000004,8.062540000000006,8.106420000000005,8.106420000000005,8.155650000000005,8.248760000000004,8.155650000000005,8.084480000000006,
0.0,0.0,0.5657099999999999,0.0,0.7929999999999999,0.0,0.0,0.0,0.0,0.39288999999999985,0.0,0.0,0.0,0.16776,2.041819999999999,1.3751799999999996,3.7899399999999983,3.5455999999999985,8.266719999999996,8.034369999999997,8.130819999999996,7.802559999999996,7.994379999999996,7.573819999999996,7.994379999999996,7.9543899999999965,7.861549999999996,7.7251099999999955,8.090289999999996,7.703579999999996,7.916929999999996,7.916929999999995,8.322639999999996,8.263649999999997,8.437009999999995,7.784099999999996,7.876939999999996,7.935929999999996,7.975919999999996,8.130819999999996,7.994379999999996,7.551749999999997,8.282109999999996,7.610739999999996,8.031839999999997,8.053369999999996,8.167739999999997,8.223659999999997,7.994379999999996,8.245189999999996,
0.0,0.0,0.0,0.0,0.0,0.0,0.0,0.0,0.0,0.0,0.0,0.0,0.2416,1.7557499999999993,2.708710000000001,1.6629099999999997,2.639889999999999,7.075269999999997,8.056439999999997,6.385439999999997,8.130819999999996,8.108749999999997,7.861549999999996,8.245189999999996,8.167739999999997,8.068759999999997,7.876399999999996,7.898469999999996,8.149279999999996,7.802559999999996,7.747179999999996,7.975919999999996,8.071829999999997,7.725109999999996,7.876399999999996,7.880009999999996,8.071829999999997,8.167739999999997,8.149279999999996,7.916929999999996,8.301109999999996,7.8394799999999965,8.071829999999997,8.108749999999997,8.226729999999996,8.053369999999996,8.149279999999996,7.706649999999996,8.186199999999996,7.898469999999996,
0.0,0.0,0.0,0.0,0.0,0.0,0.0,0.0,0.0,0.0,0.0,0.37875000000000003,0.0,0.9978800000000002,0.9748099999999993,1.9932500000000006,4.514619999999998,8.193680000000006,7.076360000000005,6.517700000000003,8.062540000000006,8.248760000000004,8.155650000000005,8.248760000000004,8.177590000000006,8.084480000000006,8.177590000000006,8.248760000000004,8.062540000000006,8.248760000000004,8.177590000000006,8.248760000000004,8.177590000000006,8.248760000000004,8.248760000000004,8.084480000000006,8.155650000000005,8.062540000000006,8.155650000000005,8.106420000000005,8.177590000000006,8.155650000000005,8.177590000000006,8.177590000000006,8.248760000000004,7.920200000000006,7.969430000000006,8.177590000000006,8.248760000000004,8.177590000000006,
0.0,0.0,0.0,0.0,0.0,0.0,0.0,0.0,0.0,0.0,0.0,0.07257,0.39353,0.9907299999999999,1.1330699999999998,0.9081399999999997,2.414080000000001,6.281719999999988,6.419839999999989,6.402999999999989,6.475569999999989,6.419839999999988,6.402999999999989,6.419839999999989,6.419839999999989,6.347269999999989,6.4587299999999885,6.402999999999989,6.475569999999989,6.4587299999999885,6.475569999999989,6.330429999999989,6.313589999999989,6.475569999999989,6.347269999999989,6.419839999999988,6.3641099999999895,6.4587299999999885,6.402999999999989,6.402999999999989,6.531299999999988,6.402999999999989,6.475569999999989,6.4587299999999885,6.29153999999999,6.07382999999999,6.402999999999989,6.313589999999989,6.475569999999989,6.386159999999989,
0.0,0.0,0.0,0.0,0.0,0.0,0.0,0.0,0.0,0.0,0.0,0.0,0.37496999999999997,0.51394,1.3905299999999996,1.8085999999999987,2.6810399999999994,7.4373799999999965,7.765639999999996,8.090289999999996,7.784099999999996,7.957459999999996,7.821019999999996,7.994379999999996,7.171719999999996,8.263649999999997,7.5486799999999965,7.647659999999997,8.090289999999996,8.013379999999996,8.263649999999997,7.474839999999997,8.263649999999997,7.957459999999996,8.226729999999996,8.282109999999996,7.610739999999996,8.149279999999996,7.741039999999996,7.802559999999996,8.226729999999996,7.861549999999996,7.688189999999996,7.880009999999996,8.053369999999996,8.127209999999996,7.817949999999996,7.994379999999996,7.994379999999996,7.836949999999996,
0.0,0.0,0.0,0.0,0.0,0.0,0.0,0.0,0.0,0.0,0.0,0.36285,0.0,1.8762300000000003,0.9376099999999999,0.7325200000000001,1.94738,5.292599999999991,6.402999999999989,6.30837999999999,6.402999999999989,6.419839999999989,6.475569999999989,6.257859999999989,6.11271999999999,6.257859999999989,6.347269999999989,6.402999999999989,6.475569999999989,6.2746999999999895,6.475569999999989,6.419839999999989,6.4587299999999885,6.475569999999989,6.330429999999989,6.20212999999999,6.330429999999989,6.419839999999989,6.4587299999999885,6.531299999999988,6.257859999999989,6.364109999999989,6.3641099999999895,6.531299999999988,6.347269999999989,6.2746999999999895,6.386159999999989,6.257859999999989,6.475569999999989,6.402999999999989,
0.0,0.0,0.0,0.0,0.0,0.0,0.0,0.0,0.36987,0.0,0.0,0.0,0.0,0.46409000000000006,1.5298000000000005,1.9295500000000008,1.445,4.762759999999993,6.313589999999989,6.257859999999989,6.257859999999989,6.4587299999999885,6.4587299999999885,6.386159999999989,6.531299999999988,6.386159999999989,6.4587299999999885,6.386159999999989,6.4587299999999885,6.347269999999989,6.4587299999999885,6.30837999999999,6.3641099999999895,6.168449999999989,6.4587299999999885,6.330429999999989,6.386159999999989,6.4587299999999885,6.475569999999989,6.313589999999989,6.29153999999999,6.241019999999989,6.257859999999989,6.402999999999989,6.531299999999988,6.4587299999999885,6.531299999999988,6.4587299999999885,6.4587299999999885,6.1852899999999895,
0.0,0.0,0.0,0.0,0.0,0.11184,0.0,0.0,0.0,0.0,0.0,1.1249099999999999,0.0,0.7396099999999999,1.5622699999999992,0.9124299999999999,1.9528399999999988,7.5338299999999965,8.090289999999996,8.437009999999995,7.898469999999996,7.208639999999996,7.916929999999996,7.975919999999996,7.972309999999997,8.167739999999997,7.938999999999996,8.093359999999997,7.957459999999996,8.071829999999997,8.031299999999996,7.802559999999996,8.015909999999996,7.916929999999996,7.842549999999997,7.994379999999996,8.108749999999997,7.975919999999996,8.341099999999996,8.186199999999996,7.898469999999996,7.471229999999996,8.245189999999996,7.994379999999996,7.802559999999996,7.9538499999999965,8.108749999999997,8.053369999999996,8.149279999999996,8.282109999999996,
0.05592,0.0,0.0,0.0,0.0,1.0407399999999996,0.0,0.0,0.0,0.0,0.0,0.0,0.0,0.5072599999999998,1.2966099999999996,1.3956299999999995,2.1477299999999993,6.110569999999997,8.012839999999997,7.913859999999996,7.725109999999996,7.916929999999996,8.053369999999996,8.149279999999996,7.706649999999996,8.167739999999997,8.437009999999995,8.090289999999996,8.149279999999996,8.012839999999997,7.8394799999999965,7.861549999999996,8.245189999999996,8.204659999999997,7.1281199999999965,7.975919999999996,8.245189999999996,7.629199999999996,7.861549999999996,8.418549999999996,8.071829999999997,7.914399999999996,8.050299999999996,7.784099999999996,8.071829999999997,8.071829999999997,7.935389999999996,8.127209999999996,8.437009999999995,7.938999999999996,
0.2413,0.57036,0.0,0.0,0.0,0.0,0.0,0.0,0.0,0.0,0.0,0.0,0.32952000000000004,1.4907600000000008,1.0924099999999994,1.0245399999999998,4.784129999999998,7.169470000000005,5.164929999999999,8.248760000000004,8.013310000000006,8.084480000000006,7.969430000000006,8.248760000000004,8.248760000000004,7.991370000000006,8.248760000000004,8.155650000000005,8.248760000000004,8.106420000000005,8.155650000000005,8.248760000000004,8.177590000000006,8.106420000000005,8.155650000000005,8.177590000000006,7.991370000000006,8.248760000000004,8.248760000000004,8.248760000000004,8.248760000000004,8.084480000000006,8.177590000000006,8.013310000000006,8.062540000000006,8.155650000000005,8.177590000000006,8.106420000000005,8.177590000000006,8.177590000000006,
0.0,0.0,0.8915000000000001,0.0,0.0,0.0,0.0,0.0,0.0,0.0,0.0,0.0,0.0,1.1501100000000002,1.21546,1.1446999999999996,1.5394200000000007,5.471419999999992,6.531299999999988,6.531299999999988,6.531299999999988,6.402999999999989,6.4587299999999885,6.347269999999988,6.347269999999989,6.313589999999989,6.402999999999989,6.531299999999988,6.386159999999989,6.531299999999988,6.419839999999989,6.347269999999989,6.386159999999989,6.402999999999989,6.313589999999989,6.257859999999989,6.4587299999999885,6.4587299999999885,6.330429999999989,6.402999999999989,6.475569999999988,6.163239999999989,6.475569999999989,6.419839999999989,6.330429999999989,6.475569999999989,6.475569999999989,6.531299999999988,6.347269999999988,6.531299999999988,
0.0,0.0,0.7634,0.0,0.14514,0.0,0.0,0.0,0.0,0.15195999999999998,0.0,0.0,1.0941799999999997,0.44926,1.2016200000000004,1.18659,0.9877299999999999,5.198179999999992,6.4587299999999885,6.531299999999988,6.257859999999989,6.386159999999989,6.531299999999988,6.475569999999989,6.531299999999988,6.531299999999988,6.313589999999989,6.386159999999989,6.402999999999989,6.23580999999999,6.402999999999989,6.1852899999999895,6.4587299999999885,6.3641099999999895,6.386159999999989,6.402999999999989,6.330429999999989,6.330429999999989,6.531299999999988,6.475569999999989,6.402999999999989,6.4587299999999885,6.4587299999999885,6.2746999999999895,6.257859999999989,6.330429999999989,6.4587299999999885,6.347269999999989,6.330429999999989,5.85611999999999,
0.0,0.0,0.0,0.30312,0.0,0.0,0.0,1.3335699999999995,0.0,0.0,0.0,0.0,1.02174,0.0,1.3094699999999997,1.2786899999999997,1.8471399999999991,6.617789999999997,7.861549999999996,8.263649999999997,7.975919999999996,8.071829999999997,7.935389999999996,8.359559999999997,8.245189999999996,8.359559999999997,7.994379999999996,8.053369999999996,8.263649999999997,8.263649999999997,7.880009999999996,7.669729999999996,8.053369999999996,8.050299999999996,7.861549999999996,7.876399999999997,7.725109999999996,7.898469999999996,8.093359999999997,7.880009999999996,8.068759999999996,8.071829999999997,8.127749999999995,7.706649999999996,8.152349999999997,7.938999999999996,7.802559999999996,8.108749999999997,8.514459999999996,7.802559999999996,
0.0,0.18584,0.0,0.6619599999999999,0.0,0.0,0.0,0.0,0.0,0.0,0.0,0.0,0.0,0.95886,1.2555599999999998,1.2812100000000002,1.3124900000000006,5.171119999999992,6.531299999999988,6.257859999999989,6.202129999999989,6.241019999999989,6.531299999999988,6.330429999999989,6.402999999999989,6.531299999999988,6.4587299999999885,6.4587299999999885,6.4587299999999885,6.475569999999989,6.4587299999999885,6.475569999999989,6.241019999999989,6.313589999999989,6.313589999999989,6.531299999999988,6.475569999999989,6.402999999999989,6.402999999999989,6.12955999999999,6.402999999999989,6.402999999999989,6.4587299999999885,6.23580999999999,6.475569999999989,6.475569999999989,6.4587299999999885,6.475569999999989,6.531299999999988,6.419839999999989,
0.0,0.42263,0.0,0.0,0.0,0.0,0.0,0.0,0.0,0.0,0.0,0.0,0.0,1.4872900000000004,1.62474,0.74329,3.8252799999999962,8.155650000000007,8.007460000000007,5.142989999999999,8.248760000000004,8.155650000000005,8.155650000000005,8.248760000000004,8.248760000000004,7.969430000000006,8.177590000000006,8.177590000000006,8.084480000000006,8.248760000000004,8.248760000000004,8.155650000000005,7.991370000000007,8.248760000000004,8.177590000000006,8.248760000000004,8.024510000000006,8.248760000000004,8.248760000000004,8.177590000000006,8.177590000000006,8.084480000000006,8.084480000000006,8.177590000000006,8.248760000000004,7.969430000000006,8.084480000000006,8.248760000000004,8.248760000000004,8.248760000000004,
0.0,0.0,0.0,0.0,0.0,0.0,0.0,0.0,1.6978399999999993,0.8975799999999998,0.0,0.0,0.27959999999999996,0.0,1.6900399999999987,0.0,1.9188199999999977,4.581609999999998,8.263649999999997,8.245189999999996,8.031839999999995,7.765639999999996,7.975919999999996,7.647659999999997,8.012839999999997,8.341099999999996,7.916929999999996,7.9543899999999965,7.916929999999996,8.090289999999996,8.186199999999996,7.880009999999996,7.725109999999996,7.916929999999996,8.341099999999996,8.167739999999997,8.087219999999997,8.167739999999997,7.994379999999996,7.765639999999996,8.149279999999996,7.496369999999996,7.957459999999996,8.071829999999997,8.149279999999996,7.880009999999996,7.957459999999996,8.149279999999996,8.071829999999997,8.322639999999996,
0.0,0.0,0.0,0.29149,0.0,0.0,0.0,0.0,0.46162000000000003,0.6482999999999999,0.0,0.0,0.0,0.6658099999999998,0.5547300000000001,0.94326,2.582709999999999,8.062540000000006,7.563850000000006,8.248760000000004,8.155650000000005,8.177590000000006,8.248760000000004,8.248760000000004,8.248760000000004,8.248760000000004,8.062540000000006,8.248760000000004,8.155650000000005,8.177590000000006,8.248760000000004,8.248760000000004,8.248760000000004,8.106420000000005,8.106420000000005,8.155650000000005,8.177590000000006,8.084480000000006,8.248760000000004,7.991370000000007,8.248760000000004,7.8051500000000065,8.248760000000004,8.248760000000004,8.248760000000004,8.106420000000005,8.248760000000004,8.177590000000006,8.035250000000007,8.106420000000005,
0.0,0.0,0.0,0.0,0.0,0.0,0.0,0.6062299999999999,0.0,0.0,0.0,0.0,1.3169,0.7441500000000001,0.64011,0.7664000000000001,1.85036,5.510309999999991,6.531299999999988,6.419839999999989,6.2746999999999895,6.386159999999989,6.402999999999989,6.475569999999989,6.1852899999999895,6.475569999999989,6.419839999999989,6.402999999999989,6.2746999999999895,6.20212999999999,6.531299999999988,6.313589999999989,6.386159999999989,6.386159999999989,6.347269999999989,6.386159999999989,6.402999999999989,6.4587299999999885,6.475569999999989,6.475569999999989,6.0958799999999895,6.330429999999989,6.4587299999999885,6.347269999999989,6.330429999999989,6.531299999999988,6.04014999999999,6.475569999999989,6.4587299999999885,6.235809999999989,
0.0,0.0,0.0,0.0,0.0,0.0,0.0,0.82821,0.0,0.7033799999999999,0.37482000000000004,0.0,0.03314,0.5976500000000001,1.4526900000000003,0.8130799999999995,1.9416400000000003,7.728130000000006,7.448800000000006,8.248760000000004,7.6901000000000055,8.248760000000004,8.177590000000006,8.084480000000006,8.248760000000004,8.155650000000005,8.177590000000006,8.248760000000004,8.248760000000004,8.248760000000004,8.177590000000006,8.155650000000005,8.248760000000004,8.248760000000004,8.155650000000005,8.248760000000004,8.248760000000004,8.248760000000004,8.248760000000004,8.106420000000005,7.969430000000006,8.248760000000004,7.969430000000006,8.248760000000004,8.106420000000005,8.062540000000006,8.155650000000005,8.248760000000004,8.248760000000004,8.248760000000004,
0.0,0.0,0.0,0.39372999999999997,0.0,0.0,0.0,0.0,0.0,0.0,0.0,0.7295200000000001,0.0,0.0,1.13066,2.0241700000000007,1.7912100000000004,5.079899999999992,6.347269999999989,6.475569999999989,6.4587299999999885,6.531299999999988,6.4587299999999885,6.531299999999988,6.475569999999989,6.4587299999999885,6.531299999999988,6.531299999999988,6.419839999999989,6.475569999999989,6.313589999999989,6.402999999999989,6.313589999999989,6.313589999999989,6.386159999999989,6.29153999999999,6.531299999999988,6.4587299999999885,6.531299999999988,6.347269999999988,6.419839999999989,6.402999999999989,6.4587299999999885,6.330429999999989,6.475569999999989,6.402999999999989,6.531299999999988,6.3641099999999895,6.330429999999989,6.402999999999989,
0.0,0.0,0.0,0.0,0.0,0.0,0.0,0.0,0.11184,0.0,0.0,0.0,0.5796499999999999,0.5324,1.1760999999999993,1.0946699999999996,2.021409999999999,4.108239999999998,8.090289999999996,7.876939999999997,7.898469999999996,8.226729999999996,7.975919999999996,8.071829999999997,7.898469999999996,8.053369999999996,7.802559999999996,7.880009999999996,8.149279999999996,8.053369999999996,7.898469999999996,7.647659999999997,8.053369999999996,8.053369999999996,7.898469999999996,8.090289999999996,7.784099999999996,7.843089999999996,8.071829999999997,8.164669999999996,8.186199999999996,8.322639999999996,8.149279999999996,8.090289999999996,8.031299999999996,8.263649999999997,7.765639999999996,8.012839999999997,8.167739999999997,8.090289999999996,
0.21952,0.0,0.0,0.0,0.9662799999999998,0.0,0.0,0.0,0.0,0.0,0.0,0.0,0.35783999999999994,0.51,0.58919,0.8698499999999999,2.32707,6.107709999999989,6.4587299999999885,6.12955999999999,6.475569999999989,6.4587299999999885,6.531299999999988,6.419839999999989,6.1852899999999895,6.402999999999989,6.402999999999989,6.531299999999988,6.531299999999988,6.531299999999988,6.330429999999989,6.313589999999989,6.402999999999989,6.531299999999988,6.330429999999989,6.3641099999999895,6.4587299999999885,6.402999999999989,6.168449999999989,6.531299999999988,6.402999999999989,6.11271999999999,6.018099999999991,6.386159999999989,6.475569999999989,6.402999999999989,6.419839999999989,6.386159999999989,6.402999999999989,6.347269999999989,
0.0,0.91012,0.0,0.0,0.0,0.0,0.0,0.0,0.0,0.0,0.0,0.03314,0.08822,0.4343300000000001,1.7367799999999998,1.0431400000000002,1.8153900000000003,6.517700000000003,8.226820000000005,8.177590000000006,8.062540000000006,8.084480000000006,8.177590000000006,8.177590000000006,8.248760000000004,8.155650000000005,8.248760000000004,8.155650000000005,8.177590000000006,8.062540000000006,8.248760000000004,8.155650000000005,8.084480000000006,8.013310000000006,7.991370000000006,8.062540000000006,8.155650000000005,8.248760000000004,8.248760000000004,8.248760000000004,8.248760000000004,8.248760000000004,7.969430000000006,7.969430000000006,8.155650000000005,7.991370000000006,8.106420000000005,8.248760000000004,8.177590000000006,8.155650000000005,
0.0,0.0,0.0,0.0,0.0,0.0,1.38726,0.0,0.07257,0.0,0.0,0.0,0.0,1.1190300000000004,0.6786,1.4015000000000004,1.3209199999999999,6.386159999999989,6.3641099999999895,6.386159999999989,6.475569999999989,6.330429999999989,6.386159999999989,6.11271999999999,6.2746999999999895,6.146399999999989,6.419839999999989,6.386159999999989,6.4587299999999885,6.330429999999989,6.419839999999989,6.330429999999989,6.402999999999989,6.29153999999999,5.98441999999999,6.347269999999989,6.2746999999999895,6.402999999999989,6.475569999999989,6.531299999999988,6.386159999999989,6.4587299999999885,6.257859999999989,6.402999999999989,6.386159999999989,6.402999999999989,6.402999999999989,6.531299999999988,6.475569999999989,6.531299999999988,
0.0,0.0,0.0,0.0,0.0,0.0,0.0,0.0,0.0,0.15216000000000002,0.0,0.0,0.8357699999999997,1.4935100000000001,0.72972,1.6551000000000005,1.3094800000000002,5.164299999999992,6.19711999999999,6.330429999999989,6.11271999999999,6.402999999999989,6.347269999999989,6.531299999999988,6.347269999999989,6.419839999999989,6.475569999999989,6.257859999999989,6.475569999999989,6.475569999999989,6.330429999999989,6.531299999999988,6.419839999999989,6.386159999999989,6.386159999999989,6.402999999999989,6.313589999999989,6.23580999999999,6.531299999999988,6.531299999999988,6.3641099999999895,6.330429999999989,6.475569999999989,6.20212999999999,6.12955999999999,6.475569999999989,6.386159999999989,6.531299999999988,6.386159999999989,6.347269999999989,
0.0,0.0,0.0,0.6786300000000001,0.0,0.0,0.0,0.0,0.0,0.0,0.0,0.0,0.1303,0.93363,2.122919999999999,1.8910699999999991,3.5590399999999978,7.880009999999996,7.1127299999999964,7.477909999999996,7.861549999999996,7.629199999999996,7.817949999999997,7.629199999999996,7.913859999999997,7.706649999999996,7.957459999999996,8.149279999999996,8.245189999999996,7.647659999999996,7.916929999999996,7.706649999999996,8.053369999999996,7.784099999999996,7.344539999999996,8.090289999999996,7.917469999999996,7.5332899999999965,8.090289999999996,7.551749999999997,7.861549999999996,7.957459999999996,7.957459999999996,7.975919999999996,8.186199999999996,7.784099999999996,8.068759999999997,8.071829999999997,8.090289999999996,7.842549999999996,
0.0,0.0,0.4938,0.0,0.0,0.0,0.0,0.0,0.0,0.0,0.0,0.0,0.09311,0.5264800000000001,1.7392900000000002,1.1269699999999998,3.9251999999999962,8.248760000000004,8.248760000000004,8.248760000000004,8.084480000000006,8.155650000000005,8.248760000000004,8.106420000000005,8.248760000000004,8.084480000000006,8.155650000000005,8.177590000000006,8.106420000000005,8.177590000000006,8.155650000000005,8.248760000000004,8.248760000000004,8.248760000000004,8.248760000000004,8.177590000000006,8.177590000000006,8.248760000000004,8.177590000000006,8.155650000000005,8.155650000000005,8.062540000000006,8.248760000000004,8.177590000000006,8.248760000000004,8.177590000000006,8.248760000000004,8.248760000000004,8.155650000000005,8.248760000000004,
0.0,1.1523799999999997,0.0,0.0,0.0,0.48845,0.0,0.0,0.0,0.0,1.3283599999999998,0.0,0.0,0.24761000000000002,0.8852099999999996,0.19884000000000002,3.3368299999999973,6.517700000000003,7.635020000000006,7.991370000000007,8.155650000000005,8.062540000000006,8.155650000000005,7.991370000000006,8.155650000000005,8.177590000000006,8.248760000000004,8.106420000000005,8.177590000000006,8.155650000000005,8.155650000000005,8.177590000000006,8.013310000000006,8.155650000000005,8.106420000000005,8.248760000000004,8.177590000000006,7.876320000000006,7.991370000000006,8.177590000000006,8.155650000000005,8.177590000000006,8.248760000000004,7.991370000000006,8.155650000000005,8.248760000000004,8.248760000000004,8.155650000000005,8.177590000000006,8.177590000000006,
0.0,0.0,0.0,0.09311,0.0,0.0,0.0,0.0,0.59276,0.92228,0.0,0.0,0.0,0.09942000000000001,1.5959900000000005,1.3999900000000003,2.5997199999999987,8.040600000000007,8.248760000000004,8.248760000000004,7.991370000000006,8.248760000000004,8.248760000000004,7.898260000000006,8.248760000000004,8.248760000000004,7.969430000000006,8.177590000000006,8.177590000000006,8.155650000000005,7.805150000000006,8.248760000000004,8.106420000000005,8.084480000000006,8.155650000000005,8.155650000000005,8.062540000000006,8.106420000000005,8.106420000000005,8.155650000000005,8.248760000000004,8.084480000000006,8.062540000000006,8.084480000000006,8.248760000000004,8.177590000000006,8.013310000000006,8.248760000000004,8.155650000000005,8.155650000000005,
0.0,0.0,0.0,0.0,0.0,0.0,0.0,0.0,0.0,0.0,0.0,0.45187999999999995,0.11184,1.5407399999999996,2.2696899999999993,2.138849999999999,4.795499999999998,6.864989999999997,7.363539999999996,7.757509999999996,8.226729999999996,8.093359999999997,6.614719999999997,7.916929999999996,7.898469999999996,7.8400199999999955,7.5332899999999965,8.341099999999996,7.669729999999996,7.821019999999996,8.204659999999997,7.688189999999996,8.149279999999996,7.626129999999996,8.186199999999996,7.725109999999996,8.263649999999997,7.647659999999997,7.3076199999999965,7.994379999999996,8.031299999999996,7.802559999999996,7.916929999999996,8.226729999999996,8.053369999999996,7.7435699999999965,7.957459999999996,7.857939999999997,7.898469999999996,7.781029999999996,
0.0,0.0,0.0,0.0,0.0,0.03314,0.0,0.0,0.0,0.0,0.0,0.0,0.7453800000000002,2.42913,0.9285899999999998,1.1727299999999996,5.54953,3.3519599999999974,8.155650000000005,8.226820000000005,8.177590000000006,8.177590000000006,8.106420000000005,7.969430000000006,8.062540000000006,8.248760000000004,8.248760000000004,8.177590000000006,7.991370000000006,8.106420000000005,8.248760000000004,8.248760000000004,8.084480000000006,8.062540000000006,8.248760000000004,8.248760000000004,8.155650000000005,8.155650000000005,8.248760000000004,8.155650000000005,8.177590000000006,8.155650000000005,8.248760000000004,8.177590000000006,8.155650000000005,8.248760000000004,8.155650000000005,8.155650000000005,8.155650000000005,8.248760000000004,
0.0,0.0,1.0195999999999998,0.0,0.0,0.0,0.0,0.0,0.47612,0.0,0.65494,0.14514,0.0,0.0,0.0,1.52759,2.161300000000001,4.702219999999993,6.531299999999988,6.475569999999989,6.313589999999989,6.531299999999988,6.475569999999989,6.475569999999989,6.21896999999999,6.386159999999989,6.330429999999989,6.386159999999989,6.11271999999999,6.419839999999989,6.4587299999999885,6.202129999999989,6.531299999999988,6.330429999999989,6.531299999999988,6.475569999999989,6.386159999999989,6.475569999999989,6.402999999999989,6.241019999999989,6.475569999999989,6.313589999999989,6.4587299999999885,6.23580999999999,6.402999999999989,6.330429999999989,6.386159999999989,6.4587299999999885,6.330429999999989,6.386159999999989,
0.0,0.0,0.0,0.0,0.0,0.0,0.0,0.0,0.0,0.0,0.0,0.9715099999999999,1.12998,1.8583100000000006,0.7150800000000002,0.42894000000000004,4.789479999999998,6.627860000000004,8.248760000000004,8.248760000000004,7.131440000000004,8.248760000000004,7.969430000000006,8.084480000000006,8.177590000000006,8.155650000000005,8.177590000000006,8.062540000000006,8.248760000000004,8.084480000000006,8.062540000000006,8.062540000000006,8.084480000000006,8.084480000000006,8.248760000000004,8.248760000000004,8.248760000000004,8.062540000000006,8.248760000000004,8.062540000000006,8.177590000000006,8.248760000000004,8.248760000000004,8.248760000000004,8.248760000000004,8.248760000000004,8.106420000000005,8.084480000000006,8.248760000000004,8.248760000000004,
0.0,1.0611899999999996,0.0,0.0,0.0,0.0,0.0,0.0,0.0,0.0,0.0,0.0,0.9982199999999998,0.9104399999999997,0.6545699999999999,1.2350899999999998,3.004029999999999,7.437379999999997,6.960899999999997,8.186199999999996,8.130819999999996,8.359559999999997,7.496369999999996,7.880009999999996,8.149279999999996,8.322639999999996,7.880009999999996,8.266719999999996,8.322639999999996,7.725109999999996,7.880009999999996,7.957459999999996,8.031839999999995,7.898469999999996,8.053369999999996,7.688189999999996,7.802559999999996,8.226729999999996,7.975919999999996,8.012839999999997,8.322639999999996,8.149279999999996,7.821019999999996,7.880009999999996,8.071829999999997,7.994379999999996,8.071829999999997,7.917469999999995,8.149279999999996,8.146209999999996,
0.0,0.0,0.0,0.0,0.0,0.0,0.0,0.0,0.0,0.6497200000000001,0.0,0.0,0.9652,0.20327,1.0996799999999998,1.0690499999999998,3.4425999999999974,6.052150000000002,8.248760000000004,8.248760000000004,8.248760000000004,8.248760000000004,8.248760000000004,8.248760000000004,8.248760000000004,8.155650000000005,8.177590000000006,8.155650000000005,8.062540000000006,8.248760000000004,7.969430000000006,8.248760000000004,8.062540000000006,8.248760000000004,8.062540000000006,8.248760000000004,8.155650000000005,8.084480000000006,8.177590000000006,8.155650000000005,8.177590000000006,8.248760000000004,8.248760000000004,8.084480000000006,8.084480000000006,8.106420000000005,8.248760000000004,8.106420000000005,8.248760000000004,8.155650000000005,
0.0,0.0,0.0,0.9319699999999999,0.0,0.0,0.0,0.0,0.0,0.0,0.0,0.37443000000000004,0.0,0.45548999999999995,1.8141999999999991,2.0521499999999993,3.0856299999999983,6.262939999999997,7.883079999999996,8.053369999999996,7.725109999999996,7.843089999999996,8.437009999999995,8.053369999999996,8.031299999999996,7.725109999999996,7.629199999999996,7.913859999999996,8.322639999999996,7.973389999999996,7.746639999999997,8.053369999999996,8.034909999999996,8.437009999999995,7.997449999999996,7.938999999999996,8.226729999999996,7.957459999999996,8.341099999999996,7.880009999999996,7.898469999999996,7.916929999999996,8.149279999999996,8.053369999999996,8.146209999999996,7.784099999999996,7.514829999999996,8.108749999999997,8.090289999999996,7.496369999999996,
0.0,0.0,0.0,0.0,0.0,0.6970699999999999,0.6917199999999999,0.37385999999999997,0.0,0.0,0.0,0.0,0.0,0.0,1.20792,1.6471400000000005,4.159229999999996,7.541910000000006,8.007460000000007,8.100570000000006,6.238370000000002,7.991370000000007,8.062540000000006,8.177590000000006,8.248760000000004,8.248760000000004,8.177590000000006,8.248760000000004,8.062540000000006,8.177590000000006,8.248760000000004,8.177590000000006,8.062540000000006,8.084480000000006,8.062540000000006,8.155650000000005,8.062540000000006,8.155650000000005,8.084480000000006,7.953340000000007,7.991370000000006,8.248760000000004,8.155650000000005,8.248760000000004,8.177590000000006,8.248760000000004,8.248760000000004,8.177590000000006,8.062540000000006,8.248760000000004,
0.0,0.0,0.0,0.29028,0.0,0.0,0.14514,0.0,0.0,0.0,0.0,0.0,0.0,1.0703200000000002,0.6258700000000001,2.0728800000000005,1.9494000000000014,5.96757999999999,6.4587299999999885,5.984419999999989,6.419839999999988,6.4587299999999885,6.4587299999999885,6.419839999999989,6.4587299999999885,6.4587299999999885,6.475569999999989,6.419839999999989,6.4587299999999885,6.475569999999989,6.531299999999988,6.419839999999989,6.330429999999989,6.475569999999989,6.386159999999989,6.4587299999999885,6.475569999999989,6.4587299999999885,6.475569999999989,6.313589999999989,6.475569999999989,6.330429999999989,6.330429999999989,6.29153999999999,6.330429999999989,6.402999999999989,6.347269999999989,6.531299999999988,6.419839999999989,6.475569999999989,
0.0,0.4254,0.0,0.0,0.0,0.0,0.0,0.0,0.0,0.0,0.0,0.77121,0.0,0.5944,1.29004,1.6358500000000007,1.0502800000000003,4.757749999999993,6.402999999999989,6.475569999999989,6.386159999999989,6.330429999999989,6.2746999999999895,6.386159999999989,6.386159999999989,6.347269999999989,6.29153999999999,6.531299999999988,6.330429999999989,6.4587299999999885,6.419839999999989,6.531299999999988,6.531299999999988,6.475569999999989,6.15822999999999,6.330429999999989,6.4587299999999885,6.386159999999989,6.531299999999988,6.402999999999989,6.4587299999999885,6.4587299999999885,6.20212999999999,6.402999999999989,6.475569999999989,6.168449999999989,6.402999999999989,6.386159999999989,6.402999999999989,6.11271999999999,
1.2084999999999997,0.0,0.0,0.0,0.0,0.0,0.0,0.0,0.0,0.51394,0.0,0.0,1.9690999999999992,0.05592,0.05592,1.1310499999999997,2.081849999999998,7.725649999999996,8.053369999999996,7.8394799999999965,7.784099999999996,8.341099999999996,8.053369999999996,8.053369999999996,8.090289999999996,8.012839999999997,8.053369999999996,7.817949999999997,7.573819999999996,8.223659999999995,8.130819999999996,7.880009999999996,8.146209999999996,8.053369999999996,8.186199999999996,8.167739999999997,7.669729999999996,7.784099999999996,8.130819999999996,6.326449999999997,8.167739999999997,8.263649999999997,7.880009999999996,7.994379999999996,7.725109999999996,7.802559999999996,7.629199999999996,7.592279999999996,7.975919999999996,7.898469999999996,
0.0,0.0,0.0,0.05592,0.0,0.0,0.0,0.0,0.07438,0.0,0.0,0.7586099999999999,0.0,0.5217399999999999,2.152249999999999,1.0345999999999997,1.8592499999999987,6.7100899999999974,7.607129999999996,8.418549999999996,8.186199999999996,7.861549999999996,7.898469999999996,8.285179999999997,7.883079999999996,8.149279999999996,7.5332899999999965,8.167739999999995,7.8400199999999955,7.975919999999996,7.880009999999996,7.957459999999996,8.359559999999995,8.263649999999997,8.034909999999996,7.880009999999996,7.418919999999996,8.167739999999997,7.901539999999996,8.189269999999995,7.7435699999999965,7.802559999999996,7.938999999999996,8.245189999999996,8.341099999999996,8.437009999999995,8.164669999999996,8.071829999999997,7.957459999999996,7.397389999999997,
0.0,0.0,0.0,0.0,0.0,0.0,0.0,0.0,0.0,0.0,0.0,0.0,0.14514,1.647880000000001,1.0600999999999998,0.9053399999999997,2.1051500000000005,5.3701799999999915,6.475569999999989,6.4587299999999885,6.347269999999989,6.330429999999989,6.168449999999989,6.4587299999999885,6.4587299999999885,6.257859999999989,6.4587299999999885,6.257859999999989,6.330429999999989,6.364109999999989,6.20212999999999,6.313589999999989,6.330429999999989,6.386159999999989,6.419839999999988,6.475569999999989,6.475569999999989,6.330429999999989,6.531299999999988,6.531299999999988,6.330429999999989,6.475569999999989,6.20212999999999,6.419839999999989,6.402999999999989,6.402999999999989,6.531299999999988,6.419839999999989,6.4587299999999885,6.386159999999989,
0.0,0.0,0.0,0.45187999999999995,0.0,0.0,0.0,0.0,0.0,0.0,0.0,0.0,1.3377199999999991,1.613129999999999,1.0181299999999998,1.3125399999999996,4.388919999999998,5.964879999999997,8.053369999999996,8.359559999999997,8.034909999999996,7.400459999999996,8.263649999999997,7.802559999999996,8.074899999999996,7.994379999999996,8.071829999999997,7.648199999999996,8.071829999999997,7.880009999999996,8.341099999999996,8.226729999999996,8.167739999999997,7.861549999999996,8.167739999999997,8.071829999999997,7.706649999999996,7.821019999999996,7.688189999999996,8.071829999999997,7.861549999999996,7.570209999999997,7.821019999999996,7.629199999999996,8.149279999999996,8.053369999999996,7.972849999999997,7.880009999999996,8.053369999999996,7.7435699999999965,
0.0,0.0,0.0,0.0,0.5698599999999999,0.0,0.0,0.0,0.0,0.0,0.0,0.0,0.20468,0.35651,1.2798099999999992,2.0717299999999987,2.0479999999999987,7.245559999999997,7.072739999999997,7.363539999999996,7.725109999999996,7.784099999999996,8.263649999999997,7.898469999999996,7.688189999999996,7.880009999999996,8.167739999999997,7.570749999999996,7.880009999999996,7.957459999999996,7.802559999999996,7.898469999999996,8.263649999999997,7.802559999999996,8.012839999999997,7.994379999999996,8.090289999999996,8.012839999999997,8.167739999999997,7.858479999999997,8.149279999999996,7.725109999999996,8.186199999999996,8.341099999999996,7.836949999999997,8.090289999999996,7.477909999999996,8.068759999999997,7.957459999999996,8.034909999999996,
0.0,0.0,0.7180500000000001,0.0,0.0,0.0,0.0,0.0,0.0,0.0,0.0,1.89237,0.06628,0.08822,1.2177,1.4385199999999998,6.5205800000000025,2.04842,7.547760000000006,8.248760000000004,8.177590000000006,8.248760000000004,8.248760000000004,8.155650000000005,8.062540000000006,8.177590000000006,8.248760000000004,8.248760000000004,8.177590000000006,8.155650000000005,8.248760000000004,8.155650000000005,8.177590000000006,8.155650000000005,8.062540000000006,8.106420000000005,8.084480000000006,8.177590000000006,8.248760000000004,8.084480000000006,8.084480000000006,8.062540000000006,7.827090000000005,8.084480000000006,8.155650000000005,8.177590000000006,8.248760000000004,8.177590000000006,8.248760000000004,8.084480000000006,
0.0,0.0,0.0,0.0,0.8139199999999999,0.60122,0.0,0.0,0.0,0.9348000000000001,0.0,0.0,0.0,0.0,1.0101799999999999,1.8028400000000002,0.87265,5.8511099999999905,6.347269999999989,6.3641099999999895,6.402999999999989,6.386159999999989,6.402999999999989,6.402999999999989,6.2746999999999895,6.4587299999999885,6.313589999999989,6.475569999999989,6.257859999999989,6.313589999999989,6.386159999999989,6.419839999999989,6.313589999999989,6.402999999999989,6.531299999999988,6.386159999999989,6.313589999999989,6.475569999999989,6.257859999999989,6.475569999999989,6.475569999999989,6.330429999999989,6.29153999999999,6.330429999999989,6.402999999999989,6.419839999999989,6.330429999999989,6.475569999999989,6.4587299999999885,6.4587299999999885,
0.0,0.09942000000000001,0.0,0.0,0.0,0.0,0.0,0.06628,0.0,0.0,0.0,0.24272000000000005,0.03314,1.1729,1.0002199999999999,2.1570700000000005,5.67532,5.121049999999999,7.8431800000000065,8.084480000000006,8.062540000000006,8.155650000000005,8.013310000000006,8.155650000000005,8.155650000000005,8.177590000000006,8.248760000000004,8.155650000000005,8.248760000000004,8.248760000000004,8.248760000000004,8.248760000000004,8.248760000000004,8.248760000000004,8.155650000000005,8.248760000000004,8.248760000000004,8.155650000000005,8.062540000000006,7.849030000000006,8.248760000000004,8.177590000000006,8.177590000000006,8.155650000000005,8.155650000000005,8.062540000000006,7.827090000000005,7.783210000000006,8.248760000000004,8.155650000000005,
0.0,0.0,0.0,0.0,0.08822,0.0,0.0,0.0,0.0,0.0,0.09942000000000001,0.0,0.0,1.1362899999999994,1.2849399999999997,1.83921,4.433169999999997,5.586600000000001,8.193680000000006,6.703920000000004,8.155650000000005,8.084480000000006,8.177590000000006,8.248760000000004,8.177590000000006,8.084480000000006,8.248760000000004,8.177590000000006,8.084480000000006,8.100570000000006,8.248760000000004,8.155650000000005,8.062540000000006,8.177590000000006,8.248760000000004,8.248760000000004,8.248760000000004,8.193680000000006,8.155650000000005,8.248760000000004,8.155650000000005,8.248760000000004,8.248760000000004,8.248760000000004,8.155650000000005,8.177590000000006,8.248760000000004,8.248760000000004,8.248760000000004,8.155650000000005,
0.0,0.0,0.0,0.0,0.0,0.0,0.0,0.0,0.0,0.0,0.0,0.8144999999999999,0.0,0.67513,1.7558800000000003,1.5710799999999998,1.9060800000000004,8.226820000000005,7.388830000000006,8.155650000000005,7.969430000000006,8.177590000000006,8.248760000000004,8.248760000000004,8.188790000000004,8.177590000000006,7.596990000000005,8.013310000000006,8.155650000000005,8.193680000000006,8.248760000000004,8.106420000000005,8.155650000000005,8.248760000000004,8.248760000000004,8.248760000000004,8.177590000000006,8.248760000000004,8.177590000000006,8.248760000000004,8.106420000000005,8.248760000000004,8.248760000000004,8.106420000000005,8.248760000000004,8.084480000000006,8.193680000000006,8.155650000000005,8.248760000000004,8.155650000000005,
0.0,0.0,0.0,0.0,0.0,0.0,0.0,0.0,0.0,0.0,0.03314,0.0,0.82917,1.6988800000000004,0.9544600000000001,1.2639599999999998,3.585899999999997,4.934829999999999,7.712040000000005,8.024510000000006,8.155650000000005,8.177590000000006,8.248760000000004,8.248760000000004,8.177590000000006,8.062540000000006,8.177590000000006,8.248760000000004,8.062540000000006,8.177590000000006,8.248760000000004,8.106420000000005,8.248760000000004,8.062540000000006,8.248760000000004,8.155650000000005,8.248760000000004,8.248760000000004,8.155650000000005,7.969430000000006,8.155650000000005,8.248760000000004,8.106420000000005,8.084480000000006,8.062540000000006,8.248760000000004,8.155650000000005,8.248760000000004,8.177590000000006,8.084480000000006,
0.0,0.0,0.0,0.0,0.0,0.8403700000000001,0.0,0.0,0.0,0.0,0.44457,0.0,0.08822,0.5649700000000001,0.9680399999999996,0.5157400000000001,3.7233899999999966,8.084480000000006,7.618930000000006,8.177590000000006,8.248760000000004,8.248760000000004,8.013310000000006,8.106420000000005,8.248760000000004,8.248760000000004,8.177590000000006,8.155650000000005,8.177590000000006,8.177590000000006,8.062540000000006,8.248760000000004,8.177590000000006,8.248760000000004,7.870970000000006,8.062540000000006,8.248760000000004,8.177590000000006,8.248760000000004,8.177590000000006,8.155650000000005,8.248760000000004,8.248760000000004,8.155650000000005,8.155650000000005,8.095680000000005,7.849030000000006,8.084480000000006,8.155650000000005,8.248760000000004,
0.0,0.0,0.0,0.0,0.48594000000000004,0.79006,0.0,0.0,0.0,0.0,0.0,0.9642700000000002,0.0,0.0,0.59941,1.3966900000000002,1.6104000000000007,3.918779999999995,6.347269999999989,6.330429999999989,6.330429999999989,6.531299999999988,6.168449999999989,6.2746999999999895,6.402999999999989,6.531299999999988,6.531299999999988,5.710979999999991,6.257859999999989,6.330429999999989,6.402999999999989,6.531299999999988,6.347269999999989,6.402999999999989,6.20212999999999,6.4587299999999885,6.531299999999988,6.4587299999999885,6.402999999999989,6.3641099999999895,6.475569999999989,6.402999999999989,6.386159999999989,6.347269999999989,6.531299999999988,6.531299999999988,6.21896999999999,6.419839999999989,6.531299999999988,6.4587299999999885,
0.0,0.0,0.0,0.0,0.0,0.0,0.0,0.0,0.0,0.0,1.5476499999999995,0.35783999999999994,0.5049899999999999,0.0,1.1717600000000004,1.7791800000000002,0.45647999999999994,5.77873999999999,6.313589999999989,6.419839999999989,6.419839999999989,6.386159999999989,6.347269999999989,6.2746999999999895,6.475569999999989,6.402999999999989,6.4587299999999885,6.257859999999989,6.4587299999999885,6.386159999999989,6.330429999999989,6.347269999999989,6.475569999999989,6.386159999999989,6.313589999999989,6.313589999999989,6.313589999999989,6.386159999999989,6.531299999999988,6.531299999999988,6.531299999999988,6.347269999999989,6.4587299999999885,6.12955999999999,6.257859999999989,6.4587299999999885,6.4587299999999885,6.419839999999989,6.2746999999999895,6.330429999999989,
0.0,0.0,0.54842,0.0,0.0,0.0,0.0,0.0,0.0,0.0,0.0,0.0,0.0,1.3654300000000001,1.9245900000000002,1.1498299999999997,1.1586899999999998,7.942140000000006,7.6901000000000055,7.969430000000006,8.248760000000004,8.155650000000005,8.084480000000006,8.248760000000004,7.991370000000006,8.248760000000004,8.248760000000004,8.155650000000005,8.155650000000005,8.177590000000006,8.248760000000004,8.248760000000004,8.155650000000005,8.013310000000006,8.155650000000005,8.177590000000006,8.248760000000004,8.155650000000005,8.155650000000005,8.155650000000005,8.177590000000006,8.177590000000006,8.084480000000006,8.155650000000005,8.155650000000005,8.248760000000004,8.248760000000004,8.193680000000006,8.177590000000006,8.248760000000004,
0.0,0.0,0.0,0.0,0.0,0.0,0.0,0.0,0.0,0.0,0.0,0.0,0.33537,0.8501500000000001,1.19814,1.4702000000000002,3.258299999999998,7.235290000000004,7.991370000000006,8.177590000000006,8.062540000000006,8.062540000000006,8.062540000000006,8.106420000000005,8.248760000000004,8.248760000000004,8.062540000000006,8.062540000000006,8.177590000000006,8.062540000000006,8.155650000000005,8.248760000000004,8.106420000000005,8.248760000000004,8.084480000000006,7.991370000000006,7.991370000000006,8.248760000000004,7.991370000000006,8.106420000000005,8.248760000000004,8.155650000000005,8.177590000000006,8.248760000000004,8.155650000000005,8.248760000000004,8.155650000000005,8.248760000000004,8.084480000000006,8.106420000000005,
0.9769000000000001,0.0,0.0,0.0,0.0,0.0,0.0,0.0,0.0,0.0,0.91154,0.0,0.65415,0.0,0.54888,1.10946,2.6748199999999986,6.610810000000003,8.226820000000005,8.155650000000005,8.084480000000006,8.248760000000004,8.248760000000004,8.155650000000005,8.248760000000004,8.248760000000004,8.248760000000004,8.177590000000006,8.248760000000004,8.084480000000006,8.248760000000004,8.248760000000004,8.177590000000006,8.248760000000004,8.177590000000006,8.155650000000005,8.177590000000006,8.084480000000006,8.248760000000004,8.155650000000005,8.084480000000006,8.177590000000006,8.177590000000006,8.084480000000006,8.248760000000004,8.177590000000006,8.177590000000006,8.155650000000005,8.084480000000006,8.248760000000004,
0.0,0.0,0.0,1.34884,0.0,0.0,0.0,0.0,0.0,0.0,0.0,0.0,0.0,0.8896000000000002,1.13579,1.8445999999999998,1.79437,8.177590000000006,8.177590000000006,8.248760000000004,8.248760000000004,8.177590000000006,7.060270000000004,8.248760000000004,8.248760000000004,8.248760000000004,8.084480000000006,8.155650000000005,8.248760000000004,8.084480000000006,8.084480000000006,8.177590000000006,8.248760000000004,8.248760000000004,8.155650000000005,8.248760000000004,8.248760000000004,8.248760000000004,8.177590000000006,8.106420000000005,8.177590000000006,8.062540000000006,8.062540000000006,7.849030000000006,8.248760000000004,8.155650000000005,8.248760000000004,8.248760000000004,8.248760000000004,8.248760000000004,
0.0,0.35146,0.0,0.0,0.32952,0.0,0.0,0.0,0.0,0.0,0.0,0.0,0.36408000000000007,0.0,2.019620000000001,1.5506900000000003,1.2853999999999999,6.946180000000004,7.821240000000007,8.062540000000006,8.106420000000005,8.248760000000004,7.991370000000006,8.248760000000004,8.155650000000005,8.248760000000004,8.062540000000006,7.920200000000006,8.155650000000005,8.248760000000004,8.062540000000006,8.248760000000004,8.177590000000006,8.155650000000005,8.084480000000006,8.248760000000004,8.155650000000005,8.248760000000004,8.193680000000006,8.248760000000004,8.177590000000006,8.084480000000006,8.248760000000004,8.248760000000004,8.248760000000004,8.248760000000004,8.248760000000004,8.248760000000004,8.248760000000004,8.248760000000004,
0.8022899999999998,0.0,0.0,0.0,0.0,0.0,0.0,0.0,0.0,0.0,0.0,0.0,0.0,1.9588099999999997,0.6761999999999999,1.2304900000000003,1.3698300000000005,5.72801999999999,6.531299999999988,6.4587299999999885,6.386159999999989,6.402999999999989,6.330429999999989,6.386159999999989,6.347269999999989,6.347269999999989,6.257859999999989,6.475569999999989,6.347269999999989,6.347269999999989,6.531299999999988,6.3641099999999895,6.330429999999989,6.4587299999999885,6.313589999999989,6.4587299999999885,6.330429999999989,6.4587299999999885,6.475569999999989,6.330429999999989,6.29153999999999,6.531299999999988,6.386159999999989,6.330429999999989,6.386159999999989,6.475569999999989,6.475569999999989,6.4587299999999885,6.4587299999999885,6.313589999999989,
0.0,0.0,0.6467699999999998,0.0,0.19182,0.4308899999999999,0.0,0.0,0.0,0.0,0.0,0.0,0.0,0.6520399999999998,1.2694799999999997,1.736209999999999,1.3433199999999998,6.614719999999997,6.894319999999996,7.536359999999997,8.322639999999996,8.071829999999997,8.186199999999996,7.514829999999996,8.418549999999996,8.186199999999996,7.994379999999996,7.855409999999997,7.994379999999996,8.149279999999996,8.031839999999995,7.935389999999996,8.053369999999996,8.341099999999996,7.666659999999996,7.935389999999996,8.149279999999996,8.053369999999996,7.843089999999996,7.880009999999996,7.802559999999996,8.245189999999996,8.167739999999997,8.341099999999996,8.090289999999996,8.090289999999996,8.149279999999996,7.957459999999996,7.880009999999996,8.263649999999997,
0.0,0.0,0.0,0.6970899999999999,0.0,0.0,0.0,0.0,0.18622,0.0,0.8279299999999998,0.0,0.20468,0.0,1.24795,1.5150599999999994,2.371199999999999,5.695609999999998,8.090289999999996,7.880009999999996,7.957459999999996,7.994379999999996,8.071829999999997,7.895399999999997,7.883079999999996,8.167739999999997,7.975919999999996,7.648199999999997,7.957459999999996,8.341099999999996,7.957459999999996,8.322639999999996,8.053369999999996,7.784099999999996,8.149279999999996,8.053369999999996,8.186199999999996,8.245189999999996,8.012839999999997,8.186199999999996,7.706649999999996,8.186199999999996,8.341099999999996,8.012839999999997,8.034909999999996,8.245189999999996,8.071829999999997,7.821019999999996,7.988779999999996,8.263649999999995,
