0.0026420000000011434,0.007535000000000958,0.015495999999997068,0.041067999999995,0.06534299999999904,0.0922949999999998,0.13357000000000196,0.1372420000000043,0.4776730000000029,0.5282960000000014,0.5797750000000006,0.6358859999999975,0.6663019999999977,0.6973079999999956,0.699419999999995,0.7006629999999947,0.7681969999999958,0.8140839999999927,0.8857299999999917,1.9482119999999927,2.0128989999999947,2.322430999999991,2.3868730000000005,2.3893260000000014,2.390645000000002,2.582888999999998,2.5831449999999974,2.584629999999998,2.5853139999999986,2.585698999999998,2.5862329999999982,2.587908999999999,2.5898499999999967,2.5904829999999963,2.5914699999999984,2.5921340000000015,2.5931360000000048,2.6623820000000054,2.8620430000000017,2.9332110000000027,2.934312999999996,2.934675999999997,3.004096999999997,3.004858999999998,3.141946999999999,3.142399,3.1427460000000007,3.1429110000000007,3.1432259999999994,3.143363000000001,
3.144556999999999,3.1456420000000023,3.148437999999998,3.169655999999992,3.185787999999998,3.2028500000000113,3.216514999999996,3.219918999999992,3.2389699999999833,3.2423599999999864,3.2564769999999825,3.4393959999999772,3.4764129999999698,3.5038069999999655,3.796594999999975,4.447557999999972,4.926575999999968,4.976105999999969,5.654281999999973,5.655597999999973,5.656672999999974,5.717190999999968,5.718058999999968,5.71881899999997,5.71910099999997,5.901206999999971,5.902184999999965,5.902425999999964,5.902729999999964,5.903522999999968,5.9038849999999705,5.965896999999972,6.157249999999972,6.157568999999968,6.1578769999999645,6.158061999999966,6.158698999999966,6.158901999999967,6.159076999999965,6.159537999999965,6.159813999999964,6.159948999999966,6.160131999999968,6.160266999999966,6.160499999999968,6.160654999999967,6.16080599999997,6.161232999999972,6.161965999999977,6.162509999999979,
6.1855699999999745,6.196032999999999,6.211530999999977,6.213924999999974,6.2194249999999665,6.228555999999965,6.244962999999976,6.24691599999998,6.254803999999983,6.278197999999976,6.286174999999978,6.290175999999977,6.311264999999994,6.525954999999963,6.839889999999955,7.07177699999997,7.230469999999962,7.27049299999996,8.542447999999972,8.604350999999973,8.79078599999998,8.792458999999988,8.79283499999999,8.79378799999999,8.794527999999996,8.924600999999994,8.925001999999994,8.926049999999993,8.926600999999993,8.993477999999987,9.06354099999999,9.06455799999999,9.064923999999989,9.065179999999991,9.065861999999987,9.066664999999992,9.067054999999991,9.340238999999983,9.340592999999979,9.340740999999978,9.341059999999977,9.341372999999978,9.341701999999982,9.341956999999985,9.342551999999989,9.342756999999986,9.343241999999988,9.344406999999988,9.344567999999986,9.344806999999985,
9.348133999999996,9.361622000000015,9.364585000000007,9.36753000000002,9.370378000000017,9.37940100000001,9.388311000000018,9.409482000000015,9.431229000000029,9.458231000000017,9.685465000000024,9.69186400000004,9.877420000000093,10.241271000000106,10.469054000000108,10.46980900000011,10.635082000000098,11.046323000000086,11.099709000000079,11.102847000000066,11.10362600000006,11.105168000000054,11.105791000000059,11.424598000000039,11.426264000000037,11.540365000000046,11.542026000000048,11.543464000000046,11.657605000000048,11.899238000000047,11.961168000000047,11.963375000000049,11.963778000000048,12.02609900000005,12.153838000000052,12.154496000000051,12.156026000000042,12.156706000000042,12.15736800000005,12.15779900000005,12.159002000000045,12.159439000000043,12.159811000000046,12.426082000000047,12.426600000000056,12.427216000000062,12.427352000000061,12.42758300000006,12.42775700000006,12.428090000000061,
12.434012000000054,12.458846000000054,12.484408000000014,12.487937000000002,12.514717000000008,12.526544000000014,12.537136000000029,12.541264000000032,12.547506000000036,12.551831000000034,12.557948000000039,12.559746000000043,12.584869000000054,12.618280000000041,12.65173100000006,12.69186700000005,12.72671300000003,12.746586000000029,13.202685000000033,13.267297000000026,13.595919000000015,13.680301000000016,13.90469100000002,14.191454000000018,15.040278999999995,15.177568999999945,15.177746999999936,15.17867999999994,15.179126999999944,15.180827999999934,15.181139999999928,15.182292999999934,15.18310699999995,15.183646999999944,15.184177999999946,15.319402999999966,15.320676999999971,15.59711799999997,15.597340999999975,15.597917999999986,15.598331999999989,15.599060999999995,15.599638999999975,15.599897999999982,15.600176999999977,15.600543999999964,15.600925999999962,15.601095999999966,15.60164899999997,15.60226999999998,
15.617344999999997,15.63777699999996,15.63942899999995,15.661930999999992,15.693687000000025,15.712067000000037,15.737134000000037,15.762492999999935,15.76839799999994,15.829204999999916,15.891699999999911,16.607874999999893,17.044297999999845,17.60532799999986,17.658087999999857,17.659360999999844,17.65994399999984,17.818598999999846,17.820665999999832,17.82102499999982,17.821445999999824,17.82208599999981,17.822920999999823,17.823106999999823,18.043469999999786,18.04436799999976,18.04564899999978,18.04667599999979,18.047015999999793,18.04807899999981,18.04839299999981,18.105873999999794,18.1066689999998,18.22247499999979,18.22277599999979,18.2233299999998,18.281761999999805,18.282308999999806,18.282673999999798,18.2828599999998,18.283088999999798,18.283498999999797,18.2840139999998,18.284190999999804,18.284423999999795,18.284844999999798,18.28513199999981,18.285386999999805,18.2855379999998,18.285806999999807,
18.288330999999815,18.296486999999885,18.320314999999844,18.34027800000008,18.347477000000044,18.36530199999998,18.370725999999994,18.373010999999984,18.38696499999999,18.411863000000007,18.422827999999985,18.440745999999947,18.457680999999944,18.472468999999933,18.48267299999995,18.51770999999991,19.35559299999987,19.5435819999998,19.622390999999812,19.662441999999817,20.008648999999828,20.511383999999843,20.512669999999844,20.51372199999984,20.514308999999862,20.74015999999985,20.74047999999986,20.741010999999858,20.79826399999985,20.97369399999984,20.97393199999984,20.97425799999984,20.974492999999832,20.97506499999983,20.975746999999835,20.976469999999836,20.977025999999842,20.97772699999984,20.978295999999833,20.978736999999843,20.97899399999984,20.97922399999984,20.980019999999847,20.980981999999827,20.981668999999815,20.98233199999981,20.98272499999981,20.98315499999981,21.16170599999981,21.161947999999814,
21.1799599999998,21.200182999999782,21.226934999999866,21.25778299999984,21.267178999999892,21.279925999999904,21.31134299999991,21.3333029999999,21.39198799999983,21.480966999999815,21.858747999999768,22.913640999999842,22.915106999999857,22.91814599999989,23.354810999999945,23.473025999999958,23.47388599999996,23.47434599999996,23.535363999999955,23.53660399999996,23.53750599999998,23.59875299999998,23.727155000000003,23.727770999999994,23.72926700000001,23.72959500000001,23.73039000000003,23.732214000000013,23.732467000000018,23.801393000000026,23.86549300000001,23.86628700000003,23.929803000000025,24.066843000000027,24.068088000000028,24.069347000000047,24.27024000000005,24.27134100000005,24.271919000000054,24.272694000000048,24.273124000000045,24.27333900000005,24.27386800000004,24.274102000000035,24.27552600000003,24.344765000000027,24.34514800000003,24.345645000000037,24.346203000000035,24.346606000000037,
24.371287000000002,24.376123999999997,24.400059999999993,24.413311999999976,24.42420099999993,24.42962199999994,24.442276999999965,24.46732999999989,24.47263899999987,24.495911999999873,24.56440499999984,24.565520999999823,24.942695999999927,25.05196399999989,25.05448799999989,25.17948999999988,25.280372999999855,25.64561999999985,26.4781439999999,26.47926299999989,26.86860099999986,26.869259999999848,26.928964999999856,26.929240999999863,26.92979999999986,26.930047999999854,26.930324999999858,26.930816999999852,26.931247999999854,26.99020699999986,26.99079699999985,27.05104099999983,27.051261999999834,27.111170999999832,27.111864999999845,27.112098999999834,27.112663999999825,27.113574999999834,27.113844999999834,27.114083999999835,27.114365999999833,27.114509999999836,27.114699999999832,27.11501199999984,27.11529599999984,27.115484999999836,27.11570999999984,27.115978999999832,27.11696599999982,27.11756099999982,
27.128778999999906,27.135318999999942,27.15050699999984,27.15453599999985,27.177149999999887,27.180704999999868,27.18999399999981,27.192831999999832,27.19631099999982,27.207986999999783,27.214379999999792,27.216908999999795,27.222624999999763,27.2334229999998,27.251579999999837,27.26370099999986,27.412251999999935,27.634650999999906,27.866388999999874,28.28190099999987,28.55641199999986,29.30295299999985,29.303124999999856,29.30343499999986,29.30413099999987,29.304463999999868,29.305160999999874,29.460620999999875,29.461005999999863,29.461632999999853,29.462888999999866,29.464827999999883,29.518672999999865,29.627018999999866,29.627513999999856,29.62777499999985,29.628236999999856,29.62846699999986,29.68385099999987,29.683993999999874,29.68444399999988,29.684704999999884,29.68545499999989,29.685907999999895,29.68620799999989,29.686347999999896,29.686682999999896,29.686942999999903,29.6873469999999,29.688423999999902,
29.696266999999914,29.699448999999888,29.723515999999815,29.748623999999786,29.752777999999818,29.778261999999792,29.800807999999787,29.84024499999976,29.84310399999977,29.848297999999744,30.259758999999676,30.845673999999626,30.84851099999964,30.85213799999965,31.02360299999961,31.02486099999961,31.02600399999961,31.027042999999622,31.252678999999667,31.980993999999555,32.038575999999566,32.09682299999958,32.0977269999996,32.098089999999594,32.1573379999996,32.1581059999996,32.1590269999996,32.15930499999959,32.281941999999596,32.2826279999996,32.4045509999996,32.40557899999958,32.40699699999956,32.40751499999955,32.40773899999956,32.407971999999575,32.40867399999956,32.40885899999955,32.409512999999556,32.41209099999954,32.41231199999955,32.47585699999955,32.476781999999574,32.60513099999957,32.60572199999954,32.60600599999954,32.606650999999545,32.60707099999954,32.67154799999955,32.672385999999555,
32.69756299999951,32.7178769999996,32.72327899999964,32.72588199999967,32.73774699999972,32.738783999999725,32.74362499999975,32.78312899999989,32.79626499999985,32.81544599999978,32.86964599999976,32.88491199999976,33.18954399999967,33.29844499999968,33.38937699999969,33.553824999999684,33.62959899999967,33.824217999999696,33.82514699999972,33.871330999999685,34.972332999999615,34.97360399999959,35.09898099999958,35.09955399999957,35.161535999999586,35.224442999999575,35.225395999999556,35.22664799999957,35.22698799999957,35.22741899999958,35.22920399999959,35.490998999999626,35.491289999999616,35.491819999999606,35.49270899999962,35.49373899999963,35.559446999999636,35.55968099999964,35.560111999999634,35.56093299999962,35.628409999999626,35.628945999999615,35.765266999999625,35.76627999999965,35.76689199999968,35.76728599999966,35.767579999999654,35.76785699999965,35.76841199999965,35.76878099999965,
35.79337599999964,35.79515699999964,35.81905299999957,35.832560999999544,35.84497199999956,35.85402499999957,35.87141399999954,35.90186099999959,36.01628899999959,36.0321369999996,36.09837499999963,36.1283009999995,36.169693999999474,36.284406999999526,37.414677999999384,38.24465999999935,38.24499199999933,38.24571899999931,38.24642599999931,38.246765999999305,38.3089159999993,38.4378779999993,38.6326429999993,38.63322999999931,38.63401599999931,38.634989999999306,38.63539699999931,38.63571999999931,38.63705399999927,38.637351999999275,38.637873999999265,38.63927799999925,38.70703899999926,38.707743999999266,38.7084059999993,38.77623899999929,38.77660299999927,38.77735099999928,38.91513899999929,38.9158319999993,38.9163239999993,38.91766699999933,38.91835599999932,38.91865699999933,38.91888199999932,38.919117999999315,38.91942899999932,38.9195899999993,38.92015399999929,38.921956999999296,
38.94659999999939,38.97485899999927,38.9835739999993,38.99351399999941,38.99541799999942,39.00221999999939,39.00292899999941,39.01677799999937,39.023246999999415,39.02512499999941,39.02645399999943,39.040705999999396,39.04322599999943,39.04436699999944,39.12324399999941,39.6274309999993,39.714630999999315,39.820092999999304,39.82119099999928,39.92216199999929,40.17557499999932,40.677838999999224,40.725007999999214,40.7736709999992,40.86800299999919,40.8685789999992,40.869052999999184,40.869496999999186,40.870023999999184,40.87077799999919,40.87124599999918,40.87386799999921,40.923475999999205,40.925295999999186,40.92640299999916,41.176637999999194,41.282936999999215,41.28358099999918,41.2854019999992,41.285728999999215,41.28619299999924,41.28654599999922,41.28680399999921,41.28774099999922,41.28812799999922,41.343155999999254,41.50870699999924,41.509400999999265,41.50995699999927,41.51095199999924,
41.51944399999921,41.526128999999266,41.53570299999932,41.53762399999936,41.56088099999928,41.58296599999918,41.595219999999244,41.60235099999928,41.625328999999354,41.644973999999415,41.64635999999942,41.653242999999435,41.66134299999948,41.843648999999346,41.859818999999334,41.860831999999355,41.89423099999929,42.53096099999912,42.59524499999911,43.197066999999045,43.198187999999064,43.3711479999991,43.37215799999908,43.41761099999905,43.418126999999075,43.418741999999085,43.46346999999909,43.55542699999912,43.55602699999912,43.55653399999912,43.558173999999084,43.55953199999907,43.60753999999906,43.60819999999906,43.60861899999906,43.70616199999901,43.755880999999015,43.75662699999902,43.75734999999904,43.75796799999905,43.758511999999065,43.75876499999906,43.759098999999054,43.75939899999906,43.759909999999046,43.76011199999906,43.76056299999907,43.76075299999907,43.76089899999908,43.76215699999909,
43.78668199999924,43.800461999999136,43.803572999999155,43.80667199999916,43.826212999999235,43.83705099999917,43.83895699999915,43.864747999999,43.899468999998994,43.93060599999897,43.94306899999899,43.94546299999897,44.10898999999896,44.33650699999897,44.78277599999909,44.82190799999912,44.82324199999912,44.8239269999991,44.86553699999905,44.866445999999065,45.797925999999045,46.02446699999901,46.08292799999901,46.26599999999901,46.267044999999015,46.267597999999026,46.267950999999016,46.514684999999034,46.51518999999904,46.51549199999904,46.516184999999034,46.51656599999903,46.517260999999,46.51749399999902,46.51767499999903,46.51856899999903,46.518950999999035,46.585472999999034,46.58574899999906,46.720660999999076,46.72117799999907,46.787391999999066,46.788290999999084,46.78871299999908,46.788959999999086,46.789486999999056,46.790382999999046,46.790764999999055,46.79108699999907,46.79142699999908,
46.81674099999906,46.818484999999086,46.82019899999906,46.832318999998975,46.84425599999899,46.84535199999895,46.87049799999888,46.87932899999891,46.886908999999,46.90127699999904,46.920173999998966,47.12155499999894,47.62001399999895,47.62051699999895,47.62358999999896,47.76442599999898,47.95284599999892,48.35700999999895,48.35822999999894,48.55880099999895,49.06653299999902,49.06854799999904,49.06908999999904,49.33808699999901,49.471463999999024,49.47441299999905,49.606824999999056,49.67240299999905,49.73993599999905,49.74051399999904,49.74087499999906,49.741203999999044,49.74184799999906,49.74229599999904,49.74312299999903,49.74384699999903,49.744871999999035,49.74580499999904,49.81655399999905,49.81700799999905,49.81750799999908,49.81773999999907,49.892009999999054,50.03562299999906,50.036093999999075,50.03624299999906,50.03749899999906,50.038143999999065,50.03875099999909,50.0396389999991,
50.04653299999913,50.047517999999144,50.05044199999918,50.074273999999086,50.099563999999276,50.122746999999286,50.15125599999932,50.156435999999225,50.177249999999276,50.2296229999993,50.268544999999264,51.3773859999992,51.468229999999174,51.56337499999921,51.56529599999925,51.56683899999924,51.81632799999929,51.816684999999275,51.81770799999927,51.87033799999927,51.871927999999265,52.76712499999927,52.767788999999276,52.767985999999276,52.76835399999929,52.769093999999264,52.770330999999295,52.90446399999928,52.90512299999926,52.90560999999924,52.90612699999926,53.050559999999244,53.05128599999923,53.051753999999235,53.05195699999924,53.052137999999246,53.05238399999924,53.05299999999925,53.05330399999925,53.05392599999925,53.05434899999926,53.055099999999285,53.05528499999929,53.055970999999325,53.056313999999325,53.056514999999315,53.0569099999993,53.05767399999927,53.05854899999928,53.058781999999276,
53.08385099999936,53.09335699999936,53.095064999999344,53.12186099999925,53.130240999999316,53.137563999999244,53.164966999999315,53.16671999999932,53.182811999999274,53.184985999999306,53.24218699999932,53.26395699999938,53.53979399999944,53.86624699999951,53.93436599999953,54.444261999999455,54.79728999999944,54.8995899999994,54.90109299999939,55.02410899999946,55.13488899999944,55.511120999999434,55.68338799999948,55.76561899999951,55.7677479999995,55.92075499999951,55.92131799999949,55.922391999999455,55.92296799999946,55.92334899999947,55.92454999999944,55.92503099999944,55.92591799999945,56.088263999999455,56.08985599999945,56.090449999999464,56.091430999999446,56.09208699999945,56.09259799999945,56.09315099999946,56.094022999999446,56.09466199999944,56.09648699999944,56.170355999999416,56.17071399999941,56.308962999999366,56.30932699999938,56.38027699999936,56.381311999999376,56.38230999999937,
56.38598099999939,56.38811999999938,56.39782399999935,56.402421999999376,56.4243429999992,56.45118799999902,56.46059199999896,56.46672299999896,56.48039799999884,56.485543999998924,56.509264999998685,56.677701999998646,56.96085299999859,56.99063199999858,58.49575799999869,58.670190999998745,58.670725999998744,58.672770999998704,58.673293999998705,58.67488599999871,58.918180999998675,58.91886899999869,58.981713999998746,59.175203999998764,59.24137699999877,59.30574599999878,59.30647299999877,59.306828999998785,59.372335999998775,59.437663999998776,59.438486999998794,59.43898099999882,59.43959199999878,59.44011499999879,59.440265999998815,59.44043999999882,59.44070099999882,59.44185399999881,59.44199999999881,59.44245499999881,59.44286399999877,59.44373799999875,59.444367999998754,59.44451399999875,59.44470299999873,59.44497899999874,59.44550399999874,59.44575899999874,59.445909999998726,59.44627599999874,
59.44865299999872,59.45611399999879,59.46522499999885,59.48222599999882,59.49630199999871,59.50051899999876,59.501052999998755,59.50327899999875,59.51858699999881,59.53204799999874,59.533458999998714,59.54654299999867,59.57490499999871,59.615629999998674,59.90512499999871,60.32758499999869,60.70605299999863,60.74932399999864,61.57284699999879,61.62898699999887,61.63046799999891,61.63260799999894,61.745390999998904,61.92388999999888,62.048720999998864,62.05081199999886,62.05114799999882,62.052198999998794,62.05283499999881,62.11615699999889,62.11668699999892,62.18019199999901,62.18106399999904,62.30868599999907,62.30973999999905,62.31042499999903,62.31105999999902,62.31167799999908,62.311915999999144,62.31390699999913,62.31410899999916,62.51508999999916,62.51541599999919,62.58537099999916,62.58564299999912,62.58595999999913,62.58663399999905,62.586850999999044,62.58731799999903,62.58751199999904,
62.603503999999006,62.62492399999877,62.62804699999869,62.65263099999842,62.66335599999843,62.68288499999832,62.71599999999786,62.79031499999773,63.04522699999775,63.23699399999765,63.51012199999768,63.513116999997706,63.83602099999776,63.90946599999772,63.91091499999773,64.01964899999774,64.06114599999786,64.1407829999978,64.14165999999781,64.52427399999785,64.52502699999783,64.52604999999784,64.52666699999784,64.52700199999782,64.52798399999783,64.71008099999786,64.75878699999785,64.76059499999789,64.7621259999978,64.76281099999782,64.91119899999771,64.91160199999771,64.9118239999977,64.91212799999771,64.91245499999768,64.96226799999765,64.9629809999977,64.96341699999768,64.96391299999766,64.96406599999763,64.96461599999768,64.96528299999763,64.9656509999976,65.01474799999758,65.01507199999756,65.01540799999759,65.01558099999757,65.01575699999759,65.0163549999976,65.0166299999976,
65.04055299999776,65.062091999998,65.06489399999805,65.08929099999781,65.09991199999774,65.11759999999757,65.14856199999778,65.17320199999769,65.19723799999767,65.20132399999774,65.30744599999788,65.46940999999798,65.54082899999804,65.56999699999811,65.57182199999811,65.59841399999807,65.59966099999814,65.60128599999811,66.01945599999814,67.31145699999803,67.50273799999802,67.62549099999805,67.6265929999981,67.62777799999806,67.62819599999803,67.68827799999798,67.752341999998,67.75254099999796,67.752928999998,67.75336299999796,67.75401799999796,67.75463899999794,67.75537199999792,67.75630499999788,67.75674099999785,67.75719399999778,67.82102999999782,67.95051499999782,67.95096499999782,68.01634299999782,68.01687499999781,68.01805899999779,68.01844599999781,68.0187359999978,68.01908799999777,68.01926399999776,68.01980299999775,68.02005099999776,68.02219499999781,68.29154499999784,
68.29329599999782,68.31734699999821,68.32124499999829,68.32928499999814,68.35153399999759,68.36564299999766,68.36897999999769,68.38802599999755,68.40200799999741,68.4110549999976,68.50461799999773,69.04359499999786,69.04515499999789,69.23356999999793,69.23683099999786,69.27216399999796,70.5436749999977,70.54469399999778,70.59923099999777,70.59996699999775,70.65553299999773,70.65616599999781,70.65659799999783,70.65785899999787,70.65832999999792,70.65906199999796,70.65970699999795,70.76966399999792,70.77094199999796,70.77154299999795,70.7722489999979,70.77428599999789,70.7748219999979,70.77550799999791,70.77592499999786,70.77622199999787,70.77674499999787,70.88790599999793,70.88855099999793,70.88877299999793,70.94686599999788,70.94710299999787,70.94734399999788,71.00518499999787,71.00568699999786,71.00589099999786,71.00653899999787,71.00744499999783,71.00766399999785,71.00807099999784,
71.032139999998,71.05823899999814,71.08381599999814,71.08463999999815,71.08967099999813,71.09153599999811,71.17983799999828,71.21633699999828,71.22151999999821,71.22643099999829,71.32148799999857,72.02030599999871,72.6180389999987,72.66804599999868,72.67079999999869,72.77437399999864,72.7754149999986,72.77703099999864,72.77813999999857,73.21585999999866,73.27845599999864,73.27917799999862,73.27964499999858,73.45438199999849,73.45553999999856,73.45592999999856,73.45664499999855,73.45749199999854,73.45798199999852,73.45837899999856,73.46003499999861,73.46108899999862,73.46155699999862,73.58512599999861,73.71031099999863,73.71183699999867,73.71208699999863,73.71302199999865,73.71346699999866,73.71433299999865,73.77865799999867,73.77892199999869,73.97819199999873,73.97888099999875,73.9792169999987,73.97936799999867,73.98029999999866,73.98048899999866,73.98124699999867,73.98151799999867,
73.9953949999985,73.99705699999846,74.02170399999822,74.03227399999825,74.03730199999826,74.04613599999844,74.05130499999851,74.05424599999843,74.06941199999854,74.1105139999985,74.1117349999985,74.18109899999853,74.1941979999985,74.24238599999872,74.27398899999879,74.34310699999877,74.3457959999988,74.43197799999875,74.78354599999862,75.00557999999855,75.18813099999858,75.34838199999857,75.43208999999848,75.60621099999857,75.6516099999986,75.69986199999856,75.74614299999854,75.74779499999853,75.74899399999849,75.79631299999838,75.89488699999838,75.94477599999837,75.94603999999838,76.19879299999835,76.35978199999828,76.36000099999829,76.36075699999832,76.36161099999833,76.36205799999834,76.36234299999836,76.36291899999837,76.36309599999838,76.36349699999836,76.3641149999984,76.36456299999843,76.3648769999984,76.42064299999839,76.59095999999843,76.59129599999844,76.59148399999845,
76.59466299999846,76.59597499999848,76.60142499999846,76.60993699999858,76.61314699999852,76.62536299999861,76.64966499999873,76.67570199999895,76.68532599999888,76.69813599999873,76.70107099999872,76.70922799999877,76.72504899999886,76.7277419999989,76.85676399999899,77.245097999999,77.35851199999897,77.64310699999889,77.97805899999894,78.24486599999902,78.24544899999906,78.24675599999907,78.39045599999909,78.63708699999916,78.63788499999914,78.69048099999912,78.69193099999916,78.69251099999912,78.69309599999916,78.91629899999924,79.0904199999993,79.09147499999929,79.0929229999993,79.09361899999925,79.09389399999925,79.09675199999927,79.33284399999924,79.33325199999926,79.33368299999923,79.33431599999923,79.33470699999926,79.33522399999926,79.33577499999926,79.33628999999924,79.33703599999924,79.39799999999926,79.39858699999927,79.39887199999932,79.39957099999937,79.39994999999936,
79.41482399999933,79.43859699999949,79.45030399999953,79.45529599999969,79.46260599999974,79.47942999999975,79.48677499999987,79.4896419999999,79.49339799999987,79.5034879999999,79.51463599999995,79.52749799999981,79.57440199999981,79.61079899999997,79.65509099999989,79.68887299999986,79.82244399999978,79.85074199999981,81.44021999999981,81.72343699999988,81.96654999999993,81.96880099999994,81.96935899999995,81.96990799999992,81.97139899999989,82.03485399999988,82.22576599999978,82.22618099999981,82.22820099999971,82.22873299999969,82.3619259999997,82.36218699999971,82.36272199999969,82.36293699999968,82.36333799999967,82.4974309999997,82.49778999999967,82.49825199999972,82.4989909999997,82.49916699999969,82.5001659999997,82.5003939999997,82.5012359999997,82.50226599999972,82.50270099999973,82.50294599999971,82.5039409999997,82.50476499999967,82.5051759999997,82.50537699999967,
82.5121559999996,82.5211849999994,82.5303959999995,82.53792399999944,82.54293299999928,82.5458159999993,82.57096199999924,82.5986169999994,82.6030659999996,82.61294199999958,82.62081299999959,82.62228999999964,82.64257799999956,82.6692639999995,82.69933799999946,83.26122199999946,83.40317399999962,83.66315899999964,84.23746499999964,84.76672899999974,84.76895499999966,84.76988799999974,84.94601199999994,84.947286,84.94817800000007,85.00975300000009,85.07203200000005,85.19433400000003,85.19514400000008,85.19630700000012,85.19658200000013,85.1974030000002,85.1986140000002,85.26185600000018,85.26210500000019,85.4528110000002,85.4531490000002,85.45364200000019,85.45424100000015,85.45526300000013,85.45546400000018,85.45566700000018,85.4564190000002,85.45668800000023,85.45701500000023,85.45729600000021,85.45806400000028,85.52361600000032,85.5238700000003,85.59058800000022,
85.5965010000002,85.60835500000013,85.60991000000008,85.61758000000019,85.62784000000018,85.63659600000025,85.65923500000041,85.67373400000022,85.69412800000042,85.70028900000035,85.71249500000056,85.72492400000047,85.86379500000054,85.86539300000067,85.90801300000071,86.01243300000094,86.33961200000117,86.5056720000012,87.22009600000123,87.22091600000124,87.34892600000114,87.39265600000115,87.39321900000111,87.39470900000111,87.39514400000112,87.52640500000119,87.52697600000121,87.52738900000124,87.52882800000117,87.52957000000116,87.5303700000012,87.57692100000124,87.57993800000128,87.67283600000124,87.72022800000127,87.72118100000122,87.72146700000123,87.72202400000118,87.7222920000012,87.91675600000116,87.91752600000112,87.91787200000117,87.91816200000116,87.91847500000117,87.91938400000114,87.91971000000113,87.92021400000114,87.92044100000113,87.92075700000113,87.92102400000113,
87.92866500000103,87.94219700000097,87.95455700000113,87.97368700000109,87.97657100000117,88.00030600000116,88.00856900000122,88.0170480000011,88.0408960000011,88.08064000000093,88.09639900000091,88.31057600000082,88.35439900000087,88.35836400000082,88.36047800000065,88.36311600000076,88.56600000000074,88.6198740000008,90.04356300000066,90.04410500000064,90.04463300000059,90.04592100000063,90.04652100000062,90.04730000000065,90.09941700000067,90.25766100000075,90.25855200000075,90.25888700000074,90.2600770000008,90.2609690000008,90.26129200000078,90.2616890000008,90.26216000000079,90.2631130000008,90.2634480000008,90.32106600000078,90.32127600000078,90.32224000000079,90.32307700000085,90.48799400000092,90.4884700000009,90.48912500000094,90.48963900000098,90.49004100000094,90.49044200000098,90.49080100000096,90.49102100000091,90.49124300000086,90.49172500000088,90.49189000000092,
90.511623000001,90.53044200000097,90.53689000000095,90.5584280000008,90.56665200000083,90.57500700000071,90.5839930000008,90.61145000000076,90.61653600000074,90.67356200000086,90.67526400000088,91.08292500000084,91.1846330000009,91.54372900000114,91.62293400000112,92.86570800000113,92.86783700000116,92.8686000000012,93.07515500000113,93.14714700000106,93.40601100000107,93.40663800000104,93.40700400000107,93.40729400000112,93.40764200000112,93.40818500000115,93.4093430000012,93.40984800000118,93.41118000000118,93.41151500000115,93.61645200000113,93.61694800000112,93.61715300000111,93.6174380000011,93.61784400000113,93.68807000000119,93.68824800000118,93.68854200000118,93.6897580000012,93.69006500000124,93.69032800000123,93.69076600000123,93.6910960000012,93.69212300000116,93.69334700000117,93.69361600000119,93.69430200000123,93.69476800000125,93.69503200000126,93.6959300000013,
93.69807700000132,93.71110500000148,93.71632200000151,93.72719000000144,93.7456410000016,93.74911500000155,93.75984300000145,93.77188900000156,93.77570100000162,93.7835020000015,93.78605800000157,93.8027850000013,93.80559100000114,93.81098200000125,93.81210300000119,93.82107700000114,93.82670100000114,93.83013400000122,93.87629900000132,93.88072400000145,94.09900900000127,94.10241800000124,94.42421100000138,95.66156500000132,95.66201700000127,95.85106800000129,95.85157200000128,95.85391600000125,95.85417700000126,95.85455100000127,95.92260000000128,96.07434400000132,96.07483800000128,96.07569900000131,96.07594600000131,96.07672600000126,96.07709400000124,96.07778200000122,96.07827000000125,96.12818200000119,96.12859700000118,96.12913800000113,96.18085500000113,96.2345550000011,96.23510800000112,96.2355550000011,96.23614000000111,96.23651200000111,96.2369110000011,96.28971800000109,
96.31538000000118,96.31656300000121,96.32690000000125,96.35118200000139,96.3658400000013,96.36871900000135,96.38273000000119,96.38532400000122,96.40343000000114,96.42672800000098,96.436023000001,96.4396970000011,96.47901400000121,96.48213500000115,97.01629100000122,97.08252100000131,97.53694200000135,97.53851300000142,97.5441950000014,97.54631900000146,97.54820900000145,97.63377600000146,97.76678900000151,97.82059600000179,97.86890500000179,98.17584000000174,98.46728000000167,98.46822200000166,98.70561400000163,98.8918090000017,99.15117200000171,99.21983000000178,99.2212470000018,99.22152200000178,99.22238900000178,99.42729300000181,99.42788000000178,99.4284440000018,99.42866800000185,99.42906100000185,99.42925900000186,99.42991900000186,99.43078000000186,99.43140400000196,99.43365100000192,99.43464700000187,99.43485500000187,99.57695900000189,99.6487480000019,99.64895100000189,
99.67302500000173,99.68099400000163,99.68299800000165,99.68671800000162,99.7111650000021,99.73120800000196,99.75559600000186,99.78581700000191,99.7994090000019,99.86151900000186,99.95900400000184,100.0259260000018,100.02737800000179,100.0906680000017,100.36781300000155,100.36913200000154,101.04641200000124,101.5431550000014,101.54436300000138,101.54587000000137,101.9019490000013,101.95695400000122,101.95868600000118,101.95909200000116,101.96035400000115,101.96074500000117,101.9610910000012,101.9614170000012,101.96176600000119,101.96253100000119,102.07570200000116,102.1311900000012,102.13144500000122,102.13184800000123,102.13216100000122,102.18903500000121,102.18958300000125,102.19018400000124,102.19098600000122,102.30534900000129,102.30586300000131,102.37015100000129,102.3705310000013,102.3707410000013,102.3712180000013,102.3714430000013,102.37174300000132,102.37197100000134,102.37254500000135,102.37293400000131,
102.39905600000155,102.40436400000146,102.4071800000015,102.41202300000144,102.41894900000152,102.4455060000013,102.45243200000131,102.46757200000118,102.47114600000123,102.48448400000142,102.48842200000152,102.49081700000157,102.49210300000163,102.51896900000148,102.60650500000163,103.00977700000166,103.66055400000155,103.92792500000147,104.73298900000161,104.73394300000164,104.73435300000163,104.7984970000017,104.86113000000161,104.92314900000171,104.98625300000177,104.98676600000178,104.98769800000166,104.98921500000158,105.24469000000158,105.24519600000153,105.24582500000156,105.24601700000157,105.24623900000157,105.24684200000156,105.24716500000157,105.24863800000148,105.24950700000149,105.25032900000146,105.45765600000153,105.45790100000153,105.45854100000153,105.45874900000152,105.45895800000153,105.45940400000153,105.53249800000154,105.53287300000152,105.53342000000154,105.53384600000155,105.53461100000145,105.53504700000144,
105.5398230000014,105.56200400000161,105.56661200000167,105.57051700000169,105.57887000000176,105.58747600000179,105.5983810000018,105.60049700000181,105.62663200000175,105.63240700000186,105.63787600000174,105.6389450000016,105.65180800000184,105.71571900000211,105.73232300000214,105.93870800000221,105.9995410000022,106.00168400000213,106.02306900000208,106.11366600000218,107.30526300000206,107.66102000000217,107.66175300000221,107.71591900000222,107.88235100000223,107.8841030000022,107.94133600000218,107.94168000000214,107.99889900000208,108.1237320000021,108.1841160000021,108.24238500000205,108.30185500000206,108.302341000002,108.30252400000201,108.30303100000206,108.30343200000208,108.30388300000209,108.36456600000211,108.3647850000021,108.36578500000206,108.36645900000212,108.36664400000214,108.36687900000217,108.36751000000216,108.36812700000215,108.36866400000218,108.36953100000217,108.37019400000214,108.37055200000215,
108.38093000000202,108.38730700000202,108.39661100000221,108.42034300000225,108.44424200000213,108.45052200000202,108.45793300000217,108.45957700000224,108.48766800000209,108.49519100000204,108.50783900000215,108.57253700000217,108.88053400000238,108.99750500000235,109.09884600000238,109.12672800000239,109.39554300000243,109.6305620000025,109.63143100000254,109.66743300000259,109.81474700000263,109.81641300000273,109.89884600000285,110.02094900000284,110.06259900000286,110.14967300000279,110.15034500000277,110.15095500000278,110.1518640000028,110.15278900000283,110.19699600000283,110.33137000000274,110.33166800000272,110.33287900000276,110.33348400000276,110.33388700000276,110.33498600000277,110.33545400000278,110.33615600000277,110.33664300000277,110.33784500000276,110.52236300000277,110.52439900000282,110.52496200000276,110.52555700000275,110.52626200000272,110.52654000000268,110.5269470000027,110.52766200000275,110.72522700000283,
110.7321420000028,110.73692600000274,110.7398930000026,110.75946700000242,110.78640300000258,110.80601700000254,110.81007700000252,110.81735700000259,110.85728400000238,110.86735300000252,110.87999000000251,110.93712400000285,110.97493300000286,112.12276700000311,112.36392200000319,112.74200600000314,112.80023500000321,112.80224800000317,112.80284000000317,112.8625390000032,112.86319700000321,112.98195400000324,113.10344200000323,113.10554800000318,113.10588300000316,113.17033800000316,113.23411300000312,113.36258900000317,113.42772700000316,113.42896500000316,113.76216300000313,113.7631650000031,113.76391900000309,113.76442200000305,113.83340600000307,113.83363600000307,113.90392000000311,113.90441200000306,113.90485700000306,113.90510800000305,113.90555400000308,113.90606000000308,113.90623400000307,113.90787800000311,113.90848500000311,113.9088020000031,113.90915000000315,113.90981600000312,113.98132300000321,113.98156500000322,
114.00568900000349,114.00884500000357,114.01398500000367,114.03155300000365,114.04913100000364,114.06494200000365,114.08648400000388,114.10268400000373,114.11844600000389,114.12811700000404,114.13077300000415,114.4220240000046,114.59931500000464,115.4948660000042,115.64761700000419,115.93415900000419,115.93450500000417,115.9359410000041,116.33666500000403,116.71116300000419,116.77776700000418,116.77801600000417,116.7783550000042,116.7791510000042,116.77994900000417,116.84815500000414,116.91662200000412,116.91827000000418,116.9187340000042,116.91923900000417,116.92098200000406,116.99215000000403,117.12955400000406,117.13056000000407,117.20214500000407,117.20239100000408,117.20278900000409,117.20313800000413,117.20350700000415,117.20378500000416,117.20434200000415,117.20454600000414,117.27574600000415,117.2765740000041,117.2769540000041,117.27769500000413,117.2785060000042,117.27875100000418,117.27915800000417,117.27952100000418,
117.2820530000042,117.29029600000425,117.29981900000435,117.32240900000426,117.3259060000041,117.3457370000044,117.35336300000428,117.37962600000421,117.38824300000422,117.40955400000412,117.79621400000396,117.96694500000415,118.0632710000041,118.72137700000411,118.81472400000406,119.16421800000408,119.22477900000406,119.28245100000413,119.28363600000415,119.58068800000417,119.64238500000415,119.64302900000418,119.64338200000418,119.64413500000418,119.83051900000414,119.83220800000424,119.83338500000427,119.83434300000431,119.89798500000433,120.08586000000436,120.08604400000438,120.08735100000439,120.08798900000436,120.08843200000435,120.08876800000435,120.08988000000429,120.09085200000429,120.09122600000424,120.09200200000421,120.22412600000416,120.22479100000417,120.2904300000042,120.29122300000421,120.29162300000417,120.35847100000412,120.35905400000415,120.36055200000405,120.36076200000406,120.36095100000405,120.36161400000401,
120.372219000004,120.37722100000406,120.39351800000422,120.39612500000415,120.40402000000407,120.43006000000432,120.45590300000457,120.46578400000436,120.47991700000439,120.50730600000432,120.54209200000446,120.80598600000451,121.26838800000408,121.27000500000399,121.27122500000404,121.81642800000414,122.40278200000404,122.514928000004,122.57049000000403,122.57143600000401,122.62738500000404,122.79980900000416,122.85943000000427,122.8618680000043,122.86268500000432,122.86340800000426,122.86426500000428,122.86552300000429,123.04651200000418,123.04696700000417,123.04747100000418,123.04798000000412,123.04856600000406,123.04957500000407,123.04989800000413,123.05077100000415,123.05147700000418,123.05166700000422,123.05250300000424,123.05307300000416,123.0534970000042,123.05407000000417,123.11584400000413,123.11664500000416,123.306064000004,123.30640400000405,123.30661000000399,123.30709300000396,123.307687000004,123.3080190000039,
123.33247300000369,123.34085500000364,123.35003300000392,123.35422900000378,123.36138600000362,123.37098200000341,123.38029600000345,123.38254800000334,123.40894800000345,123.41530700000348,123.4567100000038,123.50227700000352,123.50632500000336,123.69029700000357,124.1371680000037,124.4244860000037,124.4673260000038,124.51079200000387,124.59915500000392,124.77410600000411,125.61588200000432,125.85670300000425,125.85936900000416,125.86029500000427,125.86189800000426,125.99529200000433,126.12683400000438,126.12721300000442,126.12762900000445,126.40293600000456,126.40336800000446,126.40363900000446,126.4040520000045,126.40453200000448,126.40471900000449,126.40499500000448,126.40526700000447,126.40557600000452,126.40590100000452,126.40608200000452,126.40633000000443,126.40701800000437,126.40794500000445,126.40867800000447,126.40924200000453,126.40945100000448,126.40974200000457,126.4840070000046,126.48436800000454,126.48492700000455,
126.4892270000046,126.50058000000482,126.50948000000466,126.52154600000452,126.52522400000453,126.54992100000447,126.56169100000454,126.57959800000441,126.59073800000465,126.60708600000459,126.65606900000458,126.76188100000434,127.29654400000436,128.0893640000044,128.1319030000044,128.39551500000448,128.3977530000045,128.59778000000443,128.59836300000447,128.59922800000433,128.59984000000438,128.60056100000443,128.65028900000442,128.65057200000444,128.6997670000045,128.7002090000045,128.70087700000454,128.75092800000456,128.75112200000456,128.7514050000045,128.7517880000044,128.75259200000448,128.75279500000454,128.80858500000454,128.80902800000462,128.80937900000467,128.80990500000468,128.81035400000465,128.81150300000468,128.81283100000462,128.81349500000465,128.81430000000478,128.81488400000475,128.81545700000476,128.81570500000475,128.81589300000476,128.8167930000048,128.81716000000478,128.81767700000478,128.81864400000487,
128.8267540000051,128.82858200000516,128.85080100000548,128.86479200000534,128.8681470000053,128.8737470000052,128.89503000000533,128.92177600000528,128.92924600000535,128.96029700000508,128.96204200000506,129.15064100000512,129.65972300000473,129.66241000000463,129.6631530000046,129.69801900000476,129.73260200000476,129.7330950000048,129.8364990000048,129.83830900000473,129.84025900000475,129.95609100000516,129.99476900000525,130.54311700000528,131.38438200000525,131.3854680000052,131.3859150000051,131.3862640000051,131.3875000000051,131.38818000000506,131.447235000005,131.448439000005,131.50794200000502,131.56892400000498,131.5693680000049,131.62965000000492,131.6298230000049,131.62999900000491,131.63025100000485,131.69148600000486,131.6922320000049,131.6925630000049,131.69287300000485,131.69312900000486,131.69342900000484,131.69397300000486,131.75655700000482,131.75691600000482,131.75724200000482,131.75757400000487,
131.78268200000508,131.79010200000502,131.81283000000488,131.83829000000466,131.8586810000049,131.8736990000047,131.89023800000487,131.89444000000475,131.8954980000048,131.90523900000488,131.90675700000486,131.90970300000473,132.0394640000044,133.1046680000045,133.1968510000046,134.1039050000047,134.2285280000049,134.22948400000493,134.23036500000487,134.23225200000488,134.23296300000493,134.35971800000476,134.36033600000476,134.36094500000468,134.36186100000472,134.36227800000472,134.36288600000472,134.36350500000475,134.4949630000048,134.49701300000473,134.77749900000467,134.77799600000475,134.77834900000477,134.84802700000475,134.8484160000047,134.91856400000472,134.91908400000474,134.9196790000048,134.99121400000485,135.06398600000495,135.06442900000496,135.06468500000494,135.06490300000502,135.06525300000501,135.06568200000507,135.0666310000051,135.06713100000516,135.0676140000052,135.06816800000507,135.06882600000506,
135.07664500000521,135.0793960000053,135.08103300000516,135.10635800000532,135.12401000000528,135.1303180000053,135.1437190000054,135.14761200000544,135.15841200000565,135.1863450000053,135.21242700000582,135.29424000000606,136.1207560000064,136.2810510000065,136.55175000000645,136.85251200000647,137.29425600000644,137.2950300000064,137.47366300000633,137.47428500000623,137.72620100000614,137.728170000006,137.72873900000596,137.729659000006,137.73100900000605,137.79954100000614,137.86482900000613,137.86565400000617,138.00291800000616,138.00348300000618,138.07272200000617,138.07314200000616,138.28207000000623,138.28227900000618,138.28252500000622,138.28277200000625,138.28346300000632,138.28417600000617,138.28445900000622,138.28469500000617,138.28550800000605,138.28605800000608,138.28707200000616,138.3611490000062,138.36169500000622,138.36195400000622,138.36212700000618,138.50781700000627,138.50832800000626,138.50860800000618,
138.51149400000637,138.53536400000638,138.5421030000064,138.5441680000063,138.56106900000617,138.57035200000647,138.57939900000648,138.58255900000657,138.60267200000672,138.60577500000656,138.63127100000642,138.63367100000633,138.64145100000624,138.71371800000568,138.9958710000057,140.17641600000553,140.31838000000545,140.32187200000547,140.42261700000543,140.47208000000543,140.68304800000544,140.68445900000552,140.68567600000546,140.6866910000054,140.68728800000537,140.68791900000542,140.68953500000558,140.8028180000055,140.80315900000554,140.80369100000556,140.80421700000554,140.80458500000557,140.86082400000552,140.91646500000542,140.91723000000542,140.9176270000054,140.91811700000542,140.91867200000542,140.91945100000538,140.91969900000535,140.9204060000053,140.9207440000053,140.92116500000535,140.92275400000526,140.92352200000528,140.9248200000053,140.92516600000525,140.9255020000053,140.9273000000053,140.92754200000527,
140.9311350000053,140.9420970000053,140.9664020000052,140.9865690000054,140.99061600000525,141.0056810000053,141.01611400000527,141.0390230000058,141.06478300000586,141.12573900000578,141.13400100000575,141.2139900000056,141.41156000000552,141.9747300000055,142.72703600000565,142.7278720000056,142.87260000000563,143.18086800000552,143.23820000000558,143.23887800000557,143.2398650000055,143.24032200000545,143.2407650000055,143.29619600000564,143.40726400000565,143.40819100000564,143.4086350000056,143.40994600000568,143.6417110000056,143.64195500000562,143.64246600000567,143.64323100000558,143.64348800000553,143.64369900000554,143.64411000000558,143.6443750000056,143.64470900000558,143.64507000000555,143.64529900000554,143.64588400000545,143.6461400000055,143.6464900000055,143.64666300000547,143.64750700000556,143.6477310000056,143.6480260000056,143.64844000000565,143.6489660000057,143.6492140000057,143.6494070000057,
143.66067200000566,143.67333100000565,143.69841700000546,143.69965000000545,143.70563200000547,143.71942600000554,143.7449610000054,143.7530360000055,143.76850200000578,143.77227700000583,143.77653400000577,143.78769600000572,143.7901680000057,143.83546200000578,144.1173050000058,144.40267100000597,144.5007220000059,144.5018230000059,144.63974500000597,144.64039900000594,145.47845000000592,145.5343600000059,145.5355280000057,145.53625200000582,145.75312000000582,145.8094030000058,145.98151400000575,145.98228900000575,145.98421500000578,146.0420950000058,146.1004090000058,146.10094900000578,146.1603630000057,146.2192580000057,146.2200770000058,146.22139200000586,146.22168300000595,146.22218000000598,146.222620000006,146.223149000006,146.22368300000602,146.3446840000059,146.34534300000587,146.4078480000059,146.4080540000059,146.4717750000059,146.47232400000584,146.4726060000058,146.47301800000577,146.47356800000574,
