0.0,0.0,0.0,0.0,0.0,0.0,0.0,0.0,0.0,0.0,0.0,0.009999999999999998,0.009999999999999998,0.009999999999999998,0.030000000000000002,0.09,0.27999999999999997,0.31,0.37,0.48,0.52,0.58,0.58,0.65,0.76,0.7999999999999999,0.84,1.31,1.45,1.7,1.8,2.02,2.2399999999999998,2.54,3.38,4.56,4.6499999999999995,5.14,6.029999999999999,7.06,7.859999999999999,9.37,11.0,11.74,11.87,13.019999999999998,13.279999999999998,13.689999999999998,14.659999999999998,16.09,16.83,18.85,19.18,19.83,21.66,22.35,25.37,26.48,28.57,30.54,31.96,33.85,34.49,37.31,39.35,40.260000000000005,41.42,44.27,46.96,50.49,54.68,56.839999999999996,58.769999999999996,61.019999999999996,63.31,66.82,69.82,71.35,73.83,75.72999999999999,78.28,82.83999999999999,83.83999999999999,88.21,90.96,95.52,96.94999999999999,97.66999999999999,99.11,102.03,102.76,106.11,110.66,113.36,113.75,116.87,120.06,120.87,122.47,125.71000000000001,
125.71000000000001,125.71000000000001,125.71000000000001,125.71000000000001,125.71000000000001,125.71000000000001,125.71000000000001,125.71000000000001,126.21,126.21,126.21,126.22000000000001,126.72000000000001,126.72000000000001,126.73,126.73,126.73,127.75000000000001,128.78,130.32999999999998,131.39,134.01,135.61,136.14,137.76,139.39,143.23,145.46,149.99,159.28,165.28,172.03,175.78,178.32000000000002,181.54000000000002,184.79000000000002,188.73000000000002,200.84000000000003,206.4,214.86,222.05,229.37,239.85000000000002,241.4,245.22000000000003,256.12,264.08,273.81,279.57,296.34,305.8,320.82,332.55,344.49,357.57,365.18,377.76,395.45,405.45,406.45,417.58,422.71000000000004,432.09000000000003,439.40000000000003,456.37,471.48,485.79,496.95000000000005,507.14000000000004,517.38,542.8399999999999,560.5999999999999,570.1899999999999,593.3799999999999,614.4199999999998,640.9199999999998,666.7499999999999,691.7999999999998,694.4799999999998,713.2599999999999,736.4499999999998,751.7599999999999,753.1399999999999,753.1399999999999,753.1399999999999,757.3199999999998,761.5199999999999,761.5199999999999,761.5199999999999,761.5199999999999,762.93,762.9399999999999,764.3399999999999,764.3399999999999,764.3399999999999,764.3399999999999,764.3399999999999,764.3399999999999,764.3399999999999,764.3399999999999,
764.3399999999999,764.3499999999999,764.3499999999999,764.3499999999999,764.3499999999999,764.3599999999999,764.3599999999999,764.3599999999999,764.3599999999999,764.3699999999999,764.3699999999999,764.3699999999999,766.4499999999999,767.4999999999999,769.5899999999999,771.6899999999999,771.6899999999999,773.8,775.9099999999999,779.1099999999999,779.1099999999999,782.31,785.5399999999998,789.8,791.9399999999999,794.0799999999999,794.0899999999999,802.7299999999999,805.9999999999999,813.7399999999999,815.9599999999999,821.5899999999999,827.2399999999999,834.0799999999999,839.8199999999999,852.5699999999999,870.3799999999999,881.1299999999999,889.5899999999999,894.43,911.66,920.3899999999999,927.8799999999999,934.17,945.6499999999999,949.4999999999999,962.42,980.7799999999999,990.18,1000.92,1035.12,1057.52,1077.57,1086.1899999999998,1096.29,1122.78,1152.76,1161.87,1186.45,1209.81,1246.3,1276.98,1320.22,1340.5300000000002,1361.0000000000002,1385.1600000000003,1420.0300000000002,1455.4700000000003,1493.1800000000003,1533.6200000000003,1544.7700000000004,1580.3800000000003,1584.1400000000003,1595.4700000000003,1616.4100000000003,1622.2300000000002,1666.5000000000005,1674.2600000000004,1691.8900000000003,1733.3700000000003,1757.4000000000003,1763.4600000000003,1763.4600000000003,1767.4900000000005,1769.5000000000005,1769.5000000000005,1769.5000000000005,1771.5100000000004,1771.5100000000004,1773.5200000000004,1773.5200000000004,1773.5200000000004,1773.5200000000004,1773.5200000000004,1781.5900000000004,1781.5900000000004,1781.5900000000004,1781.5900000000004,1783.6200000000003,1783.6200000000003,
1783.6200000000003,1783.6200000000003,1783.6200000000003,1783.6200000000003,1783.6200000000003,1783.6300000000003,1783.6300000000003,1783.6300000000003,1785.0700000000004,1785.0700000000004,1786.5200000000004,1786.5200000000004,1786.5200000000004,1787.9700000000005,1789.5000000000005,1789.5000000000005,1790.9500000000005,1793.8700000000003,1796.7900000000004,1798.2600000000004,1798.2600000000004,1798.2600000000004,1798.2700000000004,1802.7200000000005,1805.6900000000003,1807.1800000000003,1808.6700000000003,1813.1600000000003,1819.2000000000005,1822.2700000000004,1826.8700000000003,1829.9500000000005,1850.2500000000005,1851.8300000000004,1867.6700000000003,1875.6700000000003,1895.1700000000003,1903.4000000000003,1921.7300000000005,1932.0000000000005,1945.7400000000005,1966.7300000000005,1979.1400000000003,2004.3300000000004,2032.0000000000005,2043.2500000000005,2071.9900000000002,2091.4400000000005,2093.4000000000005,2111.1600000000003,2111.1600000000003,2135.1900000000005,2165.8500000000004,2190.8700000000003,2218.3200000000006,2257.2200000000003,2290.4300000000003,2312.9500000000003,2335.8400000000006,2375.3500000000004,2398.9900000000002,2420.4700000000003,2451.9400000000005,2476.4600000000005,2506.3000000000006,2526.5200000000004,2544.4000000000005,2567.5500000000006,2580.4800000000005,2606.6200000000003,2638.2800000000007,2654.3200000000006,2659.6900000000005,2708.5500000000006,2749.9100000000008,2777.8400000000006,2797.5400000000004,2831.7700000000004,2854.7200000000003,2860.4800000000005,2889.5200000000004,2907.1000000000004,2936.6500000000005,2942.5800000000004,2954.4800000000005,2990.2800000000007,3029.7200000000007,3045.0300000000007,3072.7600000000007,3082.0900000000006,3094.4800000000005,3125.71,3160.38,3169.89,3195.31,3217.76,3250.0800000000004,3259.82,3263.07,3263.07,
3263.07,3263.07,3263.08,3263.08,3263.08,3263.08,3265.2,3265.2,3267.38,3271.65,3271.6600000000003,3271.6600000000003,3273.81,3275.96,3275.9700000000003,3284.65,3289.0,3291.17,3295.51,3304.23,3304.23,3321.89,3328.52,3346.36,3353.0299999999997,3361.97,3375.48,3393.67,3411.99,3437.5,3439.84,3439.84,3444.52,3451.5499999999997,3458.65,3482.36,3506.4600000000005,3525.8700000000003,3538.1600000000003,3552.9,3555.3700000000003,3575.2000000000007,3595.1500000000005,3612.7900000000004,3650.8100000000004,3674.0300000000007,3689.5500000000006,3723.560000000001,3757.940000000001,3803.5500000000006,3825.2500000000005,3863.6100000000006,3894.200000000001,3933.550000000001,3993.420000000001,4051.440000000001,4113.490000000001,4170.570000000001,4210.09,4259.360000000001,4296.740000000001,4344.01,4379.070000000001,4385.460000000001,4466.250000000001,4512.22,4562.030000000001,4615.76,4676.81,4738.75,4801.58,4861.62,4918.84,4984.05,5013.27,5053.8,5098.32,5120.6,5143.01,5146.74,5150.48,5161.77,5210.67,5222.13,5222.13,5222.13,5222.13,5222.13,5222.13,5225.92,5225.92,5225.92,5225.92,5229.71,5229.71,5229.71,5229.71,5229.71,5229.71,5229.71,
5229.71,5229.719999999999,5229.719999999999,5229.719999999999,5229.719999999999,5229.73,5229.73,5229.73,5234.9,5234.9,5234.9,5234.91,5234.91,5237.509999999999,5240.12,5245.34,5250.5599999999995,5253.179999999999,5253.179999999999,5255.8,5255.8,5258.43,5268.9800000000005,5282.320000000001,5293.02,5303.790000000001,5317.360000000001,5341.96,5347.490000000001,5358.64,5369.820000000001,5375.4400000000005,5392.400000000001,5406.600000000001,5412.310000000001,5420.890000000001,5435.370000000002,5461.630000000002,5497.120000000002,5524.1500000000015,5554.590000000002,5600.830000000002,5651.050000000002,5692.640000000001,5738.100000000001,5787.520000000001,5800.920000000001,5851.600000000001,5889.360000000001,5910.060000000001,5937.950000000001,5997.9400000000005,6005.06,6051.700000000001,6102.75,6165.820000000001,6218.490000000001,6310.610000000001,6392.89,6456.64,6521.330000000001,6611.910000000001,6674.660000000001,6746.920000000001,6815.740000000001,6894.450000000001,6965.5,7055.71,7138.06,7156.64,7244.92,7320.62,7354.110000000001,7431.320000000001,7450.59,7489.35,7509.0,7548.42,7573.26,7588.1,7593.04,7652.79,7657.81,7763.87,7763.87,7763.87,7763.87,7763.87,7774.08,7774.08,7774.08,7774.08,7774.08,7774.08,7774.08,7774.08,7774.08,7774.08,7774.08,7774.08,
7774.08,7774.08,7774.08,7774.08,7774.09,7774.09,7777.26,7777.26,7777.27,7777.27,7789.9400000000005,7789.9400000000005,7793.1900000000005,7796.38,7799.59,7809.2300000000005,7815.7,7815.7,7818.92,7825.37,7828.71,7828.71,7832.0,7832.01,7838.53,7848.29,7871.41,7884.7,7908.099999999999,7908.099999999999,7914.78,7938.4,7952.049999999999,8003.799999999999,8028.44,8049.73,8078.36,8100.05,8121.740000000001,8169.89,8218.230000000001,8256.190000000002,8298.610000000002,8314.140000000001,8380.460000000001,8412.140000000001,8468.400000000001,8513.240000000002,8554.37,8558.550000000001,8591.7,8650.630000000001,8688.87,8793.140000000001,8854.490000000002,8908.080000000002,8980.76,9091.76,9148.140000000001,9228.78,9316.050000000001,9355.35,9389.730000000001,9458.980000000001,9559.470000000001,9662.210000000001,9724.710000000001,9825.050000000001,9878.070000000002,9980.27,10067.6,10166.980000000001,10244.960000000001,10340.52,10391.67,10397.390000000001,10530.34,10553.66,10600.49,10671.26,10803.279999999999,10851.51,10857.68,10857.68,10869.8,10875.88,10875.88,10875.88,10875.88,10875.88,10875.88,10875.88,10875.88,10875.88,10875.88,10875.88,10875.88,10875.88,10875.88,10875.88,
10875.88,10875.88,10875.88,10875.89,10875.89,10875.89,10875.89,10879.59,10879.59,10879.59,10879.6,10879.6,10887.029999999999,10890.86,10890.86,10898.380000000001,10909.660000000002,10909.660000000002,10909.660000000002,10913.44,10917.250000000002,10928.740000000002,10940.230000000001,10967.380000000001,10986.78,10990.710000000001,11010.480000000001,11034.170000000002,11061.95,11085.980000000001,11094.060000000001,11122.19,11171.44,11225.910000000002,11251.19,11263.960000000001,11298.240000000002,11311.300000000001,11337.420000000002,11363.870000000003,11416.780000000002,11430.180000000002,11434.660000000002,11475.170000000002,11497.780000000002,11524.960000000003,11561.720000000003,11575.680000000002,11631.910000000002,11683.870000000003,11746.210000000003,11765.550000000003,11799.710000000003,11819.370000000003,11834.200000000003,11878.850000000002,11964.390000000003,11999.970000000003,12051.420000000002,12108.610000000002,12161.230000000003,12224.990000000002,12273.310000000003,12316.370000000003,12381.730000000001,12470.050000000001,12520.35,12582.390000000001,12673.91,12737.98,12790.67,12854.9,12907.97,12955.52,13009.44,13051.6,13136.19,13166.380000000001,13190.720000000001,13227.240000000002,13257.840000000002,13270.190000000002,13288.820000000002,13295.000000000002,13357.000000000002,13388.290000000003,13426.100000000002,13457.850000000002,13457.850000000002,13464.270000000002,13496.040000000003,13527.990000000002,13579.240000000002,13605.000000000002,13650.400000000001,13728.770000000002,13728.770000000002,13728.770000000002,13728.770000000002,13735.460000000001,
13735.460000000001,13735.460000000001,13735.470000000001,13735.470000000001,13735.470000000001,13735.480000000001,13735.480000000001,13735.480000000001,13735.480000000001,13735.480000000001,13735.480000000001,13735.480000000001,13744.270000000002,13744.270000000002,13757.480000000001,13761.920000000002,13775.180000000002,13779.660000000002,13784.090000000002,13801.870000000003,13810.780000000002,13824.230000000003,13824.240000000003,13851.210000000003,13860.230000000003,13869.260000000004,13901.060000000003,13928.700000000003,13961.050000000003,13984.460000000003,14007.990000000003,14017.410000000003,14064.910000000003,14079.260000000004,14136.880000000003,14205.440000000004,14260.020000000004,14310.280000000002,14351.010000000004,14392.090000000004,14433.380000000005,14448.980000000005,14474.990000000005,14517.070000000005,14656.190000000004,14699.720000000005,14782.300000000005,14894.400000000005,14962.580000000005,15014.340000000006,15089.990000000005,15160.560000000005,15232.080000000005,15334.570000000005,15383.390000000005,15445.110000000006,15532.330000000005,15638.560000000005,15727.520000000006,15830.980000000005,15896.450000000004,16028.470000000005,16162.730000000005,16271.600000000004,16402.870000000003,16508.160000000003,16572.070000000003,16607.790000000005,16730.230000000007,16759.090000000004,16838.770000000004,16955.160000000007,17006.430000000004,17154.840000000004,17177.420000000006,17230.220000000005,17359.230000000007,17412.670000000006,17512.540000000005,17589.780000000006,17613.120000000006,17745.920000000006,17745.920000000006,17769.460000000006,17785.350000000006,17801.260000000006,17825.120000000006,17825.120000000006,17825.120000000006,17848.970000000005,17848.970000000005,17848.970000000005,17856.920000000006,17856.920000000006,17856.920000000006,17856.920000000006,17856.920000000006,17856.920000000006,17856.920000000006,17856.920000000006,
17856.930000000008,17856.930000000008,17856.930000000008,17856.930000000008,17856.930000000008,17856.930000000008,17856.930000000008,17856.930000000008,17856.930000000008,17856.940000000006,17856.940000000006,17856.940000000006,17861.88000000001,17866.820000000007,17876.790000000008,17881.740000000005,17881.750000000007,17896.740000000005,17901.800000000007,17901.800000000007,17926.820000000007,17946.950000000008,17967.180000000008,17977.270000000008,18033.230000000007,18063.770000000008,18109.83000000001,18120.120000000006,18161.72000000001,18203.790000000008,18219.640000000007,18230.210000000006,18256.620000000006,18304.430000000008,18315.120000000006,18352.760000000006,18428.560000000005,18521.730000000003,18532.840000000004,18549.430000000004,18622.240000000005,18679.080000000005,18690.560000000005,18713.460000000006,18788.900000000005,18853.270000000004,18865.020000000004,18929.890000000007,18959.590000000004,18995.280000000006,19085.110000000004,19127.410000000007,19200.270000000004,19310.620000000003,19316.800000000003,19359.970000000005,19366.170000000006,19466.310000000005,19555.050000000007,19593.320000000007,19631.810000000005,19774.500000000004,19906.570000000003,19973.130000000005,20107.780000000006,20257.640000000007,20353.870000000006,20450.820000000003,20527.330000000005,20653.770000000008,20817.610000000008,20976.800000000007,21130.280000000006,21278.15000000001,21473.200000000008,21625.97000000001,21695.34000000001,21749.61000000001,21858.720000000012,21906.01000000001,22047.57000000001,22047.57000000001,22047.57000000001,22055.48000000001,22079.21000000001,22079.21000000001,22087.14000000001,22087.14000000001,22087.14000000001,22087.14000000001,22087.14000000001,22087.14000000001,22087.14000000001,22087.14000000001,22087.14000000001,22087.14000000001,22087.14000000001,22087.14000000001,22087.14000000001,22087.14000000001,
22087.14000000001,22087.14000000001,22087.14000000001,22087.15000000001,22087.15000000001,22087.15000000001,22087.15000000001,22087.15000000001,22087.15000000001,22087.15000000001,22087.15000000001,22087.15000000001,22087.15000000001,22097.050000000007,22097.050000000007,22097.06000000001,22097.06000000001,22097.06000000001,22102.03000000001,22111.96000000001,22111.96000000001,22136.90000000001,22146.90000000001,22161.98000000001,22172.10000000001,22182.17000000001,22187.22000000001,22197.30000000001,22212.50000000001,22217.56000000001,22227.73000000001,22258.34000000001,22299.78000000001,22325.970000000012,22368.29000000001,22378.970000000012,22400.070000000014,22448.250000000015,22502.440000000013,22524.210000000014,22556.990000000016,22628.740000000016,22679.190000000013,22707.280000000013,22786.620000000014,22849.670000000013,22960.45000000001,23007.740000000013,23108.990000000013,23199.980000000014,23286.460000000014,23368.04000000001,23368.04000000001,23393.570000000014,23399.890000000014,23412.560000000016,23508.370000000014,23612.150000000012,23703.960000000014,23870.490000000013,23918.050000000014,24034.410000000014,24146.160000000014,24309.180000000015,24402.310000000016,24533.230000000014,24613.710000000017,24657.890000000018,24791.620000000017,24859.400000000016,24935.170000000016,25065.930000000015,25221.350000000017,25315.260000000017,25466.030000000017,25546.20000000002,25675.11000000002,25830.990000000016,25980.63000000002,26148.640000000018,26293.320000000018,26361.760000000017,26439.290000000015,26456.540000000015,26578.050000000017,26630.850000000017,26630.850000000017,26665.980000000014,26665.980000000014,26665.980000000014,26665.980000000014,26674.800000000014,26674.800000000014,26674.800000000014,26674.800000000014,26683.710000000014,26683.710000000014,26683.710000000014,26683.710000000014,26683.710000000014,
26683.720000000012,26683.720000000012,26683.730000000014,26683.730000000014,26683.730000000014,26683.730000000014,26683.730000000014,26683.730000000014,26683.740000000016,26688.650000000016,26688.650000000016,26688.650000000016,26703.440000000017,26708.420000000016,26723.300000000017,26738.230000000018,26743.240000000016,26753.260000000013,26753.260000000013,26753.260000000013,26758.290000000015,26773.450000000015,26788.670000000016,26798.820000000018,26814.18000000002,26819.29000000002,26839.810000000016,26860.420000000016,26886.25000000002,26901.760000000017,26922.550000000017,26953.95000000002,26985.470000000016,27017.36000000002,27044.01000000002,27108.11000000002,27162.84000000002,27195.830000000016,27212.450000000015,27296.530000000013,27307.760000000013,27341.670000000013,27398.84000000001,27450.760000000013,27485.820000000014,27544.330000000013,27603.720000000012,27657.18000000001,27741.150000000012,27827.180000000015,27920.950000000015,27996.860000000015,28048.090000000015,28086.700000000015,28171.290000000015,28283.350000000017,28450.85000000002,28471.19000000002,28635.88000000002,28747.550000000017,28925.09000000002,29011.45000000002,29033.17000000002,29186.480000000018,29319.95000000002,29418.230000000018,29456.420000000016,29602.920000000016,29783.210000000017,29910.010000000017,29989.470000000016,30013.420000000016,30190.75000000002,30346.02000000002,30528.40000000002,30662.49000000002,30815.71000000002,30918.71000000002,30953.11000000002,31092.15000000002,31100.940000000017,31100.940000000017,31109.70000000002,31127.260000000017,31144.880000000016,31189.000000000015,31206.710000000014,31215.580000000013,31224.510000000013,31224.510000000013,31224.510000000013,31250.900000000012,31259.770000000015,31268.710000000017,31268.710000000017,31268.710000000017,31268.710000000017,31268.710000000017,31268.710000000017,31268.710000000017,
31268.710000000017,31268.720000000016,31268.720000000016,31268.720000000016,31268.730000000014,31268.730000000014,31268.730000000014,31268.730000000014,31268.730000000014,31268.730000000014,31278.660000000014,31283.570000000014,31283.580000000013,31288.510000000013,31293.500000000015,31303.430000000015,31313.440000000013,31323.430000000015,31333.520000000015,31348.590000000015,31383.930000000015,31383.930000000015,31399.120000000014,31424.660000000014,31429.760000000013,31475.810000000012,31491.29000000001,31501.600000000013,31506.760000000013,31517.14000000001,31542.920000000013,31574.00000000001,31631.68000000001,31668.41000000001,31684.22000000001,31747.94000000001,31785.60000000001,31839.55000000001,31877.71000000001,31905.26000000001,31999.56000000001,32072.46000000001,32117.680000000008,32146.16000000001,32197.85000000001,32290.59000000001,32331.460000000014,32378.36000000001,32449.440000000013,32515.200000000015,32593.99000000001,32680.050000000014,32735.74000000001,32754.470000000012,32779.470000000016,32880.56000000002,32969.88000000002,33111.890000000014,33229.820000000014,33249.55000000002,33335.98000000002,33463.470000000016,33577.580000000016,33604.51000000002,33611.26000000002,33645.16000000001,33789.31000000001,33920.92000000001,34026.10000000001,34161.24000000001,34197.040000000015,34334.250000000015,34494.66000000002,34598.01000000002,34717.470000000016,34853.52000000002,34959.81000000001,35144.400000000016,35277.110000000015,35410.42000000001,35434.080000000016,35457.720000000016,35465.610000000015,35512.98000000002,35512.98000000002,35512.98000000002,35520.860000000015,35520.860000000015,35544.60000000002,35544.60000000002,35544.60000000002,35544.610000000015,35544.610000000015,35544.610000000015,35544.610000000015,35544.610000000015,35544.610000000015,35544.610000000015,35544.610000000015,35544.610000000015,
35544.610000000015,35544.610000000015,35544.610000000015,35544.62000000002,35544.62000000002,35549.540000000015,35549.540000000015,35549.540000000015,35564.38000000001,35584.18000000001,35589.16000000001,35589.16000000001,35589.16000000001,35589.16000000001,35589.17000000001,35614.05000000002,35639.13000000001,35649.220000000016,35659.35000000001,35664.460000000014,35695.09000000001,35705.41000000001,35731.19000000001,35741.66000000001,35762.55000000001,35767.85000000001,35778.42000000001,35788.95000000001,35820.56000000001,35863.09000000001,35884.400000000016,35911.37000000002,35949.45000000002,35971.330000000016,36042.87000000002,36070.720000000016,36093.02000000002,36154.73000000002,36200.040000000015,36234.30000000002,36257.26000000002,36297.62000000002,36332.62000000002,36379.98000000002,36397.860000000015,36445.580000000016,36475.62000000002,36481.67000000002,36511.900000000016,36530.070000000014,36553.900000000016,36646.02000000001,36683.35000000001,36689.540000000015,36720.81000000001,36733.34000000001,36789.78000000001,36846.83000000001,36885.34000000001,36962.88000000001,36995.47000000001,37067.67000000001,37107.38000000001,37214.56000000001,37302.85000000001,37350.80000000002,37385.180000000015,37510.070000000014,37573.220000000016,37679.210000000014,37693.500000000015,37808.180000000015,37895.91000000002,37925.290000000015,37962.24000000001,38059.400000000016,38112.070000000014,38127.070000000014,38279.37000000002,38371.890000000014,38387.42000000001,38528.31000000001,38599.040000000015,38654.35000000002,38782.50000000002,38855.57000000002,38953.33000000002,39035.39000000003,39126.61000000003,39218.480000000025,39319.65000000002,39319.65000000002,39395.840000000026,39404.31000000002,39421.20000000002,39421.20000000002,39421.20000000002,39421.20000000002,39489.11000000002,39608.90000000002,
39608.90000000002,39608.90000000002,39608.90000000002,39608.90000000002,39608.90000000002,39608.90000000002,39618.75000000002,39623.66000000002,39623.66000000002,39628.58000000002,39628.58000000002,39628.58000000002,39638.46000000003,39638.46000000003,39638.46000000003,39663.41000000003,39678.350000000035,39683.39000000003,39693.36000000003,39693.37000000003,39693.37000000003,39698.37000000003,39723.50000000003,39728.53000000003,39753.80000000003,39784.30000000003,39804.850000000035,39851.630000000034,39877.91000000003,39925.34000000003,39930.61000000004,39951.75000000004,39994.420000000035,39999.77000000003,40026.83000000003,40092.280000000035,40114.20000000003,40158.51000000004,40180.780000000035,40225.52000000004,40248.220000000045,40299.80000000004,40328.73000000004,40416.39000000004,40535.07000000004,40547.040000000045,40595.23000000004,40711.47000000004,40717.63000000004,40803.54000000004,40897.43000000004,40916.32000000004,41012.59000000004,41116.69000000004,41169.32000000004,41189.14000000004,41316.13000000005,41397.45000000005,41500.29000000005,41590.330000000045,41673.97000000005,41736.82000000005,41828.96000000005,41958.17000000005,42060.17000000005,42149.01000000005,42283.69000000005,42291.19000000005,42434.200000000055,42456.99000000005,42579.21000000005,42602.32000000005,42726.49000000005,42742.10000000005,42805.13000000005,42820.92000000005,42956.74000000005,42997.110000000044,43127.27000000005,43300.95000000005,43435.42000000005,43537.35000000005,43708.840000000055,43900.05000000006,44031.25000000006,44171.630000000056,44206.660000000054,44215.450000000055,44242.08000000005,44242.08000000005,44242.08000000005,44242.08000000005,44242.08000000005,44242.08000000005,44242.08000000005,44242.08000000005,44242.08000000005,44242.08000000005,44242.08000000005,44242.08000000005,
44242.08000000005,44242.08000000005,44242.08000000005,44242.090000000055,44242.090000000055,44242.090000000055,44242.090000000055,44242.090000000055,44247.020000000055,44247.020000000055,44251.980000000054,44251.990000000056,44256.950000000055,44261.93000000006,44266.910000000054,44276.90000000006,44281.880000000056,44296.96000000006,44317.03000000006,44352.490000000056,44367.85000000006,44383.17000000006,44414.060000000056,44450.33000000005,44466.03000000005,44466.03000000005,44502.94000000005,44518.88000000005,44545.39000000005,44566.68000000005,44582.68000000005,44604.09000000005,44647.11000000005,44690.520000000055,44734.43000000005,44800.730000000054,44811.800000000054,44884.81000000005,44964.88000000005,44993.69000000005,45063.230000000054,45086.730000000054,45169.310000000056,45247.25000000006,45314.07000000006,45350.94000000006,45388.02000000006,45450.04000000006,45519.16000000006,45538.170000000064,45550.80000000006,45569.820000000065,45576.16000000006,45582.48000000006,45633.33000000006,45737.65000000006,45829.94000000006,45930.12000000006,46018.33000000006,46093.410000000054,46232.300000000054,46380.64000000006,46509.43000000005,46567.490000000056,46684.79000000005,46833.57000000006,46923.990000000056,47084.46000000006,47153.990000000056,47200.58000000006,47325.61000000006,47412.420000000064,47564.20000000006,47620.320000000065,47806.640000000065,47963.16000000006,48130.87000000007,48198.46000000007,48317.31000000007,48385.66000000007,48445.77000000007,48445.77000000007,48585.45000000007,48611.750000000065,48691.24000000007,48797.13000000007,48805.970000000074,48823.650000000074,48823.650000000074,48823.650000000074,48823.650000000074,48823.650000000074,48823.650000000074,48823.650000000074,48823.650000000074,48823.650000000074,48823.650000000074,48823.650000000074,48823.650000000074,48823.650000000074,
48823.650000000074,48823.650000000074,48823.660000000076,48823.660000000076,48823.660000000076,48823.67000000007,48823.67000000007,48823.67000000007,48828.59000000008,48833.52000000007,48838.45000000007,48838.45000000007,48848.34000000007,48853.35000000007,48868.20000000007,48888.17000000007,48903.12000000007,48913.12000000007,48923.12000000007,48928.180000000066,48968.420000000064,48973.47000000007,48978.530000000064,49029.94000000007,49055.780000000064,49092.210000000065,49144.710000000065,49160.59000000006,49171.21000000006,49225.100000000064,49295.75000000006,49301.22000000006,49345.18000000006,49367.28000000006,49383.92000000006,49411.77000000006,49468.16000000006,49502.380000000056,49583.37000000006,49629.94000000006,49647.48000000006,49670.960000000065,49688.72000000007,49712.44000000006,49784.13000000006,49820.460000000065,49863.02000000007,49948.90000000007,50035.99000000006,50124.76000000007,50220.670000000064,50305.110000000066,50397.16000000006,50457.20000000006,50531.07000000006,50653.59000000006,50729.32000000006,50882.95000000006,50989.23000000006,51118.44000000006,51242.700000000055,51353.85000000006,51488.93000000005,51595.450000000055,51664.57000000005,51733.88000000005,51835.28000000005,51929.65000000005,52096.24000000005,52265.29000000005,52388.080000000045,52495.56000000005,52645.500000000044,52780.77000000005,52961.010000000046,53108.84000000005,53239.70000000004,53274.64000000004,53318.470000000045,53327.250000000044,53327.250000000044,53371.45000000004,53389.09000000004,53389.09000000004,53389.10000000004,53389.10000000004,53389.10000000004,53415.52000000004,53424.37000000004,53424.37000000004,53424.37000000004,53424.37000000004,53424.37000000004,53424.37000000004,53424.37000000004,53424.37000000004,53424.37000000004,53424.37000000004,53424.37000000004,53424.37000000004,
53424.37000000004,53424.38000000004,53424.38000000004,53424.39000000004,53424.39000000004,53424.39000000004,53424.39000000004,53424.39000000004,53424.39000000004,53424.39000000004,53424.39000000004,53429.290000000045,53434.180000000044,53434.190000000046,53434.190000000046,53449.03000000004,53454.010000000046,53454.010000000046,53478.940000000046,53493.98000000005,53499.010000000046,53524.190000000046,53529.35000000004,53534.38000000004,53539.42000000004,53549.47000000004,53584.91000000004,53589.98000000004,53641.41000000004,53651.740000000034,53672.50000000004,53708.850000000035,53729.72000000004,53787.23000000004,53824.06000000004,53845.32000000004,53909.40000000004,53984.920000000035,54006.710000000036,54017.54000000004,54060.990000000034,54115.80000000004,54193.65000000004,54260.97000000004,54352.070000000036,54432.75000000004,54508.86000000004,54591.66000000004,54699.29000000004,54729.55000000004,54821.27000000004,54839.76000000004,54945.100000000035,55044.780000000035,55069.84000000003,55120.09000000003,55266.600000000035,55285.890000000036,55344.12000000004,55422.130000000034,55481.34000000003,55594.72000000004,55682.170000000035,55743.060000000034,55872.87000000003,55976.25000000004,56059.890000000036,56257.50000000004,56408.40000000004,56560.81000000004,56655.56000000004,56788.09000000005,56967.73000000005,57118.89000000005,57256.060000000056,57364.46000000006,57395.520000000055,57504.520000000055,57512.32000000006,57598.78000000006,57622.450000000055,57622.450000000055,57622.450000000055,57622.450000000055,57622.450000000055,57622.450000000055,57622.450000000055,57638.19000000005,57638.19000000005,57646.10000000006,57646.10000000006,57646.10000000006,57646.10000000006,57646.10000000006,57646.10000000006,57646.10000000006,57646.10000000006,57653.97000000006,57653.97000000006,57653.97000000006,
57653.98000000006,57653.98000000006,57653.98000000006,57653.98000000006,57653.98000000006,57653.98000000006,57653.99000000006,57653.99000000006,57653.99000000006,57654.00000000006,57654.00000000006,57654.00000000006,57654.00000000006,57663.840000000055,57673.73000000006,57678.67000000006,57688.57000000006,57698.50000000006,57708.47000000006,57713.50000000006,57713.50000000006,57733.48000000006,57763.59000000006,57783.87000000006,57783.87000000006,57793.99000000006,57809.14000000006,57829.490000000056,57849.880000000056,57855.03000000006,57870.45000000006,57916.75000000006,57947.88000000006,57984.320000000065,58015.87000000007,58052.85000000007,58052.85000000007,58111.53000000007,58138.57000000007,58203.81000000007,58225.54000000007,58269.50000000007,58280.480000000076,58352.21000000007,58385.63000000007,58458.61000000007,58492.720000000074,58578.690000000075,58659.580000000075,58665.36000000007,58741.60000000007,58818.74000000007,58884.830000000075,59043.53000000008,59111.42000000008,59173.42000000008,59260.730000000076,59355.70000000008,59451.70000000008,59561.64000000008,59679.220000000074,59824.99000000007,59986.80000000007,60130.78000000007,60228.27000000007,60382.81000000008,60439.410000000076,60618.49000000008,60748.43000000007,60792.28000000007,60858.32000000007,60999.120000000075,61119.06000000007,61293.66000000007,61486.10000000007,61696.29000000007,61735.54000000007,61790.48000000007,61790.49000000007,61798.37000000007,61798.37000000007,61798.37000000007,61829.77000000007,61853.360000000066,61853.360000000066,61853.360000000066,61853.360000000066,61853.360000000066,61869.210000000065,61869.210000000065,61900.850000000064,61900.850000000064,61900.850000000064,61908.80000000007,61908.80000000007,61908.80000000007,61908.80000000007,61908.80000000007,61908.80000000007,61908.80000000007,
61908.80000000007,61908.80000000007,61908.80000000007,61908.81000000007,61908.81000000007,61908.81000000007,61908.82000000007,61908.82000000007,61908.82000000007,61908.830000000075,61913.74000000007,61913.74000000007,61923.51000000007,61928.41000000007,61928.41000000007,61938.26000000007,61968.000000000065,61982.95000000007,62002.920000000064,62017.98000000007,62017.98000000007,62038.09000000007,62063.38000000007,62104.05000000007,62104.05000000007,62134.57000000007,62144.78000000007,62165.22000000007,62196.14000000007,62216.87000000007,62258.39000000007,62300.55000000007,62337.46000000007,62418.03000000007,62461.510000000075,62472.42000000008,62538.58000000008,62555.14000000008,62571.83000000008,62582.94000000008,62610.72000000008,62661.13000000008,62706.190000000075,62768.830000000075,62780.28000000007,62820.370000000075,62854.84000000008,62883.71000000007,62918.49000000007,62947.52000000007,62988.39000000007,63124.49000000008,63136.35000000008,63208.68000000007,63281.50000000007,63354.980000000076,63423.370000000075,63498.13000000008,63566.89000000007,63661.13000000007,63680.120000000075,63756.78000000007,63827.800000000076,63983.92000000007,64070.41000000007,64137.45000000007,64212.02000000007,64362.92000000007,64502.46000000007,64658.65000000007,64816.76000000006,64940.110000000066,65071.16000000007,65130.18000000007,65242.390000000065,65400.72000000007,65569.05000000008,65623.03000000007,65762.22000000007,65801.01000000007,65981.62000000007,66077.13000000006,66109.17000000007,66109.17000000007,66141.17000000007,66157.21000000008,66157.21000000008,66165.25000000007,66165.25000000007,66165.25000000007,66165.25000000007,66165.25000000007,66165.25000000007,66165.25000000007,66165.25000000007,66165.25000000007,66165.25000000007,66165.25000000007,66165.25000000007,66165.26000000007,
66165.26000000007,66165.26000000007,66165.26000000007,66165.26000000007,66165.27000000008,66165.27000000008,66165.27000000008,66165.28000000007,66165.28000000007,66170.21000000006,66170.22000000007,66190.01000000007,66190.01000000007,66214.89000000007,66234.90000000008,66275.25000000007,66275.25000000007,66295.48000000008,66331.22000000009,66414.06000000007,66435.05000000006,66435.06000000007,66440.32000000007,66450.93000000007,66456.23000000007,66472.19000000006,66504.20000000007,66514.89000000006,66547.06000000007,66590.22000000006,66628.27000000006,66655.60000000006,66661.07000000007,66683.14000000006,66727.59000000005,66772.50000000004,66834.78000000004,66891.90000000005,66961.44000000005,66990.67000000004,67085.35000000003,67133.47000000003,67151.56000000003,67218.54000000002,67322.30000000003,67347.11000000003,67353.30000000003,67390.61000000003,67490.92000000003,67580.03000000003,67696.50000000003,67807.68000000004,67867.10000000003,67893.59000000003,67900.29000000004,67920.56000000004,67988.18000000004,68063.40000000004,68202.26000000004,68343.72000000004,68465.48000000004,68508.84000000004,68596.14000000004,68713.95000000004,68803.31000000004,68855.86000000004,68946.49000000005,69030.70000000004,69077.08000000005,69131.15000000004,69286.78000000004,69397.04000000004,69564.94000000003,69685.70000000003,69710.19000000003,69875.59000000004,69975.90000000004,70068.70000000004,70187.66000000005,70403.06000000004,70420.51000000004,70490.39000000004,70613.48000000004,70622.32000000004,70648.81000000003,70657.65000000002,70675.43000000004,70684.29000000004,70719.72000000003,70719.72000000003,70719.72000000003,70719.72000000003,70719.72000000003,70719.72000000003,70719.72000000003,70719.72000000003,70719.72000000003,70719.72000000003,70719.72000000003,70719.72000000003,
70719.73000000003,70719.73000000003,70719.75000000003,70719.75000000003,70719.75000000003,70719.76000000002,70719.76000000002,70719.76000000002,70719.76000000002,70719.76000000002,70719.77000000003,70724.67000000003,70724.67000000003,70739.49000000002,70749.42000000003,70764.46000000002,70774.51000000002,70784.56000000003,70794.68000000002,70815.01000000002,70835.43000000002,70850.85000000002,70861.12000000001,70892.35,70907.90000000001,70939.22000000002,70960.31000000001,70981.41000000002,71018.55000000002,71029.26000000001,71061.55000000002,71110.32000000002,71175.89000000001,71198.03000000001,71236.89000000001,71259.25000000001,71321.49000000002,71332.89000000001,71366.97000000002,71435.68000000002,71441.46000000002,71546.76000000002,71582.30000000003,71600.12000000002,71708.80000000002,71745.45000000003,71844.58000000003,71863.33000000003,71882.25000000003,71926.42000000003,71945.46000000004,72028.53000000003,72073.67000000003,72086.66000000002,72138.69000000002,72204.44000000002,72270.59000000003,72370.61000000002,72431.52000000002,72465.72000000002,72541.03000000003,72589.42000000003,72610.27000000002,72687.08000000002,72792.83000000002,72899.82000000002,72950.25000000001,73045.09000000001,73111.38,73200.59000000001,73320.49000000002,73388.65000000002,73472.48000000003,73510.91000000002,73549.38000000002,73618.83000000002,73642.09000000003,73681.18000000002,73736.17000000003,73838.99000000002,73862.82000000002,73918.77000000002,73950.91000000002,74007.32000000002,74015.45000000003,74039.74000000002,74055.98000000003,74080.62000000002,74129.61000000003,74137.86000000003,74203.52000000003,74211.69000000003,74235.99000000003,74285.42000000004,74285.42000000004,74310.43000000005,74377.24000000005,74410.83000000005,74419.23000000005,74486.67000000006,
74486.67000000006,74486.67000000006,74486.67000000006,74486.67000000006,74486.67000000006,74486.67000000006,74501.50000000006,74521.34000000005,74521.34000000005,74531.31000000006,74541.32000000005,74551.38000000005,74566.56000000006,74586.75000000006,74607.11000000004,74622.45000000006,74627.62000000005,74643.04000000005,74648.18000000005,74653.36000000006,74668.94000000006,74700.13000000006,74710.62000000005,74710.62000000005,74736.85000000005,74758.00000000006,74784.57000000005,74805.92000000006,74843.40000000005,74854.18000000005,74859.68000000005,74875.82000000005,74892.04000000005,74941.27000000006,74968.79000000005,74968.80000000006,75002.13000000006,75041.22000000004,75075.01000000004,75086.30000000003,75120.33000000005,75160.51000000004,75183.56000000004,75195.22000000004,75241.72000000004,75276.76000000004,75294.34000000004,75341.66000000003,75383.59000000004,75389.58000000005,75449.86000000004,75553.44000000005,75639.96000000004,75677.67000000004,75779.50000000004,75811.71000000005,75889.46000000005,75934.89000000004,76007.25000000004,76080.23000000004,76120.49000000005,76215.23000000005,76262.96000000005,76366.24000000005,76422.18000000005,76507.04000000005,76578.15000000005,76621.12000000005,76730.01000000005,76788.58000000005,76825.47000000004,76892.00000000004,76966.01000000004,77040.85000000003,77063.59000000004,77147.14000000003,77162.40000000004,77185.39000000003,77285.57000000004,77378.23000000004,77503.89000000003,77527.70000000004,77623.53000000004,77687.40000000004,77751.91000000003,77832.71000000004,77914.27000000003,77922.54000000004,77972.24000000003,78005.64000000004,78089.13000000005,78138.87000000004,78214.20000000003,78239.33000000003,78273.01000000004,78298.60000000003,78315.74000000003,78315.74000000003,78315.74000000003,78324.32000000004,
78324.32000000004,78324.32000000004,78324.32000000004,78324.32000000004,78324.32000000004,78324.32000000004,78324.32000000004,78324.33000000003,78339.19000000003,78339.19000000003,78359.02000000003,78359.02000000003,78359.02000000003,78359.02000000003,78374.01000000002,78384.03000000003,78409.14000000003,78439.54000000004,78459.88000000003,78475.29000000004,78480.41000000003,78495.77000000003,78511.22000000003,78542.22000000003,78557.87000000002,78573.51000000002,78589.33000000003,78599.89000000003,78642.38000000002,78685.27000000002,78711.95000000001,78727.92000000001,78798.67000000001,78842.95000000001,78887.76000000001,78904.71,78927.27,78950.04000000001,78990.25000000001,79007.50000000003,79030.70000000003,79089.06000000003,79154.08000000003,79195.76000000004,79243.74000000003,79292.34000000004,79304.55000000005,79341.33000000005,79402.98000000004,79427.72000000004,79502.75000000004,79540.43000000005,79597.44000000006,79622.96000000005,79674.51000000005,79726.30000000005,79818.11000000004,79857.84000000004,79897.72000000004,79937.42000000004,80010.65000000005,80064.68000000005,80188.23000000005,80236.70000000006,80355.77000000005,80412.03000000004,80518.34000000004,80640.58000000005,80691.65000000005,80750.59000000005,80824.63000000006,80884.40000000005,80937.01000000005,81034.87000000005,81141.79000000005,81149.52000000006,81219.40000000005,81281.89000000006,81337.05000000006,81400.24000000006,81447.80000000006,81511.51000000005,81527.54000000005,81591.79000000005,81607.88000000006,81656.24000000006,81704.93000000007,81745.57000000007,81811.13000000006,81868.73000000007,81901.57000000007,81985.51000000005,81993.92000000006,82019.14000000004,82086.47000000003,82094.96000000004,82162.80000000005,82214.05000000005,82273.54000000005,82273.54000000005,
82273.55000000005,82273.55000000005,82273.55000000005,82273.55000000005,82273.55000000005,82273.55000000005,82273.55000000005,82273.55000000005,82278.46000000005,82283.36000000006,82283.37000000005,82303.32000000005,82308.31000000006,82313.26000000005,82338.29000000005,82348.36000000004,82363.58000000005,82378.82000000005,82399.19000000005,82429.77000000005,82429.77000000005,82440.04000000005,82455.44000000005,82496.81000000006,82512.41000000005,82522.86000000006,82538.59000000005,82575.44000000005,82628.51000000004,82649.95000000004,82709.56000000004,82731.35000000003,82747.86000000004,82786.51000000004,82836.82000000005,82876.36000000004,82882.13000000005,82887.77000000005,82933.20000000006,82967.60000000005,82990.63000000005,83031.12000000004,83066.19000000003,83119.18000000002,83166.49000000002,83184.52000000002,83202.43000000002,83250.50000000003,83305.45000000003,83391.80000000003,83447.68000000004,83503.99000000003,83529.20000000004,83625.10000000003,83702.86000000003,83741.80000000003,83768.12000000004,83768.12000000004,83807.66000000005,83834.22000000004,83887.59000000004,83934.50000000006,83961.46000000005,83995.38000000005,84049.97000000004,84146.51000000005,84174.55000000006,84265.97000000006,84280.17000000006,84379.92000000006,84466.55000000006,84502.66000000006,84590.07000000007,84729.45000000007,84788.93000000007,