0.0,0.0,0.0,0.01,0.01,0.02,0.04,0.09,0.33,0.77,1.43,1.65,1.76,1.88,2.05,2.46,2.85,2.9699999999999998,3.56,3.67,4.09,4.58,4.9,5.59,6.02,6.32,7.47,8.549999999999999,8.979999999999999,10.059999999999999,10.43,12.28,12.799999999999999,13.75,15.069999999999999,15.639999999999999,16.34,18.75,20.790000000000003,22.24,23.33,24.45,26.459999999999997,28.099999999999998,29.949999999999996,32.68,35.68,36.190000000000005,36.88,36.89,37.06,37.24,37.24,37.24,37.24,37.25,37.25,37.25,37.25,37.260000000000005,37.260000000000005,37.27,37.27,37.27,37.27,37.27,37.27,37.28,37.28,37.28,37.28,37.28,37.28,37.28,37.28,37.28,37.28,37.28,37.28,37.28,37.28,37.28,37.28,37.28,37.28,37.28,37.28,37.28,37.28,37.28,37.29,37.29,37.29,37.29,37.29,37.29,37.29,37.29,37.29,37.29,
37.3,37.3,37.3,37.89,38.68,41.16,43.46,47.67,48.580000000000005,50.93,54.09,54.34,55.85,56.1,56.61,57.650000000000006,60.010000000000005,61.09,62.18,64.39,71.24000000000001,72.43,79.71000000000001,79.72,81.28,83.5,84.14,89.11,90.44,92.46000000000001,96.93,101.15,108.74000000000001,109.85000000000001,116.62,126.36,126.75999999999998,131.18,133.22,134.86,137.35,141.98,146.68,151.46,155.47,166.33,174.68,176.09,176.09,176.09,176.1,176.1,176.1,176.1,176.1,176.11,176.11,176.11,176.11,176.11,176.11,176.12,176.12,176.12,176.12,176.12,176.13,176.13,176.13,176.13,176.13,176.13,176.14000000000001,176.14000000000001,176.14000000000001,176.14000000000001,176.14000000000001,176.15,176.15,176.15,176.15,176.15,176.15,176.16,176.16,176.16,176.16,176.16,176.17000000000002,176.17000000000002,176.17000000000002,176.17000000000002,176.17000000000002,176.17000000000002,176.18,176.18,176.18,176.18,176.18,176.19000000000003,
176.20000000000002,176.20000000000002,176.20000000000002,176.20000000000002,177.27000000000004,178.72000000000003,180.93000000000004,186.24000000000004,192.59000000000003,202.40000000000003,207.51000000000002,207.51000000000002,207.95000000000002,207.95000000000002,208.39000000000001,209.27,209.72,211.96,215.14000000000001,217.91,217.91,218.38,220.72,224.52,224.53,227.44,230.44,238.05,242.75,248.61,257.91,265.82,275.64,291.78,306.05,316.87,333.38,338.09,340.8,343.54,345.6,346.98,354.66,366.04,374.75000000000006,388.1700000000001,405.82000000000005,411.29,411.29,411.29,411.29,411.29,411.30000000000007,411.30000000000007,411.30000000000007,411.30000000000007,411.30000000000007,411.31000000000006,411.31000000000006,411.31000000000006,411.31000000000006,411.31000000000006,411.32000000000005,411.32000000000005,411.32000000000005,411.32000000000005,411.32000000000005,411.32000000000005,411.33000000000004,411.33000000000004,411.33000000000004,411.33000000000004,411.33000000000004,411.34000000000003,411.34000000000003,411.34000000000003,411.34000000000003,411.34000000000003,411.34000000000003,411.34000000000003,411.34000000000003,411.34000000000003,411.34000000000003,411.34000000000003,411.34000000000003,411.34000000000003,411.34000000000003,411.34000000000003,411.34000000000003,411.35,411.35,411.35,411.35,411.35,411.36,411.36,411.36,411.36,411.36,411.37,
411.37,411.39,411.93,413.55,413.56,414.65,417.4,420.76,433.45,435.22999999999996,437.03,450.0,458.33,462.22999999999996,462.24,464.21999999999997,466.21999999999997,468.24,470.27,473.03,474.40999999999997,478.62,486.46,489.34999999999997,497.47999999999996,503.50999999999993,520.52,529.29,544.06,551.6299999999999,566.18,585.6099999999999,591.05,614.9699999999999,626.3,635.91,645.6499999999999,648.6199999999999,648.6199999999999,651.5999999999999,653.56,666.53,670.56,694.16,710.0699999999999,727.26,754.8699999999999,754.8699999999999,754.88,754.88,754.88,754.88,754.88,754.89,754.89,754.89,754.89,754.89,754.89,754.89,754.89,754.89,754.89,754.89,754.9,754.9,754.9,754.9,754.9,754.9,754.9,754.9,754.9,754.9,754.9,754.91,754.91,754.91,754.91,754.91,754.92,754.92,754.92,754.92,754.92,754.92,754.92,754.92,754.92,754.93,754.93,754.93,754.93,754.93,754.93,754.93,754.93,754.93,754.93,754.93,
754.93,755.51,755.52,758.4499999999999,759.04,759.04,762.03,763.8499999999999,764.4699999999999,765.6999999999999,775.7199999999999,786.76,790.77,794.14,796.17,807.18,807.18,812.0899999999999,814.2099999999999,815.64,825.13,826.62,829.5899999999999,833.3399999999999,837.88,847.81,860.37,873.26,877.3199999999999,886.4,890.54,901.49,917.0699999999999,922.3299999999999,940.1999999999999,956.73,976.64,987.2099999999999,1003.92,1005.9,1012.83,1020.83,1028.9599999999998,1041.2399999999998,1058.9499999999998,1075.9099999999999,1097.6799999999998,1104.27,1109.78,1109.78,1109.78,1109.78,1109.78,1109.78,1109.78,1109.78,1109.78,1109.78,1109.79,1109.79,1109.79,1109.79,1109.79,1109.8,1109.8,1109.8,1109.8,1109.8,1109.81,1109.81,1109.81,1109.81,1109.81,1109.81,1109.82,1109.82,1109.82,1109.82,1109.82,1109.83,1109.83,1109.83,1109.83,1109.83,1109.83,1109.83,1109.83,1109.83,1109.83,1109.83,1109.83,1109.83,1109.84,1109.84,1109.85,1109.85,1109.85,1109.85,1109.85,1109.86,
1109.87,1109.87,1110.4699999999998,1112.2999999999997,1112.2999999999997,1113.5299999999997,1115.4199999999998,1116.0499999999997,1118.5999999999997,1118.5999999999997,1123.1499999999996,1135.8599999999997,1146.4599999999996,1154.5199999999995,1164.3599999999997,1172.9199999999996,1172.9199999999996,1176.8799999999997,1181.6699999999996,1184.9099999999996,1187.3699999999997,1191.4899999999996,1191.4999999999995,1192.3299999999995,1195.6999999999996,1205.1099999999997,1213.0499999999995,1223.0299999999995,1230.1899999999996,1245.9399999999996,1248.8099999999995,1270.1899999999996,1298.5399999999995,1312.0999999999995,1334.7399999999993,1361.3699999999994,1378.3599999999994,1389.8699999999994,1392.2399999999993,1394.5899999999995,1399.3399999999995,1402.9199999999994,1420.7699999999995,1438.0299999999995,1451.6799999999994,1473.2499999999993,1500.7799999999993,1511.4299999999994,1512.7699999999993,1515.4899999999993,1515.4899999999993,1515.4899999999993,1515.4899999999993,1515.4999999999993,1515.4999999999993,1515.4999999999993,1515.4999999999993,1515.4999999999993,1515.5099999999993,1515.5099999999993,1515.5099999999993,1515.5099999999993,1515.5099999999993,1515.5199999999993,1515.5199999999993,1515.5199999999993,1515.5199999999993,1515.5199999999993,1515.5199999999993,1515.5199999999993,1515.5199999999993,1515.5199999999993,1515.5199999999993,1515.5199999999993,1515.5199999999993,1515.5199999999993,1515.5199999999993,1515.5199999999993,1515.5199999999993,1515.5199999999993,1515.5199999999993,1515.5199999999993,1515.5199999999993,1515.5199999999993,1515.5299999999993,1515.5299999999993,1515.5299999999993,1515.5299999999993,1515.5299999999993,1515.5299999999993,1515.5299999999993,1515.5299999999993,1515.5299999999993,1515.5299999999993,1515.5299999999993,1515.5299999999993,1515.5299999999993,1515.5299999999993,1515.5299999999993,1515.5299999999993,
1515.5299999999993,1516.2199999999993,1516.2199999999993,1517.6099999999994,1521.1299999999994,1526.0999999999995,1535.5399999999993,1536.2699999999993,1546.8599999999994,1559.9999999999993,1567.8699999999994,1569.4699999999993,1573.4899999999993,1580.7299999999993,1583.0999999999995,1583.8999999999994,1585.4999999999993,1590.4599999999994,1594.6299999999994,1594.6399999999994,1597.1699999999994,1599.7099999999994,1605.7099999999994,1617.7899999999995,1630.0799999999995,1638.0999999999995,1646.2499999999993,1653.5299999999993,1658.1399999999994,1671.2599999999993,1694.0799999999995,1708.7599999999993,1731.5499999999995,1743.7799999999993,1749.0099999999993,1773.3799999999994,1782.9999999999993,1796.0599999999995,1798.2399999999993,1799.3199999999995,1813.5399999999995,1821.3299999999995,1832.4999999999993,1847.2199999999993,1865.6799999999994,1894.1299999999994,1908.4399999999994,1912.0299999999993,1912.0299999999993,1912.0299999999993,1912.0299999999993,1912.0299999999993,1912.0299999999993,1912.0399999999993,1912.0399999999993,1912.0399999999993,1912.0399999999993,1912.0399999999993,1912.0499999999993,1912.0499999999993,1912.0499999999993,1912.0499999999993,1912.0499999999993,1912.0499999999993,1912.0599999999993,1912.0599999999993,1912.0599999999993,1912.0599999999993,1912.0699999999993,1912.0699999999993,1912.0699999999993,1912.0699999999993,1912.0699999999993,1912.0799999999992,1912.0799999999992,1912.0799999999992,1912.0799999999992,1912.0799999999992,1912.0799999999992,1912.0799999999992,1912.0799999999992,1912.0799999999992,1912.0799999999992,1912.0899999999992,1912.0899999999992,1912.0899999999992,1912.0899999999992,1912.0899999999992,1912.0899999999992,1912.0899999999992,1912.0899999999992,1912.0899999999992,1912.0899999999992,1912.0899999999992,1912.0899999999992,1912.0899999999992,1912.0899999999992,1912.0899999999992,1912.0999999999992,1912.0999999999992,
1912.789999999999,1913.499999999999,1913.499999999999,1914.2099999999991,1924.1899999999991,1924.1899999999991,1927.8899999999992,1931.6099999999992,1938.339999999999,1955.259999999999,1960.019999999999,1972.0999999999992,1972.0999999999992,1972.1099999999992,1974.579999999999,1976.289999999999,1978.779999999999,1982.1299999999992,1982.9699999999991,1986.3499999999992,1988.029999999999,1988.029999999999,1988.8799999999992,1999.1099999999992,2000.8499999999992,2007.029999999999,2007.029999999999,2007.9199999999992,2013.239999999999,2023.1899999999991,2041.6499999999992,2052.0299999999993,2068.439999999999,2085.209999999999,2096.219999999999,2103.279999999999,2122.9199999999987,2141.0199999999986,2168.1899999999987,2193.8099999999986,2211.0099999999984,2221.4499999999985,2230.6799999999985,2247.1899999999982,2265.2599999999984,2291.079999999998,2308.709999999998,2322.839999999998,2322.839999999998,2322.839999999998,2322.849999999998,2322.849999999998,2322.849999999998,2322.849999999998,2322.849999999998,2322.849999999998,2322.849999999998,2322.849999999998,2322.849999999998,2322.859999999998,2322.859999999998,2322.859999999998,2322.859999999998,2322.859999999998,2322.869999999998,2322.869999999998,2322.869999999998,2322.869999999998,2322.869999999998,2322.879999999998,2322.879999999998,2322.879999999998,2322.879999999998,2322.879999999998,2322.889999999998,2322.889999999998,2322.889999999998,2322.889999999998,2322.889999999998,2322.889999999998,2322.889999999998,2322.889999999998,2322.889999999998,2322.889999999998,2322.889999999998,2322.889999999998,2322.889999999998,2322.889999999998,2322.899999999998,2322.899999999998,2322.899999999998,2322.899999999998,2322.899999999998,2322.899999999998,2322.899999999998,2322.899999999998,2322.899999999998,2322.899999999998,2322.899999999998,2322.899999999998,
2322.909999999998,2322.909999999998,2322.909999999998,2322.919999999998,2323.699999999998,2323.699999999998,2327.429999999998,2336.509999999998,2341.139999999998,2357.7099999999978,2366.6799999999976,2379.129999999998,2382.4999999999977,2392.699999999998,2394.409999999998,2395.259999999998,2398.7399999999975,2403.0999999999976,2407.4899999999975,2416.4299999999976,2416.4299999999976,2419.1999999999975,2427.5199999999977,2432.1999999999975,2443.549999999998,2453.0799999999977,2463.819999999998,2474.6799999999976,2488.6499999999974,2506.969999999997,2521.579999999997,2540.8199999999974,2541.909999999997,2552.7499999999973,2569.2899999999972,2586.0399999999972,2594.049999999997,2598.5399999999972,2599.6899999999973,2621.579999999997,2623.9599999999973,2634.509999999997,2650.079999999997,2662.239999999997,2680.599999999997,2701.809999999997,2729.9999999999973,2745.579999999997,2745.579999999997,2745.579999999997,2745.579999999997,2745.579999999997,2745.579999999997,2745.579999999997,2745.579999999997,2745.579999999997,2745.579999999997,2745.579999999997,2745.579999999997,2745.579999999997,2745.579999999997,2745.579999999997,2745.579999999997,2745.589999999997,2745.589999999997,2745.589999999997,2745.589999999997,2745.589999999997,2745.589999999997,2745.589999999997,2745.589999999997,2745.589999999997,2745.589999999997,2745.5999999999967,2745.5999999999967,2745.5999999999967,2745.5999999999967,2745.5999999999967,2745.609999999997,2745.609999999997,2745.609999999997,2745.609999999997,2745.609999999997,2745.609999999997,2745.609999999997,2745.609999999997,2745.609999999997,2745.609999999997,2745.609999999997,2745.619999999997,2745.619999999997,2745.619999999997,2745.619999999997,2745.619999999997,2745.619999999997,2745.619999999997,2745.619999999997,2745.619999999997,2745.6299999999974,2745.6299999999974,
2745.6299999999974,2745.6299999999974,2745.6399999999976,2747.9199999999973,2750.9999999999973,2750.9999999999973,2757.199999999997,2757.199999999997,2763.509999999997,2769.1099999999974,2776.5199999999973,2779.7999999999975,2786.449999999997,2795.7099999999973,2807.639999999997,2814.5699999999974,2816.2999999999975,2816.2999999999975,2819.7899999999972,2820.6699999999973,2825.029999999997,2825.929999999997,2835.759999999997,2846.6899999999973,2855.0699999999974,2864.4299999999976,2872.0099999999975,2881.6599999999976,2883.579999999997,2890.409999999997,2917.319999999997,2937.859999999997,2958.789999999997,2978.9699999999966,2996.5599999999968,3007.7199999999966,3025.6399999999967,3042.8399999999965,3052.1799999999967,3055.6999999999966,3061.5499999999965,3071.0099999999966,3081.749999999997,3099.8899999999967,3110.9699999999966,3137.3099999999963,3166.6299999999965,3171.7899999999963,3171.7999999999965,3171.7999999999965,3171.7999999999965,3171.7999999999965,3171.8099999999963,3171.8099999999963,3171.8099999999963,3171.8099999999963,3171.8099999999963,3171.8099999999963,3171.8099999999963,3171.8099999999963,3171.8099999999963,3171.8099999999963,3171.8199999999965,3171.8199999999965,3171.8199999999965,3171.8199999999965,3171.8199999999965,3171.8199999999965,3171.8199999999965,3171.8199999999965,3171.8199999999965,3171.8199999999965,3171.8199999999965,3171.8199999999965,3171.8199999999965,3171.8199999999965,3171.8299999999963,3171.8299999999963,3171.8299999999963,3171.8299999999963,3171.8399999999965,3171.8399999999965,3171.8399999999965,3171.8399999999965,3171.8399999999965,3171.8399999999965,3171.8399999999965,3171.8399999999965,3171.8399999999965,3171.8399999999965,3171.8499999999963,3171.8499999999963,3171.8499999999963,3171.8499999999963,3171.8499999999963,3171.8599999999965,3171.8599999999965,3171.8599999999965,3171.8599999999965,3171.8599999999965,
3171.8599999999965,3171.8699999999963,3171.8699999999963,3172.6499999999965,3179.8099999999963,3194.2799999999966,3197.5699999999965,3200.8799999999965,3206.7099999999964,3219.3999999999965,3233.2799999999966,3234.1399999999967,3236.7199999999966,3238.4699999999966,3238.4699999999966,3245.5299999999966,3246.4299999999967,3252.7199999999966,3260.8999999999965,3261.8099999999963,3264.5699999999965,3265.4999999999964,3272.0399999999963,3280.2399999999966,3287.7599999999966,3293.5299999999966,3300.2899999999963,3327.819999999996,3339.859999999996,3349.9999999999964,3370.679999999996,3390.3299999999963,3406.929999999996,3422.7099999999964,3448.669999999996,3458.489999999996,3465.0999999999963,3468.4599999999964,3475.1199999999963,3478.4699999999966,3482.9499999999966,3492.0399999999963,3506.9799999999964,3518.6299999999965,3537.4299999999967,3561.4499999999966,3590.6999999999966,3593.159999999996,3593.159999999996,3593.159999999996,3593.159999999996,3593.159999999996,3593.159999999996,3593.159999999996,3593.1699999999964,3593.1699999999964,3593.1699999999964,3593.1699999999964,3593.179999999996,3593.179999999996,3593.179999999996,3593.179999999996,3593.179999999996,3593.179999999996,3593.179999999996,3593.179999999996,3593.179999999996,3593.179999999996,3593.189999999996,3593.189999999996,3593.189999999996,3593.189999999996,3593.189999999996,3593.189999999996,3593.189999999996,3593.189999999996,3593.189999999996,3593.1999999999957,3593.1999999999957,3593.1999999999957,3593.1999999999957,3593.1999999999957,3593.209999999996,3593.209999999996,3593.209999999996,3593.209999999996,3593.2199999999957,3593.2199999999957,3593.2199999999957,3593.2199999999957,3593.2199999999957,3593.2199999999957,3593.2199999999957,3593.2199999999957,3593.2199999999957,3593.2199999999957,3593.2199999999957,3593.2199999999957,3593.2199999999957,3593.229999999996,
3593.229999999996,3593.229999999996,3593.229999999996,3593.229999999996,3600.039999999996,3600.809999999996,3604.669999999996,3607.769999999996,3608.559999999996,3618.809999999996,3635.819999999996,3649.1399999999962,3655.879999999996,3659.269999999996,3659.269999999996,3663.579999999996,3663.579999999996,3669.629999999996,3671.3699999999963,3672.329999999996,3683.809999999996,3685.5999999999963,3694.6199999999963,3705.5699999999956,3730.9099999999958,3738.5499999999956,3745.2799999999957,3747.2099999999955,3757.9499999999957,3776.8099999999954,3786.9599999999955,3795.1099999999956,3821.0599999999954,3831.6799999999957,3840.4499999999957,3845.8599999999956,3869.9099999999958,3871.019999999996,3883.2799999999957,3893.4799999999955,3902.5999999999954,3909.479999999995,3930.3699999999953,3937.439999999995,3952.9099999999953,3978.3199999999956,3996.7399999999957,4009.1499999999955,4009.1499999999955,4009.1499999999955,4009.1499999999955,4009.1599999999958,4009.1599999999958,4009.1599999999958,4009.1599999999958,4009.1699999999955,4009.1699999999955,4009.1699999999955,4009.1699999999955,4009.1699999999955,4009.1699999999955,4009.1699999999955,4009.1699999999955,4009.1799999999953,4009.1799999999953,4009.1799999999953,4009.1799999999953,4009.1899999999955,4009.1899999999955,4009.1899999999955,4009.1899999999955,4009.1899999999955,4009.1899999999955,4009.1899999999955,4009.1899999999955,4009.1899999999955,4009.1899999999955,4009.1899999999955,4009.1899999999955,4009.1899999999955,4009.1899999999955,4009.1899999999955,4009.1899999999955,4009.1899999999955,4009.1899999999955,4009.1999999999957,4009.2099999999955,4009.2099999999955,4009.2099999999955,4009.2099999999955,4009.2099999999955,4009.2099999999955,4009.2099999999955,4009.2099999999955,4009.2099999999955,4009.2099999999955,4009.2099999999955,4009.2199999999953,4009.2199999999953,4009.2199999999953,
4009.2199999999953,4009.2199999999953,4009.2199999999953,4009.2199999999953,4009.9899999999952,4013.839999999995,4016.9499999999953,4021.659999999995,4035.309999999995,4050.959999999995,4058.509999999995,4072.2799999999947,4074.0199999999945,4078.3899999999953,4083.669999999995,4085.4399999999946,4089.0199999999945,4096.259999999995,4097.169999999995,4098.989999999994,4102.649999999994,4107.279999999994,4114.739999999994,4116.609999999994,4121.2899999999945,4130.7899999999945,4135.5799999999945,4142.359999999994,4150.159999999994,4165.069999999994,4168.059999999994,4179.209999999995,4193.709999999995,4214.529999999994,4238.049999999994,4267.739999999994,4291.359999999994,4298.219999999994,4308.569999999994,4309.729999999994,4319.069999999994,4328.419999999994,4341.399999999994,4352.189999999994,4376.719999999994,4404.129999999994,4428.339999999994,4436.239999999993,4436.249999999994,4436.249999999994,4436.249999999994,4436.249999999994,4436.259999999994,4436.259999999994,4436.259999999994,4436.259999999994,4436.259999999994,4436.259999999994,4436.259999999994,4436.259999999994,4436.259999999994,4436.259999999994,4436.259999999994,4436.259999999994,4436.259999999994,4436.259999999994,4436.259999999994,4436.259999999994,4436.259999999994,4436.259999999994,4436.259999999994,4436.259999999994,4436.259999999994,4436.269999999994,4436.269999999994,4436.269999999994,4436.269999999994,4436.269999999994,4436.279999999993,4436.279999999993,4436.279999999993,4436.279999999993,4436.279999999993,4436.279999999993,4436.279999999993,4436.279999999993,4436.279999999993,4436.279999999993,4436.279999999993,4436.279999999993,4436.279999999993,4436.279999999993,4436.279999999993,4436.279999999993,4436.279999999993,4436.289999999993,4436.289999999993,4436.289999999993,4436.289999999993,4436.289999999993,
4436.289999999993,4437.069999999992,4437.079999999993,4437.079999999993,4438.639999999992,4438.639999999992,4441.009999999992,4447.4499999999925,4458.129999999992,4468.979999999992,4481.839999999992,4486.209999999993,4492.399999999992,4504.979999999992,4507.709999999993,4508.619999999993,4515.039999999993,4516.889999999992,4517.819999999992,4520.619999999993,4524.399999999992,4529.189999999992,4536.879999999993,4550.569999999992,4551.579999999993,4557.579999999993,4562.589999999993,4575.869999999993,4592.639999999993,4607.619999999993,4624.159999999993,4654.509999999993,4673.039999999993,4691.869999999993,4712.2799999999925,4725.6999999999925,4728.169999999993,4731.889999999993,4741.889999999993,4758.1999999999925,4767.079999999993,4772.189999999992,4783.819999999992,4798.2799999999925,4823.629999999993,4846.829999999993,4869.049999999993,4885.939999999992,4893.039999999993,4893.039999999993,4893.039999999993,4893.039999999993,4893.039999999993,4893.039999999993,4893.039999999993,4893.059999999992,4893.059999999992,4893.059999999992,4893.059999999992,4893.069999999992,4893.069999999992,4893.069999999992,4893.069999999992,4893.069999999992,4893.069999999992,4893.069999999992,4893.069999999992,4893.069999999992,4893.079999999993,4893.079999999993,4893.079999999993,4893.079999999993,4893.079999999993,4893.089999999992,4893.089999999992,4893.089999999992,4893.089999999992,4893.089999999992,4893.089999999992,4893.089999999992,4893.089999999992,4893.089999999992,4893.089999999992,4893.089999999992,4893.089999999992,4893.089999999992,4893.089999999992,4893.099999999992,4893.099999999992,4893.099999999992,4893.099999999992,4893.099999999992,4893.099999999992,4893.099999999992,4893.099999999992,4893.099999999992,4893.099999999992,4893.099999999992,4893.099999999992,4893.099999999992,
4893.099999999992,4893.099999999992,4894.729999999992,4895.549999999992,4897.209999999992,4897.209999999992,4900.5299999999925,4906.419999999992,4918.729999999993,4941.059999999993,4954.849999999993,4961.399999999993,4963.289999999993,4967.109999999992,4973.809999999993,4978.679999999993,4981.619999999993,4982.589999999993,4997.429999999993,4999.429999999993,5001.439999999992,5007.519999999992,5010.579999999993,5017.839999999992,5026.159999999993,5031.399999999992,5053.9899999999925,5060.559999999992,5072.619999999993,5079.289999999992,5086.079999999992,5111.429999999991,5138.529999999992,5144.499999999991,5166.429999999991,5181.209999999991,5186.199999999991,5201.309999999991,5223.179999999991,5230.929999999991,5237.429999999991,5240.059999999991,5251.949999999992,5270.699999999992,5284.329999999992,5317.669999999992,5336.139999999992,5362.089999999992,5362.089999999992,5362.089999999992,5362.089999999992,5362.089999999992,5362.089999999992,5362.089999999992,5362.089999999992,5362.089999999992,5362.089999999992,5362.089999999992,5362.089999999992,5362.089999999992,5362.089999999992,5362.089999999992,5362.089999999992,5362.089999999992,5362.089999999992,5362.089999999992,5362.089999999992,5362.089999999992,5362.089999999992,5362.089999999992,5362.089999999992,5362.089999999992,5362.089999999992,5362.089999999992,5362.089999999992,5362.089999999992,5362.089999999992,5362.089999999992,5362.089999999992,5362.099999999992,5362.099999999992,5362.099999999992,5362.099999999992,5362.1099999999915,5362.1099999999915,5362.1099999999915,5362.1099999999915,5362.1099999999915,5362.1099999999915,5362.1099999999915,5362.1099999999915,5362.1099999999915,5362.1099999999915,5362.119999999992,5362.119999999992,5362.119999999992,5362.119999999992,5362.119999999992,5362.119999999992,5362.119999999992,
5362.119999999992,5362.129999999992,5362.129999999992,5368.139999999992,5373.309999999992,5380.289999999992,5384.699999999992,5389.149999999991,5391.839999999991,5396.429999999991,5401.969999999991,5421.969999999991,5427.739999999992,5438.449999999992,5442.399999999991,5444.379999999991,5449.369999999991,5449.379999999991,5452.399999999991,5454.439999999991,5457.529999999992,5459.619999999992,5463.729999999992,5469.959999999992,5482.5699999999915,5496.479999999992,5509.579999999992,5525.279999999992,5535.469999999992,5540.039999999992,5564.499999999992,5581.269999999991,5609.379999999991,5631.819999999991,5649.809999999991,5667.939999999991,5691.669999999991,5691.669999999991,5694.349999999991,5697.029999999992,5710.579999999992,5718.719999999991,5739.399999999991,5768.899999999991,5780.299999999991,5806.309999999991,5834.409999999991,5846.369999999991,5849.429999999991,5849.429999999991,5849.429999999991,5849.429999999991,5849.429999999991,5849.429999999991,5849.429999999991,5849.429999999991,5849.439999999991,5849.439999999991,5849.439999999991,5849.439999999991,5849.449999999991,5849.449999999991,5849.449999999991,5849.449999999991,5849.459999999991,5849.459999999991,5849.459999999991,5849.459999999991,5849.469999999991,5849.469999999991,5849.469999999991,5849.469999999991,5849.469999999991,5849.4799999999905,5849.4799999999905,5849.4799999999905,5849.4799999999905,5849.489999999991,5849.489999999991,5849.489999999991,5849.489999999991,5849.489999999991,5849.489999999991,5849.489999999991,5849.489999999991,5849.489999999991,5849.489999999991,5849.489999999991,5849.489999999991,5849.489999999991,5849.489999999991,5849.489999999991,5849.489999999991,5849.489999999991,5849.499999999991,5849.499999999991,5849.499999999991,5849.499999999991,5849.499999999991,5849.499999999991,
5849.499999999991,5849.499999999991,5849.499999999991,5849.499999999991,5850.379999999991,5850.379999999991,5853.009999999991,5869.019999999991,5880.929999999992,5890.199999999992,5897.669999999992,5911.889999999992,5924.479999999991,5927.399999999991,5927.399999999991,5936.3599999999915,5940.339999999991,5948.409999999991,5950.419999999991,5954.459999999991,5959.539999999991,5977.089999999991,5986.569999999991,5992.949999999991,5995.129999999991,6002.63999999999,6017.779999999991,6022.1499999999905,6035.4399999999905,6046.67999999999,6059.169999999991,6072.919999999991,6089.199999999991,6115.30999999999,6143.13999999999,6165.30999999999,6176.569999999991,6184.08999999999,6186.619999999991,6187.88999999999,6190.419999999991,6201.859999999991,6210.79999999999,6230.1899999999905,6263.419999999991,6287.569999999991,6314.879999999991,6317.629999999991,6317.629999999991,6317.629999999991,6317.629999999991,6317.639999999991,6317.639999999991,6317.639999999991,6317.639999999991,6317.649999999991,6317.649999999991,6317.649999999991,6317.649999999991,6317.649999999991,6317.649999999991,6317.649999999991,6317.649999999991,6317.659999999991,6317.659999999991,6317.659999999991,6317.659999999991,6317.659999999991,6317.669999999991,6317.669999999991,6317.669999999991,6317.669999999991,6317.669999999991,6317.669999999991,6317.669999999991,6317.669999999991,6317.669999999991,6317.669999999991,6317.669999999991,6317.669999999991,6317.679999999991,6317.679999999991,6317.679999999991,6317.679999999991,6317.679999999991,6317.689999999991,6317.689999999991,6317.689999999991,6317.689999999991,6317.699999999992,6317.699999999992,6317.699999999992,6317.699999999992,6317.709999999991,6317.709999999991,6317.709999999991,6317.709999999991,6317.719999999991,6317.719999999991,6317.719999999991,
6317.729999999991,6317.729999999991,6317.729999999991,6318.619999999992,6320.379999999991,6328.3599999999915,6330.149999999991,6341.989999999992,6355.969999999991,6371.259999999991,6392.959999999991,6393.959999999991,6393.959999999991,6397.9799999999905,6402.029999999991,6408.1499999999905,6419.6499999999905,6424.8999999999905,6425.96999999999,6425.96999999999,6430.2299999999905,6434.50999999999,6446.4399999999905,6450.819999999991,6466.339999999991,6471.949999999991,6483.389999999991,6498.339999999991,6524.139999999991,6543.409999999992,6550.789999999991,6572.989999999991,6588.029999999991,6594.359999999991,6599.509999999991,6605.929999999991,6608.499999999992,6626.749999999992,6642.569999999992,6672.149999999992,6678.939999999992,6684.409999999993,6699.569999999992,6730.399999999992,6747.519999999992,6770.689999999992,6792.849999999992,6803.199999999992,6810.639999999992,6810.639999999992,6812.129999999992,6815.1099999999915,6815.1099999999915,6815.119999999992,6815.119999999992,6815.119999999992,6815.119999999992,6815.129999999992,6815.129999999992,6815.129999999992,6815.129999999992,6815.129999999992,6815.129999999992,6815.129999999992,6815.129999999992,6815.139999999992,6815.139999999992,6815.139999999992,6815.139999999992,6815.149999999992,6815.149999999992,6815.149999999992,6815.149999999992,6815.149999999992,6815.149999999992,6815.149999999992,6815.149999999992,6815.159999999993,6815.159999999993,6815.159999999993,6815.159999999993,6815.159999999993,6815.169999999993,6815.169999999993,6815.169999999993,6815.169999999993,6815.179999999993,6815.179999999993,6815.179999999993,6815.179999999993,6815.189999999992,6815.189999999992,6815.189999999992,6815.189999999992,6815.189999999992,6815.189999999992,6815.189999999992,6815.189999999992,6815.189999999992,6815.189999999992,
6815.1999999999925,6815.1999999999925,6816.089999999992,6816.979999999992,6820.549999999992,6821.439999999992,6825.049999999992,6825.049999999992,6826.869999999993,6840.069999999992,6856.2799999999925,6877.789999999992,6892.809999999992,6895.909999999992,6896.929999999992,6901.019999999992,6905.219999999992,6905.219999999992,6910.409999999992,6914.6099999999915,6919.879999999992,6929.439999999991,6938.049999999992,6947.849999999992,6955.6099999999915,6958.949999999992,6971.379999999992,6975.939999999991,6997.939999999991,7007.399999999991,7030.3199999999915,7052.489999999992,7076.299999999991,7081.4399999999905,7084.01999999999,7108.74999999999,7127.28999999999,7134.03999999999,7138.07999999999,7162.66999999999,7176.39999999999,7181.92999999999,7207.14999999999,7225.70999999999,7238.83999999999,7263.77999999999,7289.139999999989,7307.23999999999,7308.75999999999,7317.889999999989,7317.889999999989,7317.89999999999,7317.89999999999,7317.89999999999,7317.89999999999,7317.90999999999,7317.90999999999,7317.90999999999,7317.90999999999,7317.90999999999,7317.90999999999,7317.90999999999,7317.90999999999,7317.90999999999,7317.91999999999,7317.91999999999,7317.91999999999,7317.91999999999,7317.91999999999,7317.91999999999,7317.91999999999,7317.91999999999,7317.92999999999,7317.92999999999,7317.92999999999,7317.92999999999,7317.93999999999,7317.93999999999,7317.93999999999,7317.93999999999,7317.94999999999,7317.94999999999,7317.94999999999,7317.94999999999,7317.94999999999,7317.94999999999,7317.94999999999,7317.94999999999,7317.94999999999,7317.94999999999,7317.94999999999,7317.95999999999,7317.95999999999,7317.95999999999,7317.95999999999,7317.969999999989,7317.969999999989,7317.969999999989,7317.969999999989,7317.969999999989,
7317.979999999989,7317.979999999989,7317.979999999989,7317.989999999989,7318.889999999989,7318.889999999989,7321.659999999989,7330.899999999989,7346.739999999989,7361.029999999989,7378.689999999989,7392.799999999989,7400.869999999989,7400.869999999989,7403.9299999999885,7406.999999999989,7412.119999999989,7414.1799999999885,7418.319999999989,7425.609999999989,7437.339999999989,7439.469999999988,7448.169999999989,7449.259999999988,7457.919999999989,7467.749999999989,7479.879999999989,7489.97999999999,7502.379999999989,7516.139999999989,7530.049999999989,7554.8099999999895,7577.72999999999,7597.3099999999895,7620.929999999989,7640.0199999999895,7656.66999999999,7663.12999999999,7665.72999999999,7669.62999999999,7672.23999999999,7681.41999999999,7702.74999999999,7721.52999999999,7736.62999999999,7761.48999999999,7796.49999999999,7802.16999999999,7802.16999999999,7802.16999999999,7802.16999999999,7802.16999999999,7802.16999999999,7802.16999999999,7802.16999999999,7802.16999999999,7802.17999999999,7802.17999999999,7802.17999999999,7802.17999999999,7802.17999999999,7802.17999999999,7802.17999999999,7802.17999999999,7802.17999999999,7802.18999999999,7802.18999999999,7802.18999999999,7802.18999999999,7802.19999999999,7802.19999999999,7802.19999999999,7802.19999999999,7802.19999999999,7802.19999999999,7802.19999999999,7802.20999999999,7802.20999999999,7802.20999999999,7802.20999999999,7802.219999999989,7802.219999999989,7802.219999999989,7802.219999999989,7802.219999999989,7802.219999999989,7802.219999999989,7802.219999999989,7802.22999999999,7802.22999999999,7802.22999999999,7802.22999999999,7802.22999999999,7802.22999999999,7802.22999999999,7802.22999999999,7802.22999999999,7802.22999999999,7802.22999999999,7802.22999999999,
7802.22999999999,7802.22999999999,7802.22999999999,7803.12999999999,7804.02999999999,7808.57999999999,7822.5599999999895,7834.90999999999,7847.60999999999,7870.629999999989,7878.7699999999895,7880.81999999999,7880.81999999999,7880.81999999999,7885.00999999999,7887.09999999999,7888.13999999999,7888.14999999999,7890.23999999999,7899.70999999999,7901.849999999989,7915.8099999999895,7935.589999999989,7948.98999999999,7961.549999999989,7971.959999999989,7989.5199999999895,8003.799999999989,8020.7699999999895,8038.089999999989,8039.329999999989,8060.879999999989,8080.079999999989,8089.239999999989,8091.859999999989,8093.169999999989,8110.339999999988,8133.209999999989,8141.339999999988,8157.759999999988,8170.359999999989,8185.789999999989,8194.239999999989,8212.799999999988,8234.579999999989,8254.179999999988,8275.049999999988,8302.299999999988,8309.91999999999,8309.91999999999,8309.91999999999,8309.91999999999,8309.91999999999,8309.91999999999,8309.91999999999,8309.91999999999,8309.91999999999,8309.91999999999,8309.91999999999,8309.91999999999,8309.91999999999,8309.91999999999,8309.91999999999,8309.91999999999,8309.91999999999,8309.91999999999,8309.91999999999,8309.92999999999,8309.92999999999,8309.92999999999,8309.92999999999,8309.93999999999,8309.93999999999,8309.93999999999,8309.93999999999,8309.94999999999,8309.94999999999,8309.94999999999,8309.94999999999,8309.94999999999,8309.94999999999,8309.94999999999,8309.94999999999,8309.94999999999,8309.94999999999,8309.94999999999,8309.94999999999,8309.94999999999,8309.94999999999,8309.94999999999,8309.94999999999,8309.959999999988,8309.959999999988,8309.959999999988,8309.959999999988,8309.969999999988,8309.969999999988,8309.969999999988,8309.969999999988,8309.969999999988,
8309.969999999988,8309.969999999988,8310.879999999988,8313.619999999988,8316.439999999988,8319.219999999988,8319.219999999988,8336.249999999989,8340.059999999989,8351.66999999999,8370.469999999988,8376.499999999989,8378.519999999988,8385.629999999988,8396.879999999988,8406.209999999988,8407.259999999987,8410.399999999989,8412.499999999989,8413.58999999999,8419.93999999999,8424.17999999999,8429.569999999989,8444.70999999999,8453.45999999999,8462.28999999999,8474.57999999999,8487.06999999999,8509.07999999999,8529.05999999999,8540.97999999999,8569.98999999999,8588.45999999999,8607.419999999991,8618.859999999991,8623.94999999999,8646.099999999991,8655.23999999999,8656.57999999999,8663.11999999999,8675.009999999991,8689.669999999991,8701.79999999999,8727.74999999999,8735.98999999999,8759.589999999991,8789.32999999999,8797.88999999999,8797.88999999999,8797.89999999999,8797.89999999999,8797.89999999999,8797.89999999999,8797.89999999999,8797.89999999999,8797.89999999999,8797.90999999999,8797.90999999999,8797.90999999999,8797.90999999999,8797.90999999999,8797.90999999999,8797.90999999999,8797.90999999999,8797.919999999991,8797.919999999991,8797.919999999991,8797.919999999991,8797.919999999991,8797.919999999991,8797.919999999991,8797.919999999991,8797.929999999991,8797.929999999991,8797.929999999991,8797.929999999991,8797.929999999991,8797.929999999991,8797.929999999991,8797.939999999991,8797.939999999991,8797.939999999991,8797.939999999991,8797.949999999992,8797.949999999992,8797.949999999992,8797.949999999992,8797.959999999992,8797.959999999992,8797.959999999992,8797.959999999992,8797.969999999992,8797.969999999992,8797.969999999992,8797.969999999992,8797.969999999992,8797.969999999992,8797.969999999992,8797.979999999992,8797.979999999992,
8799.809999999994,8799.809999999994,8799.819999999992,8805.339999999993,8809.959999999994,8809.959999999994,8812.759999999993,8812.759999999993,8821.239999999993,8835.659999999993,8851.249999999993,8871.119999999992,8875.139999999992,8875.139999999992,8878.159999999993,8878.159999999993,8881.209999999992,8883.239999999993,8892.529999999992,8892.529999999992,8900.919999999991,8904.059999999992,8907.229999999992,8914.639999999992,8915.699999999992,8922.07999999999,8941.669999999991,8960.339999999991,8984.969999999992,9003.219999999992,9012.479999999992,9031.209999999992,9040.64999999999,9062.169999999991,9087.779999999992,9120.169999999991,9137.96999999999,9143.079999999989,9148.219999999988,9149.50999999999,9163.719999999988,9167.649999999989,9180.799999999988,9202.079999999989,9219.579999999989,9240.119999999988,9271.949999999988,9274.729999999989,9277.50999999999,9277.50999999999,9277.50999999999,9277.50999999999,9277.51999999999,9277.51999999999,9277.51999999999,9277.51999999999,9277.51999999999,9277.51999999999,9277.51999999999,9277.52999999999,9277.52999999999,9277.52999999999,9277.52999999999,9277.53999999999,9277.53999999999,9277.53999999999,9277.53999999999,9277.53999999999,9277.53999999999,9277.53999999999,9277.53999999999,9277.54999999999,9277.54999999999,9277.54999999999,9277.54999999999,9277.54999999999,9277.54999999999,9277.54999999999,9277.55999999999,9277.55999999999,9277.55999999999,9277.55999999999,9277.55999999999,9277.55999999999,9277.55999999999,9277.55999999999,9277.55999999999,9277.55999999999,9277.55999999999,9277.55999999999,9277.55999999999,9277.56999999999,9277.56999999999,9277.56999999999,9277.56999999999,9277.56999999999,9277.56999999999,9277.56999999999,9277.57999999999,9277.57999999999,
9277.57999999999,9277.57999999999,9278.49999999999,9280.33999999999,9280.33999999999,9284.03999999999,9284.03999999999,9285.94999999999,9294.40999999999,9303.89999999999,9327.23999999999,9350.25999999999,9355.34999999999,9355.35999999999,9359.42999999999,9361.47999999999,9364.55999999999,9369.70999999999,9369.71999999999,9372.829999999989,9374.90999999999,9390.72999999999,9394.98999999999,9401.44999999999,9415.48999999999,9434.099999999991,9447.56999999999,9457.689999999991,9470.23999999999,9500.379999999992,9512.14999999999,9532.619999999992,9550.849999999991,9563.089999999991,9569.259999999991,9586.61999999999,9601.72999999999,9610.599999999991,9627.28999999999,9628.57999999999,9632.45999999999,9644.12999999999,9654.589999999991,9681.22999999999,9708.27999999999,9734.43999999999,9762.40999999999,9762.40999999999,9762.40999999999,9762.40999999999,9762.40999999999,9762.40999999999,9762.40999999999,9762.40999999999,9762.419999999991,9762.419999999991,9762.419999999991,9762.419999999991,9762.419999999991,9762.419999999991,9762.419999999991,9762.419999999991,9762.419999999991,9762.419999999991,9762.419999999991,9762.429999999991,9762.429999999991,9762.429999999991,9762.429999999991,9762.439999999991,9762.439999999991,9762.439999999991,9762.439999999991,9762.449999999992,9762.449999999992,9762.449999999992,9762.449999999992,9762.449999999992,9762.449999999992,9762.449999999992,9762.45999999999,9762.45999999999,9762.45999999999,9762.45999999999,9762.46999999999,9762.46999999999,9762.46999999999,9762.46999999999,9762.46999999999,9762.46999999999,9762.46999999999,9762.47999999999,9762.47999999999,9762.47999999999,9762.47999999999,9762.48999999999,9762.48999999999,9762.48999999999,9762.48999999999,9762.49999999999,
9762.49999999999,9762.509999999991,9764.339999999991,9769.88999999999,9775.509999999991,9783.95999999999,9799.29999999999,9799.29999999999,9799.29999999999,9807.19999999999,9825.06999999999,9826.07999999999,9830.13999999999,9839.39999999999,9846.60999999999,9849.70999999999,9849.70999999999,9852.82999999999,9859.20999999999,9861.33999999999,9869.82999999999,9877.32999999999,9878.40999999999,9896.89999999999,9905.72999999999,9918.099999999991,9928.299999999992,9932.859999999991,9933.999999999993,9943.219999999992,9967.809999999992,9978.559999999992,9995.419999999993,10016.159999999993,10028.499999999993,10051.179999999993,10071.509999999993,10102.559999999992,10106.489999999993,10110.419999999993,10118.369999999994,10130.499999999993,10137.299999999992,10153.459999999992,10164.349999999991,10201.589999999991,10221.24999999999,10245.359999999991,10245.369999999992,10245.369999999992,10245.369999999992,10245.369999999992,10245.369999999992,10245.369999999992,10245.369999999992,10245.369999999992,10245.369999999992,10245.369999999992,10245.37999999999,10245.37999999999,10245.37999999999,10245.37999999999,10245.37999999999,10245.37999999999,10245.37999999999,10245.38999999999,10245.38999999999,10245.38999999999,10245.38999999999,10245.38999999999,10245.38999999999,10245.38999999999,10245.38999999999,10245.38999999999,10245.38999999999,10245.38999999999,10245.39999999999,10245.39999999999,10245.39999999999,10245.39999999999,10245.39999999999,10245.39999999999,10245.39999999999,10245.40999999999,10245.40999999999,10245.40999999999,10245.40999999999,10245.40999999999,10245.40999999999,10245.40999999999,10245.40999999999,10245.40999999999,10245.40999999999,10245.419999999991,10245.419999999991,10245.419999999991,10245.419999999991,10245.429999999991,10245.429999999991,10245.429999999991,
10245.429999999991,10245.429999999991,10245.439999999991,10245.439999999991,10246.359999999991,