instance,task,episode,return,discounted_return
1,1,1,0.0,0.0
1,1,2,0.0,0.0
1,1,3,0.0,0.0
1,1,4,0.0,0.0
1,1,5,0.0,0.0
1,1,6,0.0,0.0
1,1,7,0.0,0.0
1,1,8,0.0,0.0
1,1,9,0.0,0.0
1,1,10,0.0,0.0
1,1,11,0.0,0.0
1,1,12,0.0,0.0
1,1,13,0.0,0.0
1,1,14,0.0,0.0
1,1,15,0.0,0.0
1,1,16,0.0,0.0
1,1,17,0.1,0.00523347633027361
1,1,18,0.0,0.0
1,1,19,0.0,0.0
1,1,20,0.0,0.0
1,1,21,0.0,0.0
1,1,22,0.0,0.0
1,1,23,0.0,0.0
1,1,24,0.0,0.0
1,1,25,0.0,0.0
1,1,26,0.0,0.0
1,1,27,0.0,0.0
1,1,28,0.0,0.0
1,1,29,0.0,0.0
1,1,30,0.0,0.0
1,1,31,0.0,0.0
1,1,32,0.0,0.0
1,1,33,0.0,0.0
1,1,34,0.0,0.0
1,1,35,0.0,0.0
1,1,36,0.0,0.0
1,1,37,0.0,0.0
1,1,38,0.0,0.0
1,1,39,0.0,0.0
1,1,40,0.0,0.0
1,1,41,0.0,0.0
1,1,42,0.0,0.0
1,1,43,0.0,0.0
1,1,44,0.0,0.0
1,1,45,0.0,0.0
1,1,46,0.0,0.0
1,1,47,0.0,0.0
1,1,48,0.0,0.0
1,1,49,0.0,0.0
1,1,50,0.0,0.0
1,1,51,0.0,0.0
1,1,52,0.0,0.0
1,1,53,0.0,0.0
1,1,54,0.0,0.0
1,1,55,0.0,0.0
1,1,56,0.0,0.0
1,1,57,0.1,0.015009463529699918
1,1,58,0.0,0.0
1,1,59,0.0,0.0
1,1,60,0.0,0.0
1,1,61,0.0,0.0
1,1,62,0.0,0.0
1,1,63,0.0,0.0
1,1,64,0.0,0.0
1,1,65,0.0,0.0
1,1,66,0.0,0.0
1,1,67,0.1,0.012157665459056936
1,1,68,0.0,0.0
1,1,69,0.0,0.0
1,1,70,0.0,0.0
1,1,71,0.0,0.0
1,1,72,0.0,0.0
1,1,73,0.0,0.0
1,1,74,0.0,0.0
1,1,75,0.0,0.0
1,1,76,0.0,0.0
1,1,77,0.0,0.0
1,1,78,0.0,0.0
1,1,79,0.0,0.0
1,1,80,0.0,0.0
1,1,81,0.0,0.0
1,1,82,0.0,0.0
1,1,83,0.0,0.0
1,1,84,0.0,0.0
1,1,85,0.0,0.0
1,1,86,0.0,0.0
1,1,87,0.0,0.0
1,1,88,0.0,0.0
1,1,89,0.0,0.0
1,1,90,0.0,0.0
1,1,91,0.0,0.0
1,1,92,0.0,0.0
1,1,93,0.0,0.0
1,1,94,0.0,0.0
1,1,95,0.0,0.0
1,1,96,0.0,0.0
1,1,97,0.1,0.00984770902183612
1,1,98,0.1,0.004239115827521624
1,1,99,0.0,0.0
1,1,100,0.0,0.0
1,2,1,0.0,0.0
1,2,2,0.0,0.0
1,2,3,0.0,0.0
1,2,4,0.0,0.0
1,2,5,0.0,0.0
1,2,6,0.0,0.0
1,2,7,0.0,0.0
1,2,8,0.0,0.0
1,2,9,0.0,0.0
1,2,10,0.0,0.0
1,2,11,0.0,0.0
1,2,12,0.0,0.0
1,2,13,0.0,0.0
1,2,14,0.0,0.0
1,2,15,0.0,0.0
1,2,16,0.0,0.0
1,2,17,0.0,0.0
1,2,18,0.0,0.0
1,2,19,0.0,0.0
1,2,20,0.0,0.0
1,2,21,0.0,0.0
1,2,22,0.0,0.0
1,2,23,0.0,0.0
1,2,24,0.1,0.018530201888518418
1,2,25,0.0,0.0
1,2,26,0.0,0.0
1,2,27,0.1,0.007976644307687256
1,2,28,0.0,0.0
1,2,29,0.0,0.0
1,2,30,0.0,0.0
1,2,31,0.0,0.0
1,2,32,0.0,0.0
1,2,33,0.0,0.0
1,2,34,0.0,0.0
1,2,35,0.1,0.004710128697246249
1,2,36,0.0,0.0
1,2,37,0.0,0.0
1,2,38,0.0,0.0
1,2,39,0.0,0.0
1,2,40,0.0,0.0
1,2,41,0.0,0.0
1,2,42,0.0,0.0
1,2,43,0.0,0.0
1,2,44,0.0,0.0
1,2,45,0.0,0.0
1,2,46,0.0,0.0
1,2,47,0.0,0.0
1,2,48,0.0,0.0
1,2,49,0.1,0.004710128697246249
1,2,50,0.0,0.0
1,2,51,0.0,0.0
1,2,52,0.0,0.0
1,2,53,0.0,0.0
1,2,54,0.1,0.010941898913151242
1,2,55,0.0,0.0
1,2,56,0.1,0.00984770902183612
1,2,57,0.1,0.02541865828329001
1,2,58,0.1,0.007976644307687256
1,2,59,0.1,0.012157665459056936
1,2,60,0.1,0.018530201888518418
1,2,61,0.0,0.0
1,2,62,0.1,0.016677181699666577
1,2,63,0.0,0.0
1,2,64,0.0,0.0
1,2,65,0.1,0.031381059609000006
1,2,66,0.1,0.02058911320946491
1,2,67,0.1,0.018530201888518418
1,2,68,0.0,0.0
1,2,69,0.0,0.0
1,2,70,0.1,0.016677181699666577
1,2,71,0.0,0.0
1,2,72,0.0,0.0
1,2,73,0.1,0.015009463529699918
1,2,74,0.0,0.0
1,2,75,0.1,0.012157665459056936
1,2,76,0.1,0.012157665459056936
1,2,77,0.1,0.018530201888518418
1,2,78,0.1,0.028242953648100012
1,2,79,0.1,0.03874204890000001
1,2,80,0.1,0.02541865828329001
1,2,81,0.1,0.010941898913151242
1,2,82,0.1,0.013508517176729929
1,2,83,0.1,0.015009463529699918
1,2,84,0.1,0.02058911320946491
1,2,85,0.1,0.031381059609000006
1,2,86,0.1,0.02541865828329001
1,2,87,0.1,0.02541865828329001
1,2,88,0.1,0.015009463529699918
1,2,89,0.1,0.02287679245496101
1,2,90,0.1,0.018530201888518418
1,2,91,0.1,0.03486784401000001
1,2,92,0.1,0.03486784401000001
1,2,93,0.1,0.028242953648100012
1,2,94,0.1,0.016677181699666577
1,2,95,0.1,0.02287679245496101
1,2,96,0.1,0.031381059609000006
1,2,97,0.1,0.028242953648100012
1,2,98,0.1,0.02287679245496101
1,2,99,0.1,0.031381059609000006
1,2,100,0.1,0.018530201888518418
1,3,1,0.0,0.0
1,3,2,0.0,0.0
1,3,3,0.0,0.0
1,3,4,0.0,0.0
1,3,5,0.0,0.0
1,3,6,0.0,0.0
1,3,7,0.0,0.0
1,3,8,0.0,0.0
1,3,9,0.0,0.0
1,3,10,0.0,0.0
1,3,11,0.0,0.0
1,3,12,0.0,0.0
1,3,13,0.0,0.0
1,3,14,0.0,0.0
1,3,15,0.0,0.0
1,3,16,0.0,0.0
1,3,17,0.0,0.0
1,3,18,0.0,0.0
1,3,19,0.0,0.0
1,3,20,0.0,0.0
1,3,21,0.0,0.0
1,3,22,0.0,0.0
1,3,23,0.0,0.0
1,3,24,0.0,0.0
1,3,25,0.0,0.0
1,3,26,0.0,0.0
1,3,27,0.0,0.0
1,3,28,0.0,0.0
1,3,29,0.0,0.0
1,3,30,0.0,0.0
1,3,31,0.0,0.0
1,3,32,0.0,0.0
1,3,33,0.0,0.0
1,3,34,0.0,0.0
1,3,35,0.0,0.0
1,3,36,0.0,0.0
1,3,37,0.1,0.00523347633027361
1,3,38,0.0,0.0
1,3,39,0.0,0.0
1,3,40,0.0,0.0
1,3,41,0.0,0.0
1,3,42,0.0,0.0
1,3,43,0.0,0.0
1,3,44,0.0,0.0
1,3,45,0.0,0.0
1,3,46,0.0,0.0
1,3,47,0.0,0.0
1,3,48,0.0,0.0
1,3,49,0.0,0.0
1,3,50,0.0,0.0
1,3,51,0.0,0.0
1,3,52,0.0,0.0
1,3,53,0.1,0.00717897987691853
1,3,54,0.0,0.0
1,3,55,0.0,0.0
1,3,56,0.0,0.0
1,3,57,0.0,0.0
1,3,58,0.1,0.00523347633027361
1,3,59,0.1,0.02541865828329001
1,3,60,0.1,0.016677181699666577
1,3,61,0.1,0.016677181699666577
1,3,62,0.1,0.004239115827521624
1,3,63,0.0,0.0
1,3,64,0.0,0.0
1,3,65,0.1,0.013508517176729929
1,3,66,0.1,0.03486784401000001
1,3,67,0.1,0.031381059609000006
1,3,68,0.0,0.0
1,3,69,0.1,0.004710128697246249
1,3,70,0.1,0.02541865828329001
1,3,71,0.1,0.00984770902183612
1,3,72,0.1,0.00717897987691853
1,3,73,0.1,0.00717897987691853
1,3,74,0.1,0.03486784401000001
1,3,75,0.1,0.015009463529699918
1,3,76,0.0,0.0
1,3,77,0.1,0.028242953648100012
1,3,78,0.1,0.028242953648100012
1,3,79,0.1,0.03486784401000001
1,3,80,0.1,0.028242953648100012
1,3,81,0.1,0.03486784401000001
1,3,82,0.1,0.013508517176729929
1,3,83,0.1,0.028242953648100012
1,3,84,0.1,0.028242953648100012
1,3,85,0.1,0.018530201888518418
1,3,86,0.1,0.02287679245496101
1,3,87,0.1,0.018530201888518418
1,3,88,0.1,0.02287679245496101
1,3,89,0.1,0.03486784401000001
1,3,90,0.1,0.028242953648100012
1,3,91,0.1,0.03486784401000001
1,3,92,0.1,0.016677181699666577
1,3,93,0.1,0.03486784401000001
1,3,94,0.1,0.03486784401000001
1,3,95,0.1,0.012157665459056936
1,3,96,0.1,0.031381059609000006
1,3,97,0.1,0.031381059609000006
1,3,98,0.1,0.03486784401000001
1,3,99,0.1,0.018530201888518418
1,3,100,0.1,0.03486784401000001
1,4,1,0.0,0.0
1,4,2,0.0,0.0
1,4,3,0.0,0.0
1,4,4,0.0,0.0
1,4,5,0.0,0.0
1,4,6,0.0,0.0
1,4,7,0.0,0.0
1,4,8,0.0,0.0
1,4,9,0.0,0.0
1,4,10,0.0,0.0
1,4,11,0.0,0.0
1,4,12,0.0,0.0
1,4,13,0.0,0.0
1,4,14,0.0,0.0
1,4,15,0.0,0.0
1,4,16,0.0,0.0
1,4,17,0.0,0.0
1,4,18,0.0,0.0
1,4,19,0.0,0.0
1,4,20,0.0,0.0
1,4,21,0.0,0.0
1,4,22,0.0,0.0
1,4,23,0.0,0.0
1,4,24,0.0,0.0
1,4,25,0.0,0.0
1,4,26,0.0,0.0
1,4,27,0.0,0.0
1,4,28,0.0,0.0
1,4,29,0.0,0.0
1,4,30,0.0,0.0
1,4,31,0.0,0.0
1,4,32,0.0,0.0
1,4,33,0.0,0.0
1,4,34,0.0,0.0
1,4,35,0.0,0.0
1,4,36,0.0,0.0
1,4,37,0.0,0.0
1,4,38,0.0,0.0
1,4,39,0.0,0.0
1,4,40,0.0,0.0
1,4,41,0.0,0.0
1,4,42,0.0,0.0
1,4,43,0.0,0.0
1,4,44,0.0,0.0
1,4,45,0.0,0.0
1,4,46,0.0,0.0
1,4,47,0.0,0.0
1,4,48,0.0,0.0
1,4,49,0.0,0.0
1,4,50,0.0,0.0
1,4,51,0.0,0.0
1,4,52,0.0,0.0
1,4,53,0.0,0.0
1,4,54,0.0,0.0
1,4,55,0.0,0.0
1,4,56,0.0,0.0
1,4,57,0.0,0.0
1,4,58,0.0,0.0
1,4,59,0.0,0.0
1,4,60,0.0,0.0
1,4,61,0.0,0.0
1,4,62,0.0,0.0
1,4,63,0.0,0.0
1,4,64,0.0,0.0
1,4,65,0.0,0.0
1,4,66,0.0,0.0
1,4,67,0.0,0.0
1,4,68,0.0,0.0
1,4,69,0.0,0.0
1,4,70,0.0,0.0
1,4,71,0.0,0.0
1,4,72,0.0,0.0
1,4,73,0.0,0.0
1,4,74,0.0,0.0
1,4,75,0.0,0.0
1,4,76,0.0,0.0
1,4,77,0.1,0.02058911320946491
1,4,78,0.0,0.0
1,4,79,0.0,0.0
1,4,80,0.0,0.0
1,4,81,0.0,0.0
1,4,82,0.0,0.0
1,4,83,0.0,0.0
1,4,84,0.0,0.0
1,4,85,0.0,0.0
1,4,86,0.0,0.0
1,4,87,0.0,0.0
1,4,88,0.0,0.0
1,4,89,0.0,0.0
1,4,90,0.0,0.0
1,4,91,0.0,0.0
1,4,92,0.0,0.0
1,4,93,0.0,0.0
1,4,94,0.0,0.0
1,4,95,0.0,0.0
1,4,96,0.0,0.0
1,4,97,0.1,0.00717897987691853
1,4,98,0.0,0.0
1,4,99,0.0,0.0
1,4,100,0.0,0.0
1,5,1,0.0,0.0
1,5,2,0.0,0.0
1,5,3,0.0,0.0
1,5,4,0.0,0.0
1,5,5,0.0,0.0
1,5,6,0.0,0.0
1,5,7,0.0,0.0
1,5,8,0.0,0.0
1,5,9,0.0,0.0
1,5,10,0.0,0.0
1,5,11,0.0,0.0
1,5,12,0.0,0.0
1,5,13,0.0,0.0
1,5,14,0.0,0.0
1,5,15,0.0,0.0
1,5,16,0.0,0.0
1,5,17,0.0,0.0
1,5,18,0.0,0.0
1,5,19,0.0,0.0
1,5,20,0.0,0.0
1,5,21,0.0,0.0
1,5,22,0.0,0.0
1,5,23,0.0,0.0
1,5,24,0.0,0.0
1,5,25,0.0,0.0
1,5,26,0.0,0.0
1,5,27,0.0,0.0
1,5,28,0.0,0.0
1,5,29,0.0,0.0
1,5,30,0.1,0.004239115827521624
1,5,31,0.0,0.0
1,5,32,0.0,0.0
1,5,33,0.0,0.0
1,5,34,0.0,0.0
1,5,35,0.0,0.0
1,5,36,0.0,0.0
1,5,37,0.1,0.02287679245496101
1,5,38,0.0,0.0
1,5,39,0.0,0.0
1,5,40,0.0,0.0
1,5,41,0.0,0.0
1,5,42,0.0,0.0
1,5,43,0.1,0.016677181699666577
1,5,44,0.1,0.015009463529699918
1,5,45,0.1,0.004710128697246249
1,5,46,0.0,0.0
1,5,47,0.0,0.0
1,5,48,0.0,0.0
1,5,49,0.0,0.0
1,5,50,0.0,0.0
1,5,51,0.0,0.0
1,5,52,0.0,0.0
1,5,53,0.0,0.0
1,5,54,0.0,0.0
1,5,55,0.0,0.0
1,5,56,0.0,0.0
1,5,57,0.1,0.013508517176729929
1,5,58,0.0,0.0
1,5,59,0.0,0.0
1,5,60,0.0,0.0
1,5,61,0.0,0.0
1,5,62,0.1,0.02287679245496101
1,5,63,0.1,0.02541865828329001
1,5,64,0.1,0.010941898913151242
1,5,65,0.1,0.00717897987691853
1,5,66,0.1,0.02541865828329001
1,5,67,0.0,0.0
1,5,68,0.1,0.012157665459056936
1,5,69,0.0,0.0
1,5,70,0.1,0.016677181699666577
1,5,71,0.0,0.0
1,5,72,0.1,0.018530201888518418
1,5,73,0.1,0.02287679245496101
1,5,74,0.1,0.031381059609000006
1,5,75,0.1,0.02058911320946491
1,5,76,0.1,0.028242953648100012
1,5,77,0.1,0.02058911320946491
1,5,78,0.0,0.0
1,5,79,0.0,0.0
1,5,80,0.0,0.0
1,5,81,0.1,0.018530201888518418
1,5,82,0.1,0.02287679245496101
1,5,83,0.1,0.03486784401000001
1,5,84,0.1,0.028242953648100012
1,5,85,0.1,0.03486784401000001
1,5,86,0.1,0.03486784401000001
1,5,87,0.1,0.02287679245496101
1,5,88,0.1,0.03486784401000001
1,5,89,0.1,0.028242953648100012
1,5,90,0.1,0.02541865828329001
1,5,91,0.1,0.028242953648100012
1,5,92,0.1,0.02287679245496101
1,5,93,0.1,0.031381059609000006
1,5,94,0.1,0.03486784401000001
1,5,95,0.1,0.03486784401000001
1,5,96,0.1,0.02287679245496101
1,5,97,0.1,0.028242953648100012
1,5,98,0.1,0.03486784401000001
1,5,99,0.1,0.03486784401000001
1,5,100,0.1,0.028242953648100012
1,6,1,0.0,0.0
1,6,2,0.0,0.0
1,6,3,0.0,0.0
1,6,4,0.0,0.0
1,6,5,0.0,0.0
1,6,6,0.0,0.0
1,6,7,0.0,0.0
1,6,8,0.0,0.0
1,6,9,0.0,0.0
1,6,10,0.0,0.0
1,6,11,0.0,0.0
1,6,12,0.0,0.0
1,6,13,0.0,0.0
1,6,14,0.0,0.0
1,6,15,0.0,0.0
1,6,16,0.0,0.0
1,6,17,0.0,0.0
1,6,18,0.1,0.013508517176729929
1,6,19,0.0,0.0
1,6,20,0.0,0.0
1,6,21,0.0,0.0
1,6,22,0.0,0.0
1,6,23,0.0,0.0
1,6,24,0.0,0.0
1,6,25,0.0,0.0
1,6,26,0.0,0.0
1,6,27,0.0,0.0
1,6,28,0.0,0.0
1,6,29,0.0,0.0
1,6,30,0.0,0.0
1,6,31,0.0,0.0
1,6,32,0.0,0.0
1,6,33,0.0,0.0
1,6,34,0.0,0.0
1,6,35,0.0,0.0
1,6,36,0.0,0.0
1,6,37,0.0,0.0
1,6,38,0.0,0.0
1,6,39,0.1,0.015009463529699918
1,6,40,0.0,0.0
1,6,41,0.0,0.0
1,6,42,0.0,0.0
1,6,43,0.0,0.0
1,6,44,0.0,0.0
1,6,45,0.1,0.028242953648100012
1,6,46,0.0,0.0
1,6,47,0.0,0.0
1,6,48,0.0,0.0
1,6,49,0.0,0.0
1,6,50,0.0,0.0
1,6,51,0.1,0.00581497370030401
1,6,52,0.0,0.0
1,6,53,0.0,0.0
1,6,54,0.0,0.0
1,6,55,0.0,0.0
1,6,56,0.0,0.0
1,6,57,0.0,0.0
1,6,58,0.0,0.0
1,6,59,0.1,0.03874204890000001
1,6,60,0.1,0.008862938119652507
1,6,61,0.1,0.02058911320946491
1,6,62,0.1,0.012157665459056936
1,6,63,0.1,0.013508517176729929
1,6,64,0.1,0.010941898913151242
1,6,65,0.1,0.004710128697246249
1,6,66,0.1,0.015009463529699918
1,6,67,0.1,0.012157665459056936
1,6,68,0.0,0.0
1,6,69,0.0,0.0
1,6,70,0.0,0.0
1,6,71,0.1,0.03874204890000001
1,6,72,0.1,0.02058911320946491
1,6,73,0.0,0.0
1,6,74,0.1,0.028242953648100012
1,6,75,0.1,0.031381059609000006
1,6,76,0.0,0.0
1,6,77,0.1,0.012157665459056936
1,6,78,0.1,0.016677181699666577
1,6,79,0.1,0.012157665459056936
1,6,80,0.1,0.013508517176729929
1,6,81,0.1,0.028242953648100012
1,6,82,0.1,0.03486784401000001
1,6,83,0.1,0.031381059609000006
1,6,84,0.1,0.010941898913151242
1,6,85,0.1,0.010941898913151242
1,6,86,0.1,0.031381059609000006
1,6,87,0.1,0.02058911320946491
1,6,88,0.1,0.016677181699666577
1,6,89,0.1,0.02058911320946491
1,6,90,0.1,0.02541865828329001
1,6,91,0.1,0.02058911320946491
1,6,92,0.1,0.00984770902183612
1,6,93,0.1,0.031381059609000006
1,6,94,0.1,0.03874204890000001
1,6,95,0.1,0.028242953648100012
1,6,96,0.1,0.00984770902183612
1,6,97,0.1,0.00717897987691853
1,6,98,0.1,0.02541865828329001
1,6,99,0.1,0.028242953648100012
1,6,100,0.1,0.031381059609000006
1,7,1,0.0,0.0
1,7,2,0.0,0.0
1,7,3,0.0,0.0
1,7,4,0.0,0.0
1,7,5,0.0,0.0
1,7,6,0.0,0.0
1,7,7,0.0,0.0
1,7,8,0.0,0.0
1,7,9,0.0,0.0
1,7,10,0.0,0.0
1,7,11,0.0,0.0
1,7,12,0.0,0.0
1,7,13,0.0,0.0
1,7,14,0.0,0.0
1,7,15,0.0,0.0
1,7,16,0.0,0.0
1,7,17,0.0,0.0
1,7,18,0.1,0.02058911320946491
1,7,19,0.0,0.0
1,7,20,0.0,0.0
1,7,21,0.0,0.0
1,7,22,0.0,0.0
1,7,23,0.0,0.0
1,7,24,0.0,0.0
1,7,25,0.0,0.0
1,7,26,0.0,0.0
1,7,27,0.0,0.0
1,7,28,0.0,0.0
1,7,29,0.0,0.0
1,7,30,0.0,0.0
1,7,31,0.1,0.00581497370030401
1,7,32,0.0,0.0
1,7,33,0.0,0.0
1,7,34,0.1,0.010941898913151242
1,7,35,0.1,0.012157665459056936
1,7,36,0.0,0.0
1,7,37,0.1,0.012157665459056936
1,7,38,0.1,0.02287679245496101
1,7,39,0.0,0.0
1,7,40,0.1,0.016677181699666577
1,7,41,0.0,0.0
1,7,42,0.1,0.016677181699666577
1,7,43,0.1,0.02287679245496101
1,7,44,0.0,0.0
1,7,45,0.1,0.00717897987691853
1,7,46,0.0,0.0
1,7,47,0.1,0.016677181699666577
1,7,48,0.0,0.0
1,7,49,0.0,0.0
1,7,50,0.1,0.03874204890000001
1,7,51,0.1,0.00717897987691853
1,7,52,0.1,0.013508517176729929
1,7,53,0.1,0.010941898913151242
1,7,54,0.0,0.0
1,7,55,0.1,0.03486784401000001
1,7,56,0.1,0.02541865828329001
1,7,57,0.1,0.016677181699666577
1,7,58,0.1,0.03486784401000001
1,7,59,0.1,0.013508517176729929
1,7,60,0.1,0.031381059609000006
1,7,61,0.1,0.028242953648100012
1,7,62,0.0,0.0
1,7,63,0.1,0.02287679245496101
1,7,64,0.1,0.028242953648100012
1,7,65,0.1,0.02541865828329001
1,7,66,0.0,0.0
1,7,67,0.1,0.031381059609000006
1,7,68,0.1,0.03486784401000001
1,7,69,0.1,0.028242953648100012
1,7,70,0.1,0.028242953648100012
1,7,71,0.1,0.031381059609000006
1,7,72,0.1,0.015009463529699918
1,7,73,0.1,0.03486784401000001
1,7,74,0.1,0.028242953648100012
1,7,75,0.1,0.031381059609000006
1,7,76,0.1,0.031381059609000006
1,7,77,0.1,0.02541865828329001
1,7,78,0.1,0.02058911320946491
1,7,79,0.1,0.03874204890000001
1,7,80,0.1,0.02287679245496101
1,7,81,0.1,0.03874204890000001
1,7,82,0.1,0.03874204890000001
1,7,83,0.1,0.02541865828329001
1,7,84,0.1,0.02541865828329001
1,7,85,0.1,0.016677181699666577
1,7,86,0.0,0.0
1,7,87,0.1,0.02541865828329001
1,7,88,0.1,0.02058911320946491
1,7,89,0.1,0.03874204890000001
1,7,90,0.1,0.018530201888518418
1,7,91,0.1,0.02058911320946491
1,7,92,0.1,0.02058911320946491
1,7,93,0.1,0.03874204890000001
1,7,94,0.1,0.008862938119652507
1,7,95,0.1,0.03486784401000001
1,7,96,0.1,0.02541865828329001
1,7,97,0.1,0.02541865828329001
1,7,98,0.1,0.031381059609000006
1,7,99,0.1,0.03486784401000001
1,7,100,0.1,0.02541865828329001
1,8,1,0.0,0.0
1,8,2,0.0,0.0
1,8,3,0.0,0.0
1,8,4,0.0,0.0
1,8,5,0.0,0.0
1,8,6,0.0,0.0
1,8,7,0.0,0.0
1,8,8,0.0,0.0
1,8,9,0.0,0.0
1,8,10,0.0,0.0
1,8,11,0.0,0.0
1,8,12,0.0,0.0
1,8,13,0.0,0.0
1,8,14,0.0,0.0
1,8,15,0.0,0.0
1,8,16,0.0,0.0
1,8,17,0.0,0.0
1,8,18,0.0,0.0
1,8,19,0.0,0.0
1,8,20,0.0,0.0
1,8,21,0.0,0.0
1,8,22,0.0,0.0
1,8,23,0.1,0.00984770902183612
1,8,24,0.0,0.0
1,8,25,0.0,0.0
1,8,26,0.0,0.0
1,8,27,0.0,0.0
1,8,28,0.0,0.0
1,8,29,0.0,0.0
1,8,30,0.0,0.0
1,8,31,0.0,0.0
1,8,32,0.0,0.0
1,8,33,0.0,0.0
1,8,34,0.0,0.0
1,8,35,0.0,0.0
1,8,36,0.0,0.0
1,8,37,0.0,0.0
1,8,38,0.0,0.0
1,8,39,0.0,0.0
1,8,40,0.0,0.0
1,8,41,0.1,0.028242953648100012
1,8,42,0.0,0.0
1,8,43,0.0,0.0
1,8,44,0.0,0.0
1,8,45,0.1,0.00717897987691853
1,8,46,0.0,0.0
1,8,47,0.0,0.0
1,8,48,0.0,0.0
1,8,49,0.0,0.0
1,8,50,0.1,0.007976644307687256
1,8,51,0.1,0.018530201888518418
1,8,52,0.0,0.0
1,8,53,0.0,0.0
1,8,54,0.0,0.0
1,8,55,0.0,0.0
1,8,56,0.0,0.0
1,8,57,0.0,0.0
1,8,58,0.0,0.0
1,8,59,0.0,0.0
1,8,60,0.0,0.0
1,8,61,0.0,0.0
1,8,62,0.0,0.0
1,8,63,0.0,0.0
1,8,64,0.0,0.0
1,8,65,0.0,0.0
1,8,66,0.0,0.0
1,8,67,0.0,0.0
1,8,68,0.0,0.0
1,8,69,0.0,0.0
1,8,70,0.0,0.0
1,8,71,0.0,0.0
1,8,72,0.0,0.0
1,8,73,0.0,0.0
1,8,74,0.0,0.0
1,8,75,0.0,0.0
1,8,76,0.0,0.0
1,8,77,0.0,0.0
1,8,78,0.0,0.0
1,8,79,0.0,0.0
1,8,80,0.0,0.0
1,8,81,0.0,0.0
1,8,82,0.0,0.0
1,8,83,0.0,0.0
1,8,84,0.0,0.0
1,8,85,0.0,0.0
1,8,86,0.0,0.0
1,8,87,0.0,0.0
1,8,88,0.0,0.0
1,8,89,0.1,0.016677181699666577
1,8,90,0.0,0.0
1,8,91,0.0,0.0
1,8,92,0.0,0.0
1,8,93,0.0,0.0
1,8,94,0.0,0.0
1,8,95,0.0,0.0
1,8,96,0.0,0.0
1,8,97,0.0,0.0
1,8,98,0.0,0.0
1,8,99,0.0,0.0
1,8,100,0.0,0.0
1,9,1,0.0,0.0
1,9,2,0.0,0.0
1,9,3,0.0,0.0
1,9,4,0.1,0.00581497370030401
1,9,5,0.0,0.0
1,9,6,0.0,0.0
1,9,7,0.0,0.0
1,9,8,0.0,0.0
1,9,9,0.0,0.0
1,9,10,0.0,0.0
1,9,11,0.0,0.0
1,9,12,0.0,0.0
1,9,13,0.0,0.0
1,9,14,0.0,0.0
1,9,15,0.0,0.0
1,9,16,0.1,0.02058911320946491
1,9,17,0.0,0.0
1,9,18,0.0,0.0
1,9,19,0.0,0.0
1,9,20,0.0,0.0
1,9,21,0.1,0.00581497370030401
1,9,22,0.0,0.0
1,9,23,0.0,0.0
1,9,24,0.0,0.0
1,9,25,0.0,0.0
1,9,26,0.0,0.0
1,9,27,0.0,0.0
1,9,28,0.0,0.0
1,9,29,0.0,0.0
1,9,30,0.1,0.015009463529699918
1,9,31,0.0,0.0
1,9,32,0.1,0.00984770902183612
1,9,33,0.0,0.0
1,9,34,0.0,0.0
1,9,35,0.1,0.00717897987691853
1,9,36,0.1,0.02287679245496101
1,9,37,0.0,0.0
1,9,38,0.1,0.02287679245496101
1,9,39,0.1,0.02541865828329001
1,9,40,0.0,0.0
1,9,41,0.0,0.0
1,9,42,0.1,0.03486784401000001
1,9,43,0.0,0.0
1,9,44,0.1,0.018530201888518418
1,9,45,0.1,0.004710128697246249
1,9,46,0.0,0.0
1,9,47,0.1,0.028242953648100012
1,9,48,0.1,0.02287679245496101
1,9,49,0.1,0.012157665459056936
1,9,50,0.1,0.007976644307687256
1,9,51,0.1,0.010941898913151242
1,9,52,0.0,0.0
1,9,53,0.1,0.02541865828329001
1,9,54,0.1,0.004239115827521624
1,9,55,0.1,0.008862938119652507
1,9,56,0.0,0.0
1,9,57,0.1,0.031381059609000006
1,9,58,0.1,0.03486784401000001
1,9,59,0.1,0.02541865828329001
1,9,60,0.1,0.031381059609000006
1,9,61,0.1,0.028242953648100012
1,9,62,0.1,0.018530201888518418
1,9,63,0.1,0.018530201888518418
1,9,64,0.1,0.03874204890000001
1,9,65,0.1,0.02058911320946491
1,9,66,0.1,0.031381059609000006
1,9,67,0.1,0.031381059609000006
1,9,68,0.1,0.03874204890000001
1,9,69,0.1,0.010941898913151242
1,9,70,0.1,0.012157665459056936
1,9,71,0.0,0.0
1,9,72,0.1,0.03874204890000001
1,9,73,0.1,0.03874204890000001
1,9,74,0.1,0.03486784401000001
1,9,75,0.1,0.031381059609000006
1,9,76,0.1,0.028242953648100012
1,9,77,0.1,0.018530201888518418
1,9,78,0.1,0.031381059609000006
1,9,79,0.1,0.03874204890000001
1,9,80,0.1,0.012157665459056936
1,9,81,0.1,0.02058911320946491
1,9,82,0.1,0.008862938119652507
1,9,83,0.1,0.016677181699666577
1,9,84,0.1,0.018530201888518418
1,9,85,0.1,0.03874204890000001
1,9,86,0.1,0.02058911320946491
1,9,87,0.1,0.004710128697246249
1,9,88,0.1,0.016677181699666577
1,9,89,0.1,0.00581497370030401
1,9,90,0.1,0.02058911320946491
1,9,91,0.1,0.02058911320946491
1,9,92,0.1,0.031381059609000006
1,9,93,0.1,0.02541865828329001
1,9,94,0.1,0.02541865828329001
1,9,95,0.1,0.028242953648100012
1,9,96,0.1,0.031381059609000006
1,9,97,0.1,0.00581497370030401
1,9,98,0.1,0.028242953648100012
1,9,99,0.1,0.03874204890000001
1,9,100,0.1,0.016677181699666577
1,10,1,0.0,0.0
1,10,2,0.0,0.0
1,10,3,0.1,0.00984770902183612
1,10,4,0.0,0.0
1,10,5,0.0,0.0
1,10,6,0.0,0.0
1,10,7,0.0,0.0
1,10,8,0.0,0.0
1,10,9,0.0,0.0
1,10,10,0.0,0.0
1,10,11,0.0,0.0
1,10,12,0.0,0.0
1,10,13,0.0,0.0
1,10,14,0.0,0.0
1,10,15,0.1,0.00984770902183612
1,10,16,0.0,0.0
1,10,17,0.0,0.0
1,10,18,0.0,0.0
1,10,19,0.0,0.0
1,10,20,0.0,0.0
1,10,21,0.1,0.018530201888518418
1,10,22,0.0,0.0
1,10,23,0.0,0.0
1,10,24,0.0,0.0
1,10,25,0.0,0.0
1,10,26,0.1,0.006461081889226678
1,10,27,0.1,0.02541865828329001
1,10,28,0.1,0.00717897987691853
1,10,29,0.0,0.0
1,10,30,0.0,0.0
1,10,31,0.1,0.010941898913151242
1,10,32,0.1,0.015009463529699918
1,10,33,0.0,0.0
1,10,34,0.0,0.0
1,10,35,0.0,0.0
1,10,36,0.0,0.0
1,10,37,0.0,0.0
1,10,38,0.1,0.00717897987691853
1,10,39,0.0,0.0
1,10,40,0.0,0.0
1,10,41,0.0,0.0
1,10,42,0.1,0.010941898913151242
1,10,43,0.0,0.0
1,10,44,0.1,0.00523347633027361
1,10,45,0.1,0.02058911320946491
1,10,46,0.1,0.03486784401000001
1,10,47,0.0,0.0
1,10,48,0.1,0.013508517176729929
1,10,49,0.1,0.031381059609000006
1,10,50,0.0,0.0
1,10,51,0.1,0.03486784401000001
1,10,52,0.1,0.013508517176729929
1,10,53,0.0,0.0
1,10,54,0.0,0.0
1,10,55,0.1,0.015009463529699918
1,10,56,0.1,0.010941898913151242
1,10,57,0.1,0.02541865828329001
1,10,58,0.1,0.03486784401000001
1,10,59,0.1,0.03486784401000001
1,10,60,0.1,0.03486784401000001
1,10,61,0.0,0.0
1,10,62,0.1,0.03486784401000001
1,10,63,0.1,0.03486784401000001
1,10,64,0.1,0.016677181699666577
1,10,65,0.1,0.03486784401000001
1,10,66,0.1,0.03486784401000001
1,10,67,0.1,0.028242953648100012
1,10,68,0.1,0.03486784401000001
1,10,69,0.1,0.028242953648100012
1,10,70,0.1,0.028242953648100012
1,10,71,0.1,0.028242953648100012
1,10,72,0.1,0.03486784401000001
1,10,73,0.1,0.028242953648100012
1,10,74,0.1,0.028242953648100012
1,10,75,0.1,0.02541865828329001
1,10,76,0.1,0.03486784401000001
1,10,77,0.1,0.03486784401000001
1,10,78,0.1,0.031381059609000006
1,10,79,0.1,0.03486784401000001
1,10,80,0.1,0.02287679245496101
1,10,81,0.1,0.028242953648100012
1,10,82,0.1,0.02541865828329001
1,10,83,0.1,0.03486784401000001
1,10,84,0.1,0.03486784401000001
1,10,85,0.1,0.02541865828329001
1,10,86,0.1,0.03486784401000001
1,10,87,0.1,0.018530201888518418
1,10,88,0.1,0.03486784401000001
1,10,89,0.1,0.03486784401000001
1,10,90,0.1,0.03486784401000001
1,10,91,0.1,0.028242953648100012
1,10,92,0.1,0.028242953648100012
1,10,93,0.1,0.028242953648100012
1,10,94,0.0,0.0
1,10,95,0.1,0.028242953648100012
1,10,96,0.1,0.03486784401000001
1,10,97,0.1,0.03486784401000001
1,10,98,0.1,0.03486784401000001
1,10,99,0.1,0.03486784401000001
1,10,100,0.1,0.02287679245496101
1,11,1,0.0,0.0
1,11,2,0.0,0.0
1,11,3,0.0,0.0
1,11,4,0.0,0.0
1,11,5,0.0,0.0
1,11,6,0.0,0.0
1,11,7,0.1,0.018530201888518418
1,11,8,0.0,0.0
1,11,9,0.0,0.0
1,11,10,0.0,0.0
1,11,11,0.0,0.0
1,11,12,0.0,0.0
1,11,13,0.0,0.0
1,11,14,0.0,0.0
1,11,15,0.0,0.0
1,11,16,0.0,0.0
1,11,17,0.0,0.0
1,11,18,0.0,0.0
1,11,19,0.1,0.00717897987691853
1,11,20,0.0,0.0
1,11,21,0.1,0.00717897987691853
1,11,22,0.1,0.02058911320946491
1,11,23,0.0,0.0
1,11,24,0.1,0.016677181699666577
1,11,25,0.1,0.02058911320946491
1,11,26,0.0,0.0
1,11,27,0.1,0.008862938119652507
1,11,28,0.0,0.0
1,11,29,0.0,0.0
1,11,30,0.0,0.0
1,11,31,0.0,0.0
1,11,32,0.1,0.016677181699666577
1,11,33,0.0,0.0
1,11,34,0.1,0.004239115827521624
1,11,35,0.0,0.0
1,11,36,0.0,0.0
1,11,37,0.1,0.015009463529699918
1,11,38,0.1,0.008862938119652507
1,11,39,0.0,0.0
1,11,40,0.0,0.0
1,11,41,0.1,0.00717897987691853
1,11,42,0.1,0.006461081889226678
1,11,43,0.1,0.028242953648100012
1,11,44,0.1,0.016677181699666577
1,11,45,0.1,0.02058911320946491
1,11,46,0.0,0.0
1,11,47,0.0,0.0
1,11,48,0.0,0.0
1,11,49,0.1,0.016677181699666577
1,11,50,0.1,0.018530201888518418
1,11,51,0.0,0.0
1,11,52,0.0,0.0
1,11,53,0.1,0.010941898913151242
1,11,54,0.1,0.02287679245496101
1,11,55,0.1,0.02058911320946491
1,11,56,0.1,0.03486784401000001
1,11,57,0.0,0.0
1,11,58,0.1,0.013508517176729929
1,11,59,0.1,0.016677181699666577
1,11,60,0.0,0.0
1,11,61,0.1,0.028242953648100012
1,11,62,0.1,0.03874204890000001
1,11,63,0.1,0.031381059609000006
1,11,64,0.1,0.02541865828329001
1,11,65,0.1,0.02287679245496101
1,11,66,0.1,0.010941898913151242
1,11,67,0.1,0.016677181699666577
1,11,68,0.1,0.031381059609000006
1,11,69,0.1,0.03486784401000001
1,11,70,0.1,0.03486784401000001
1,11,71,0.1,0.02058911320946491
1,11,72,0.1,0.031381059609000006
1,11,73,0.1,0.02541865828329001
1,11,74,0.1,0.02058911320946491
1,11,75,0.1,0.031381059609000006
1,11,76,0.1,0.03874204890000001
1,11,77,0.1,0.028242953648100012
1,11,78,0.1,0.00984770902183612
1,11,79,0.1,0.028242953648100012
1,11,80,0.1,0.006461081889226678
1,11,81,0.1,0.016677181699666577
1,11,82,0.1,0.03874204890000001
1,11,83,0.1,0.02287679245496101
1,11,84,0.1,0.03874204890000001
1,11,85,0.1,0.03874204890000001
1,11,86,0.1,0.028242953648100012
1,11,87,0.1,0.031381059609000006
1,11,88,0.1,0.028242953648100012
1,11,89,0.1,0.031381059609000006
1,11,90,0.1,0.02541865828329001
1,11,91,0.1,0.02287679245496101
1,11,92,0.1,0.028242953648100012
1,11,93,0.1,0.02541865828329001
1,11,94,0.1,0.02058911320946491
1,11,95,0.1,0.02058911320946491
1,11,96,0.1,0.028242953648100012
1,11,97,0.1,0.018530201888518418
1,11,98,0.1,0.02541865828329001
1,11,99,0.1,0.028242953648100012
1,11,100,0.1,0.015009463529699918
1,12,1,0.0,0.0
1,12,2,0.0,0.0
1,12,3,0.0,0.0
1,12,4,0.0,0.0
1,12,5,0.1,0.016677181699666577
1,12,6,0.0,0.0
1,12,7,0.0,0.0
1,12,8,0.0,0.0
1,12,9,0.0,0.0
1,12,10,0.0,0.0
1,12,11,0.0,0.0
1,12,12,0.0,0.0
1,12,13,0.0,0.0
1,12,14,0.0,0.0
1,12,15,0.0,0.0
1,12,16,0.0,0.0
1,12,17,0.0,0.0
1,12,18,0.0,0.0
1,12,19,0.0,0.0
1,12,20,0.0,0.0
1,12,21,0.0,0.0
1,12,22,0.0,0.0
1,12,23,0.0,0.0
1,12,24,0.0,0.0
1,12,25,0.0,0.0
1,12,26,0.0,0.0
1,12,27,0.0,0.0
1,12,28,0.1,0.015009463529699918
1,12,29,0.1,0.00717897987691853
1,12,30,0.0,0.0
1,12,31,0.1,0.006461081889226678
1,12,32,0.1,0.015009463529699918
1,12,33,0.1,0.010941898913151242
1,12,34,0.1,0.00523347633027361
1,12,35,0.0,0.0
1,12,36,0.0,0.0
1,12,37,0.0,0.0
1,12,38,0.1,0.010941898913151242
1,12,39,0.1,0.031381059609000006
1,12,40,0.1,0.015009463529699918
1,12,41,0.0,0.0
1,12,42,0.1,0.013508517176729929
1,12,43,0.0,0.0
1,12,44,0.1,0.016677181699666577
1,12,45,0.1,0.03486784401000001
1,12,46,0.0,0.0
1,12,47,0.0,0.0
1,12,48,0.1,0.03486784401000001
1,12,49,0.0,0.0
1,12,50,0.1,0.02058911320946491
1,12,51,0.0,0.0
1,12,52,0.0,0.0
1,12,53,0.1,0.028242953648100012
1,12,54,0.1,0.015009463529699918
1,12,55,0.0,0.0
1,12,56,0.1,0.031381059609000006
1,12,57,0.1,0.018530201888518418
1,12,58,0.0,0.0
1,12,59,0.1,0.03486784401000001
1,12,60,0.1,0.016677181699666577
1,12,61,0.1,0.03874204890000001
1,12,62,0.1,0.031381059609000006
1,12,63,0.1,0.031381059609000006
1,12,64,0.1,0.02287679245496101
1,12,65,0.1,0.03874204890000001
1,12,66,0.1,0.031381059609000006
1,12,67,0.1,0.013508517176729929
1,12,68,0.1,0.031381059609000006
1,12,69,0.1,0.02058911320946491
1,12,70,0.1,0.02287679245496101
1,12,71,0.1,0.03874204890000001
1,12,72,0.1,0.028242953648100012
1,12,73,0.1,0.02058911320946491
1,12,74,0.1,0.02287679245496101
1,12,75,0.1,0.02541865828329001
1,12,76,0.1,0.031381059609000006
1,12,77,0.1,0.031381059609000006
1,12,78,0.1,0.00523347633027361
1,12,79,0.1,0.02287679245496101
1,12,80,0.1,0.02541865828329001
1,12,81,0.1,0.03874204890000001
1,12,82,0.1,0.03486784401000001
1,12,83,0.1,0.00984770902183612
1,12,84,0.0,0.0
1,12,85,0.1,0.008862938119652507
1,12,86,0.1,0.031381059609000006
1,12,87,0.1,0.028242953648100012
1,12,88,0.1,0.03486784401000001
1,12,89,0.1,0.031381059609000006
1,12,90,0.1,0.010941898913151242
1,12,91,0.1,0.028242953648100012
1,12,92,0.1,0.016677181699666577
1,12,93,0.1,0.02541865828329001
1,12,94,0.1,0.028242953648100012
1,12,95,0.1,0.031381059609000006
1,12,96,0.1,0.02287679245496101
1,12,97,0.1,0.03874204890000001
1,12,98,0.1,0.013508517176729929
1,12,99,0.1,0.028242953648100012
1,12,100,0.1,0.03874204890000001
1,13,1,0.0,0.0
1,13,2,0.0,0.0
1,13,3,0.0,0.0
1,13,4,0.0,0.0
1,13,5,0.0,0.0
1,13,6,0.0,0.0
1,13,7,0.0,0.0
1,13,8,0.0,0.0
1,13,9,0.0,0.0
1,13,10,0.0,0.0
1,13,11,0.0,0.0
1,13,12,0.0,0.0
1,13,13,0.0,0.0
1,13,14,0.1,0.02058911320946491
1,13,15,0.0,0.0
1,13,16,0.0,0.0
1,13,17,0.0,0.0
1,13,18,0.0,0.0
1,13,19,0.1,0.00581497370030401
1,13,20,0.0,0.0
1,13,21,0.0,0.0
1,13,22,0.0,0.0
1,13,23,0.0,0.0
1,13,24,0.0,0.0
1,13,25,0.0,0.0
1,13,26,0.1,0.02541865828329001
1,13,27,0.1,0.00523347633027361
1,13,28,0.1,0.00717897987691853
1,13,29,0.0,0.0
1,13,30,0.0,0.0
1,13,31,0.0,0.0
1,13,32,0.0,0.0
1,13,33,0.0,0.0
1,13,34,0.0,0.0
1,13,35,0.1,0.00984770902183612
1,13,36,0.0,0.0
1,13,37,0.0,0.0
1,13,38,0.0,0.0
1,13,39,0.1,0.016677181699666577
1,13,40,0.1,0.004239115827521624
1,13,41,0.0,0.0
1,13,42,0.1,0.015009463529699918
1,13,43,0.1,0.028242953648100012
1,13,44,0.1,0.02541865828329001
1,13,45,0.0,0.0
1,13,46,0.1,0.006461081889226678
1,13,47,0.0,0.0
1,13,48,0.1,0.00984770902183612
1,13,49,0.1,0.02287679245496101
1,13,50,0.1,0.03486784401000001
1,13,51,0.1,0.03486784401000001
1,13,52,0.1,0.028242953648100012
1,13,53,0.1,0.02541865828329001
1,13,54,0.0,0.0
1,13,55,0.1,0.016677181699666577
1,13,56,0.1,0.02541865828329001
1,13,57,0.1,0.008862938119652507
1,13,58,0.1,0.028242953648100012
1,13,59,0.1,0.028242953648100012
1,13,60,0.1,0.004239115827521624
1,13,61,0.1,0.03486784401000001
1,13,62,0.1,0.02058911320946491
1,13,63,0.1,0.02287679245496101
1,13,64,0.1,0.03486784401000001
1,13,65,0.1,0.03486784401000001
1,13,66,0.1,0.03486784401000001
1,13,67,0.1,0.03486784401000001
1,13,68,0.1,0.031381059609000006
1,13,69,0.1,0.03486784401000001
1,13,70,0.1,0.031381059609000006
1,13,71,0.1,0.031381059609000006
1,13,72,0.1,0.02541865828329001
1,13,73,0.0,0.0
1,13,74,0.1,0.028242953648100012
1,13,75,0.1,0.03486784401000001
1,13,76,0.1,0.03486784401000001
1,13,77,0.1,0.03486784401000001
1,13,78,0.1,0.03486784401000001
1,13,79,0.1,0.02287679245496101
1,13,80,0.1,0.028242953648100012
1,13,81,0.1,0.031381059609000006
1,13,82,0.1,0.03486784401000001
1,13,83,0.1,0.03486784401000001
1,13,84,0.1,0.03486784401000001
1,13,85,0.1,0.03486784401000001
1,13,86,0.1,0.03486784401000001
1,13,87,0.1,0.028242953648100012
1,13,88,0.1,0.028242953648100012
1,13,89,0.1,0.015009463529699918
1,13,90,0.1,0.004710128697246249
1,13,91,0.0,0.0
1,13,92,0.1,0.03486784401000001
1,13,93,0.1,0.016677181699666577
1,13,94,0.1,0.03486784401000001
1,13,95,0.1,0.03486784401000001
1,13,96,0.1,0.028242953648100012
1,13,97,0.1,0.018530201888518418
1,13,98,0.1,0.031381059609000006
1,13,99,0.1,0.028242953648100012
1,13,100,0.1,0.02287679245496101
1,14,1,0.0,0.0
1,14,2,0.0,0.0
1,14,3,0.0,0.0
1,14,4,0.0,0.0
1,14,5,0.0,0.0
1,14,6,0.0,0.0
1,14,7,0.0,0.0
1,14,8,0.0,0.0
1,14,9,0.0,0.0
1,14,10,0.0,0.0
1,14,11,0.0,0.0
1,14,12,0.0,0.0
1,14,13,0.0,0.0
1,14,14,0.0,0.0
1,14,15,0.0,0.0
1,14,16,0.0,0.0
1,14,17,0.0,0.0
1,14,18,0.0,0.0
1,14,19,0.0,0.0
1,14,20,0.0,0.0
1,14,21,0.0,0.0
1,14,22,0.1,0.012157665459056936
1,14,23,0.0,0.0
1,14,24,0.0,0.0
1,14,25,0.0,0.0
1,14,26,0.0,0.0
1,14,27,0.0,0.0
1,14,28,0.0,0.0
1,14,29,0.1,0.007976644307687256
1,14,30,0.0,0.0
1,14,31,0.0,0.0
1,14,32,0.0,0.0
1,14,33,0.0,0.0
1,14,34,0.0,0.0
1,14,35,0.0,0.0
1,14,36,0.0,0.0
1,14,37,0.0,0.0
1,14,38,0.0,0.0
1,14,39,0.0,0.0
1,14,40,0.0,0.0
1,14,41,0.0,0.0
1,14,42,0.0,0.0
1,14,43,0.0,0.0
1,14,44,0.0,0.0
1,14,45,0.1,0.004239115827521624
1,14,46,0.0,0.0
1,14,47,0.0,0.0
1,14,48,0.0,0.0
1,14,49,0.0,0.0
1,14,50,0.0,0.0
1,14,51,0.0,0.0
1,14,52,0.0,0.0
1,14,53,0.0,0.0
1,14,54,0.0,0.0
1,14,55,0.0,0.0
1,14,56,0.0,0.0
1,14,57,0.0,0.0
1,14,58,0.0,0.0
1,14,59,0.0,0.0
1,14,60,0.0,0.0
1,14,61,0.0,0.0
1,14,62,0.0,0.0
1,14,63,0.0,0.0
1,14,64,0.0,0.0
1,14,65,0.0,0.0
1,14,66,0.0,0.0
1,14,67,0.0,0.0
1,14,68,0.0,0.0
1,14,69,0.0,0.0
1,14,70,0.0,0.0
1,14,71,0.0,0.0
1,14,72,0.0,0.0
1,14,73,0.0,0.0
1,14,74,0.0,0.0
1,14,75,0.0,0.0
1,14,76,0.0,0.0
1,14,77,0.0,0.0
1,14,78,0.0,0.0
1,14,79,0.0,0.0
1,14,80,0.0,0.0
1,14,81,0.0,0.0
1,14,82,0.0,0.0
1,14,83,0.0,0.0
1,14,84,0.0,0.0
1,14,85,0.0,0.0
1,14,86,0.0,0.0
1,14,87,0.0,0.0
1,14,88,0.0,0.0
1,14,89,0.0,0.0
1,14,90,0.0,0.0
1,14,91,0.0,0.0
1,14,92,0.0,0.0
1,14,93,0.0,0.0
1,14,94,0.0,0.0
1,14,95,0.0,0.0
1,14,96,0.0,0.0
1,14,97,0.0,0.0
1,14,98,0.0,0.0
1,14,99,0.0,0.0
1,14,100,0.0,0.0
1,15,1,0.0,0.0
1,15,2,0.0,0.0
1,15,3,0.0,0.0
1,15,4,0.1,0.02541865828329001
1,15,5,0.0,0.0
1,15,6,0.0,0.0
1,15,7,0.0,0.0
1,15,8,0.0,0.0
1,15,9,0.0,0.0
1,15,10,0.0,0.0
1,15,11,0.0,0.0
1,15,12,0.0,0.0
1,15,13,0.0,0.0
1,15,14,0.0,0.0
1,15,15,0.0,0.0
1,15,16,0.0,0.0
1,15,17,0.1,0.006461081889226678
1,15,18,0.0,0.0
1,15,19,0.0,0.0
1,15,20,0.0,0.0
1,15,21,0.0,0.0
1,15,22,0.0,0.0
1,15,23,0.0,0.0
1,15,24,0.1,0.008862938119652507
1,15,25,0.0,0.0
1,15,26,0.1,0.004239115827521624
1,15,27,0.0,0.0
1,15,28,0.0,0.0
1,15,29,0.0,0.0
1,15,30,0.1,0.008862938119652507
1,15,31,0.0,0.0
1,15,32,0.0,0.0
1,15,33,0.1,0.007976644307687256
1,15,34,0.1,0.015009463529699918
1,15,35,0.1,0.008862938119652507
1,15,36,0.1,0.02541865828329001
1,15,37,0.1,0.012157665459056936
1,15,38,0.1,0.02058911320946491
1,15,39,0.0,0.0
1,15,40,0.0,0.0
1,15,41,0.1,0.02287679245496101
1,15,42,0.1,0.031381059609000006
1,15,43,0.0,0.0
1,15,44,0.0,0.0
1,15,45,0.0,0.0
1,15,46,0.1,0.013508517176729929
1,15,47,0.1,0.012157665459056936
1,15,48,0.1,0.02058911320946491
1,15,49,0.1,0.02058911320946491
1,15,50,0.1,0.012157665459056936
1,15,51,0.0,0.0
1,15,52,0.1,0.02058911320946491
1,15,53,0.0,0.0
1,15,54,0.1,0.02287679245496101
1,15,55,0.1,0.006461081889226678
1,15,56,0.1,0.03874204890000001
1,15,57,0.1,0.02541865828329001
1,15,58,0.0,0.0
1,15,59,0.1,0.004710128697246249
1,15,60,0.1,0.012157665459056936
1,15,61,0.1,0.018530201888518418
1,15,62,0.1,0.015009463529699918
1,15,63,0.1,0.013508517176729929
1,15,64,0.1,0.028242953648100012
1,15,65,0.0,0.0
1,15,66,0.1,0.02058911320946491
1,15,67,0.1,0.03486784401000001
1,15,68,0.1,0.03486784401000001
1,15,69,0.1,0.028242953648100012
1,15,70,0.1,0.028242953648100012
1,15,71,0.1,0.02058911320946491
1,15,72,0.1,0.016677181699666577
1,15,73,0.1,0.031381059609000006
1,15,74,0.1,0.03874204890000001
1,15,75,0.1,0.028242953648100012
1,15,76,0.1,0.02287679245496101
1,15,77,0.1,0.018530201888518418
1,15,78,0.0,0.0
1,15,79,0.1,0.028242953648100012
1,15,80,0.1,0.012157665459056936
1,15,81,0.1,0.02541865828329001
1,15,82,0.1,0.018530201888518418
1,15,83,0.1,0.031381059609000006
1,15,84,0.1,0.028242953648100012
1,15,85,0.1,0.03486784401000001
1,15,86,0.1,0.03486784401000001
1,15,87,0.1,0.03486784401000001
1,15,88,0.1,0.03486784401000001
1,15,89,0.1,0.02058911320946491
1,15,90,0.1,0.031381059609000006
1,15,91,0.1,0.031381059609000006
1,15,92,0.1,0.03486784401000001
1,15,93,0.1,0.004710128697246249
1,15,94,0.1,0.008862938119652507
1,15,95,0.1,0.03486784401000001
1,15,96,0.1,0.016677181699666577
1,15,97,0.1,0.00984770902183612
1,15,98,0.1,0.03874204890000001
1,15,99,0.1,0.00984770902183612
1,15,100,0.1,0.03874204890000001
1,16,1,0.0,0.0
1,16,2,0.0,0.0
1,16,3,0.0,0.0
1,16,4,0.0,0.0
1,16,5,0.0,0.0
1,16,6,0.0,0.0
1,16,7,0.0,0.0
1,16,8,0.0,0.0
1,16,9,0.0,0.0
1,16,10,0.0,0.0
1,16,11,0.0,0.0
1,16,12,0.0,0.0
1,16,13,0.0,0.0
1,16,14,0.0,0.0
1,16,15,0.0,0.0
1,16,16,0.0,0.0
1,16,17,0.0,0.0
1,16,18,0.1,0.03486784401000001
1,16,19,0.0,0.0
1,16,20,0.0,0.0
1,16,21,0.0,0.0
1,16,22,0.1,0.016677181699666577
1,16,23,0.1,0.03486784401000001
1,16,24,0.0,0.0
1,16,25,0.1,0.02541865828329001
1,16,26,0.0,0.0
1,16,27,0.0,0.0
1,16,28,0.0,0.0
1,16,29,0.0,0.0
1,16,30,0.0,0.0
1,16,31,0.1,0.013508517176729929
1,16,32,0.0,0.0
1,16,33,0.0,0.0
1,16,34,0.1,0.016677181699666577
1,16,35,0.1,0.004239115827521624
1,16,36,0.1,0.02287679245496101
1,16,37,0.0,0.0
1,16,38,0.1,0.028242953648100012
1,16,39,0.1,0.02541865828329001
1,16,40,0.1,0.006461081889226678
1,16,41,0.1,0.008862938119652507
1,16,42,0.1,0.028242953648100012
1,16,43,0.1,0.00581497370030401
1,16,44,0.0,0.0
1,16,45,0.0,0.0
1,16,46,0.0,0.0
1,16,47,0.0,0.0
1,16,48,0.1,0.00984770902183612
1,16,49,0.1,0.007976644307687256
1,16,50,0.1,0.028242953648100012
1,16,51,0.0,0.0
1,16,52,0.1,0.028242953648100012
1,16,53,0.1,0.006461081889226678
1,16,54,0.0,0.0
1,16,55,0.0,0.0
1,16,56,0.1,0.00581497370030401
1,16,57,0.0,0.0
1,16,58,0.1,0.018530201888518418
1,16,59,0.1,0.02287679245496101
1,16,60,0.1,0.031381059609000006
1,16,61,0.1,0.031381059609000006
1,16,62,0.1,0.008862938119652507
1,16,63,0.1,0.031381059609000006
1,16,64,0.1,0.031381059609000006
1,16,65,0.1,0.012157665459056936
1,16,66,0.1,0.02541865828329001
1,16,67,0.1,0.02058911320946491
1,16,68,0.1,0.02058911320946491
1,16,69,0.1,0.028242953648100012
1,16,70,0.1,0.02541865828329001
1,16,71,0.1,0.031381059609000006
1,16,72,0.1,0.02541865828329001
1,16,73,0.1,0.018530201888518418
1,16,74,0.1,0.015009463529699918
1,16,75,0.1,0.02058911320946491
1,16,76,0.1,0.031381059609000006
1,16,77,0.1,0.03874204890000001
1,16,78,0.1,0.02541865828329001
1,16,79,0.1,0.02287679245496101
1,16,80,0.1,0.031381059609000006
1,16,81,0.1,0.03486784401000001
1,16,82,0.1,0.007976644307687256
1,16,83,0.1,0.03486784401000001
1,16,84,0.1,0.03486784401000001
1,16,85,0.1,0.02287679245496101
1,16,86,0.1,0.03486784401000001
1,16,87,0.1,0.028242953648100012
1,16,88,0.1,0.02541865828329001
1,16,89,0.1,0.02541865828329001
1,16,90,0.1,0.03486784401000001
1,16,91,0.0,0.0
1,16,92,0.1,0.02058911320946491
1,16,93,0.1,0.02541865828329001
1,16,94,0.1,0.03486784401000001
1,16,95,0.0,0.0
1,16,96,0.1,0.015009463529699918
1,16,97,0.1,0.031381059609000006
1,16,98,0.0,0.0
1,16,99,0.1,0.03486784401000001
1,16,100,0.1,0.03874204890000001
1,17,1,0.0,0.0
1,17,2,0.0,0.0
1,17,3,0.0,0.0
1,17,4,0.0,0.0
1,17,5,0.0,0.0
1,17,6,0.0,0.0
1,17,7,0.1,0.00717897987691853
1,17,8,0.0,0.0
1,17,9,0.0,0.0
1,17,10,0.0,0.0
1,17,11,0.0,0.0
1,17,12,0.0,0.0
1,17,13,0.0,0.0
1,17,14,0.1,0.00984770902183612
1,17,15,0.0,0.0
1,17,16,0.1,0.02058911320946491
1,17,17,0.1,0.028242953648100012
1,17,18,0.1,0.00523347633027361
1,17,19,0.0,0.0
1,17,20,0.0,0.0
1,17,21,0.0,0.0
1,17,22,0.0,0.0
1,17,23,0.1,0.00523347633027361
1,17,24,0.0,0.0
1,17,25,0.1,0.031381059609000006
1,17,26,0.0,0.0
1,17,27,0.1,0.02058911320946491
1,17,28,0.0,0.0
1,17,29,0.0,0.0
1,17,30,0.1,0.015009463529699918
1,17,31,0.0,0.0
1,17,32,0.0,0.0
1,17,33,0.0,0.0
1,17,34,0.1,0.015009463529699918
1,17,35,0.0,0.0
1,17,36,0.0,0.0
1,17,37,0.0,0.0
1,17,38,0.1,0.015009463529699918
1,17,39,0.0,0.0
1,17,40,0.1,0.018530201888518418
1,17,41,0.1,0.015009463529699918
1,17,42,0.0,0.0
1,17,43,0.0,0.0
1,17,44,0.1,0.02058911320946491
1,17,45,0.1,0.013508517176729929
1,17,46,0.1,0.031381059609000006
1,17,47,0.1,0.028242953648100012
1,17,48,0.1,0.028242953648100012
1,17,49,0.1,0.00581497370030401
1,17,50,0.0,0.0
1,17,51,0.0,0.0
1,17,52,0.1,0.012157665459056936
1,17,53,0.1,0.03874204890000001
1,17,54,0.0,0.0
1,17,55,0.1,0.03874204890000001
1,17,56,0.1,0.031381059609000006
1,17,57,0.1,0.02287679245496101
1,17,58,0.0,0.0
1,17,59,0.1,0.03486784401000001
1,17,60,0.0,0.0
1,17,61,0.1,0.004710128697246249
1,17,62,0.1,0.02058911320946491
1,17,63,0.0,0.0
1,17,64,0.1,0.03874204890000001
1,17,65,0.1,0.02541865828329001
1,17,66,0.1,0.02541865828329001
1,17,67,0.0,0.0
1,17,68,0.1,0.031381059609000006
1,17,69,0.1,0.03874204890000001
1,17,70,0.1,0.007976644307687256
1,17,71,0.0,0.0
1,17,72,0.1,0.028242953648100012
1,17,73,0.1,0.031381059609000006
1,17,74,0.1,0.015009463529699918
1,17,75,0.1,0.02541865828329001
1,17,76,0.1,0.012157665459056936
1,17,77,0.1,0.03486784401000001
1,17,78,0.1,0.00717897987691853
1,17,79,0.1,0.03874204890000001
1,17,80,0.0,0.0
1,17,81,0.1,0.031381059609000006
1,17,82,0.1,0.018530201888518418
1,17,83,0.1,0.03874204890000001
1,17,84,0.0,0.0
1,17,85,0.0,0.0
1,17,86,0.1,0.03486784401000001
1,17,87,0.1,0.03874204890000001
1,17,88,0.1,0.02287679245496101
1,17,89,0.1,0.031381059609000006
1,17,90,0.1,0.028242953648100012
1,17,91,0.1,0.02541865828329001
1,17,92,0.1,0.02058911320946491
1,17,93,0.1,0.03486784401000001
1,17,94,0.1,0.02287679245496101
1,17,95,0.1,0.018530201888518418
1,17,96,0.1,0.02287679245496101
1,17,97,0.1,0.03874204890000001
1,17,98,0.1,0.02541865828329001
1,17,99,0.1,0.02287679245496101
1,17,100,0.1,0.012157665459056936
1,18,1,0.0,0.0
1,18,2,0.0,0.0
1,18,3,0.0,0.0
1,18,4,0.0,0.0
1,18,5,0.0,0.0
1,18,6,0.0,0.0
1,18,7,0.0,0.0
1,18,8,0.0,0.0
1,18,9,0.0,0.0
1,18,10,0.1,0.010941898913151242
1,18,11,0.0,0.0
1,18,12,0.0,0.0
1,18,13,0.0,0.0
1,18,14,0.0,0.0
1,18,15,0.0,0.0
1,18,16,0.0,0.0
1,18,17,0.0,0.0
1,18,18,0.1,0.00523347633027361
1,18,19,0.1,0.02058911320946491
1,18,20,0.0,0.0
1,18,21,0.0,0.0
1,18,22,0.1,0.00717897987691853
1,18,23,0.0,0.0
1,18,24,0.0,0.0
1,18,25,0.0,0.0
1,18,26,0.0,0.0
1,18,27,0.1,0.00523347633027361
1,18,28,0.1,0.006461081889226678
1,18,29,0.1,0.010941898913151242
1,18,30,0.1,0.00984770902183612
1,18,31,0.0,0.0
1,18,32,0.1,0.00523347633027361
1,18,33,0.0,0.0
1,18,34,0.0,0.0
1,18,35,0.0,0.0
1,18,36,0.1,0.008862938119652507
1,18,37,0.0,0.0
1,18,38,0.0,0.0
1,18,39,0.0,0.0
1,18,40,0.1,0.015009463529699918
1,18,41,0.1,0.02287679245496101
1,18,42,0.1,0.006461081889226678
1,18,43,0.1,0.015009463529699918
1,18,44,0.0,0.0
1,18,45,0.1,0.02058911320946491
1,18,46,0.1,0.02287679245496101
1,18,47,0.1,0.031381059609000006
1,18,48,0.0,0.0
1,18,49,0.1,0.031381059609000006
1,18,50,0.0,0.0
1,18,51,0.0,0.0
1,18,52,0.0,0.0
1,18,53,0.0,0.0
1,18,54,0.1,0.02541865828329001
1,18,55,0.0,0.0
1,18,56,0.1,0.015009463529699918
1,18,57,0.1,0.00717897987691853
1,18,58,0.1,0.028242953648100012
1,18,59,0.1,0.03486784401000001
1,18,60,0.0,0.0
1,18,61,0.1,0.02541865828329001
1,18,62,0.1,0.03486784401000001
1,18,63,0.1,0.02541865828329001
1,18,64,0.1,0.02541865828329001
1,18,65,0.1,0.031381059609000006
1,18,66,0.1,0.03486784401000001
1,18,67,0.1,0.03486784401000001
1,18,68,0.1,0.03486784401000001
1,18,69,0.1,0.03486784401000001
1,18,70,0.1,0.03486784401000001
1,18,71,0.1,0.031381059609000006
1,18,72,0.1,0.03486784401000001
1,18,73,0.1,0.03486784401000001
1,18,74,0.1,0.03486784401000001
1,18,75,0.1,0.03486784401000001
1,18,76,0.1,0.02287679245496101
1,18,77,0.1,0.03486784401000001
1,18,78,0.1,0.03486784401000001
1,18,79,0.1,0.02541865828329001
1,18,80,0.1,0.031381059609000006
1,18,81,0.1,0.03486784401000001
1,18,82,0.1,0.028242953648100012
1,18,83,0.1,0.028242953648100012
1,18,84,0.1,0.03486784401000001
1,18,85,0.1,0.028242953648100012
1,18,86,0.1,0.03486784401000001
1,18,87,0.1,0.03486784401000001
1,18,88,0.1,0.03486784401000001
1,18,89,0.1,0.028242953648100012
1,18,90,0.1,0.031381059609000006
1,18,91,0.1,0.028242953648100012
1,18,92,0.1,0.03486784401000001
1,18,93,0.1,0.031381059609000006
1,18,94,0.1,0.03486784401000001
1,18,95,0.1,0.028242953648100012
1,18,96,0.1,0.03486784401000001
1,18,97,0.1,0.02541865828329001
1,18,98,0.1,0.02287679245496101
1,18,99,0.1,0.03486784401000001
1,18,100,0.1,0.03486784401000001
1,19,1,0.0,0.0
1,19,2,0.0,0.0
1,19,3,0.0,0.0
1,19,4,0.0,0.0
1,19,5,0.0,0.0
1,19,6,0.0,0.0
1,19,7,0.0,0.0
1,19,8,0.0,0.0
1,19,9,0.0,0.0
1,19,10,0.0,0.0
1,19,11,0.0,0.0
1,19,12,0.0,0.0
1,19,13,0.0,0.0
1,19,14,0.0,0.0
1,19,15,0.0,0.0
1,19,16,0.0,0.0
1,19,17,0.0,0.0
1,19,18,0.0,0.0
1,19,19,0.0,0.0
1,19,20,0.0,0.0
1,19,21,0.0,0.0
1,19,22,0.0,0.0
1,19,23,0.0,0.0
1,19,24,0.0,0.0
1,19,25,0.0,0.0
1,19,26,0.0,0.0
1,19,27,0.0,0.0
1,19,28,0.0,0.0
1,19,29,0.0,0.0
1,19,30,0.0,0.0
1,19,31,0.0,0.0
1,19,32,0.1,0.00581497370030401
1,19,33,0.1,0.00581497370030401
1,19,34,0.0,0.0
1,19,35,0.0,0.0
1,19,36,0.1,0.015009463529699918
1,19,37,0.0,0.0
1,19,38,0.1,0.02287679245496101
1,19,39,0.0,0.0
1,19,40,0.0,0.0
1,19,41,0.1,0.00984770902183612
1,19,42,0.0,0.0
1,19,43,0.1,0.03486784401000001
1,19,44,0.0,0.0
1,19,45,0.1,0.012157665459056936
1,19,46,0.1,0.028242953648100012
1,19,47,0.1,0.016677181699666577
1,19,48,0.1,0.03486784401000001
1,19,49,0.1,0.02541865828329001
1,19,50,0.1,0.013508517176729929
1,19,51,0.1,0.018530201888518418
1,19,52,0.0,0.0
1,19,53,0.0,0.0
1,19,54,0.1,0.03486784401000001
1,19,55,0.1,0.00984770902183612
1,19,56,0.1,0.031381059609000006
1,19,57,0.1,0.028242953648100012
1,19,58,0.1,0.016677181699666577
1,19,59,0.1,0.02058911320946491
1,19,60,0.1,0.004239115827521624
1,19,61,0.1,0.031381059609000006
1,19,62,0.1,0.00984770902183612
1,19,63,0.1,0.031381059609000006
1,19,64,0.0,0.0
1,19,65,0.1,0.02541865828329001
1,19,66,0.1,0.031381059609000006
1,19,67,0.1,0.03486784401000001
1,19,68,0.1,0.02058911320946491
1,19,69,0.1,0.031381059609000006
1,19,70,0.1,0.03486784401000001
1,19,71,0.1,0.03486784401000001
1,19,72,0.1,0.03486784401000001
1,19,73,0.1,0.031381059609000006
1,19,74,0.1,0.02541865828329001
1,19,75,0.1,0.02541865828329001
1,19,76,0.1,0.03486784401000001
1,19,77,0.1,0.028242953648100012
1,19,78,0.1,0.028242953648100012
1,19,79,0.1,0.031381059609000006
1,19,80,0.1,0.03486784401000001
1,19,81,0.1,0.028242953648100012
1,19,82,0.1,0.02541865828329001
1,19,83,0.1,0.031381059609000006
1,19,84,0.1,0.03486784401000001
1,19,85,0.1,0.031381059609000006
1,19,86,0.1,0.028242953648100012
1,19,87,0.1,0.016677181699666577
1,19,88,0.1,0.02541865828329001
1,19,89,0.1,0.02058911320946491
1,19,90,0.1,0.018530201888518418
1,19,91,0.1,0.03486784401000001
1,19,92,0.1,0.031381059609000006
1,19,93,0.1,0.03486784401000001
1,19,94,0.1,0.02541865828329001
1,19,95,0.1,0.031381059609000006
1,19,96,0.1,0.028242953648100012
1,19,97,0.1,0.02541865828329001
1,19,98,0.1,0.03486784401000001
1,19,99,0.1,0.031381059609000006
1,19,100,0.1,0.028242953648100012
1,20,1,0.0,0.0
1,20,2,0.0,0.0
1,20,3,0.0,0.0
1,20,4,0.0,0.0
1,20,5,0.0,0.0
1,20,6,0.0,0.0
1,20,7,0.0,0.0
1,20,8,0.0,0.0
1,20,9,0.0,0.0
1,20,10,0.0,0.0
1,20,11,0.0,0.0
1,20,12,0.0,0.0
1,20,13,0.0,0.0
1,20,14,0.0,0.0
1,20,15,0.0,0.0
1,20,16,0.1,0.006461081889226678
1,20,17,0.1,0.016677181699666577
1,20,18,0.0,0.0
1,20,19,0.0,0.0
1,20,20,0.0,0.0
1,20,21,0.0,0.0
1,20,22,0.0,0.0
1,20,23,0.0,0.0
1,20,24,0.0,0.0
1,20,25,0.0,0.0
1,20,26,0.1,0.02287679245496101
1,20,27,0.0,0.0
1,20,28,0.1,0.013508517176729929
1,20,29,0.1,0.006461081889226678
1,20,30,0.0,0.0
1,20,31,0.1,0.00717897987691853
1,20,32,0.0,0.0
1,20,33,0.0,0.0
1,20,34,0.0,0.0
1,20,35,0.0,0.0
1,20,36,0.0,0.0
1,20,37,0.1,0.016677181699666577
1,20,38,0.0,0.0
1,20,39,0.1,0.004710128697246249
1,20,40,0.1,0.00581497370030401
1,20,41,0.1,0.02058911320946491
1,20,42,0.1,0.031381059609000006
1,20,43,0.1,0.03486784401000001
1,20,44,0.1,0.02058911320946491
1,20,45,0.1,0.015009463529699918
1,20,46,0.1,0.02058911320946491
1,20,47,0.0,0.0
1,20,48,0.0,0.0
1,20,49,0.0,0.0
1,20,50,0.1,0.02541865828329001
1,20,51,0.1,0.00984770902183612
1,20,52,0.1,0.03486784401000001
1,20,53,0.1,0.013508517176729929
1,20,54,0.0,0.0
1,20,55,0.0,0.0
1,20,56,0.1,0.013508517176729929
1,20,57,0.1,0.008862938119652507
1,20,58,0.1,0.028242953648100012
1,20,59,0.0,0.0
1,20,60,0.1,0.028242953648100012
1,20,61,0.1,0.02287679245496101
1,20,62,0.1,0.02287679245496101
1,20,63,0.1,0.02541865828329001
1,20,64,0.1,0.02058911320946491
1,20,65,0.1,0.02287679245496101
1,20,66,0.1,0.03486784401000001
1,20,67,0.1,0.02541865828329001
1,20,68,0.1,0.03486784401000001
1,20,69,0.1,0.03486784401000001
1,20,70,0.1,0.03486784401000001
1,20,71,0.1,0.02541865828329001
1,20,72,0.1,0.015009463529699918
1,20,73,0.1,0.03486784401000001
1,20,74,0.1,0.028242953648100012
1,20,75,0.1,0.02287679245496101
1,20,76,0.1,0.028242953648100012
1,20,77,0.0,0.0
1,20,78,0.1,0.02541865828329001
1,20,79,0.1,0.03486784401000001
1,20,80,0.1,0.02058911320946491
1,20,81,0.1,0.03486784401000001
1,20,82,0.1,0.031381059609000006
1,20,83,0.1,0.02541865828329001
1,20,84,0.1,0.03486784401000001
1,20,85,0.1,0.028242953648100012
1,20,86,0.1,0.02541865828329001
1,20,87,0.1,0.03486784401000001
1,20,88,0.1,0.03486784401000001
1,20,89,0.1,0.03486784401000001
1,20,90,0.0,0.0
1,20,91,0.0,0.0
1,20,92,0.1,0.028242953648100012
1,20,93,0.1,0.03486784401000001
1,20,94,0.1,0.031381059609000006
1,20,95,0.1,0.02058911320946491
1,20,96,0.1,0.031381059609000006
1,20,97,0.1,0.03486784401000001
1,20,98,0.1,0.018530201888518418
1,20,99,0.1,0.03486784401000001
1,20,100,0.1,0.031381059609000006
1,21,1,0.0,0.0
1,21,2,0.0,0.0
1,21,3,0.0,0.0
1,21,4,0.0,0.0
1,21,5,0.0,0.0
1,21,6,0.0,0.0
1,21,7,0.0,0.0
1,21,8,0.0,0.0
1,21,9,0.0,0.0
1,21,10,0.0,0.0
1,21,11,0.0,0.0
1,21,12,0.0,0.0
1,21,13,0.0,0.0
1,21,14,0.0,0.0
1,21,15,0.0,0.0
1,21,16,0.0,0.0
1,21,17,0.0,0.0
1,21,18,0.0,0.0
1,21,19,0.1,0.02541865828329001
1,21,20,0.0,0.0
1,21,21,0.0,0.0
1,21,22,0.0,0.0
1,21,23,0.1,0.00523347633027361
1,21,24,0.1,0.007976644307687256
1,21,25,0.0,0.0
1,21,26,0.0,0.0
1,21,27,0.1,0.006461081889226678
1,21,28,0.1,0.016677181699666577
1,21,29,0.1,0.031381059609000006
1,21,30,0.0,0.0
1,21,31,0.0,0.0
1,21,32,0.0,0.0
1,21,33,0.0,0.0
1,21,34,0.0,0.0
1,21,35,0.1,0.02287679245496101
1,21,36,0.0,0.0
1,21,37,0.1,0.018530201888518418
1,21,38,0.1,0.007976644307687256
1,21,39,0.1,0.028242953648100012
1,21,40,0.1,0.018530201888518418
1,21,41,0.1,0.00984770902183612
1,21,42,0.0,0.0
1,21,43,0.1,0.028242953648100012
1,21,44,0.0,0.0
1,21,45,0.1,0.015009463529699918
1,21,46,0.1,0.02287679245496101
1,21,47,0.1,0.02287679245496101
1,21,48,0.0,0.0
1,21,49,0.0,0.0
1,21,50,0.1,0.00984770902183612
1,21,51,0.0,0.0
1,21,52,0.0,0.0
1,21,53,0.1,0.013508517176729929
1,21,54,0.1,0.010941898913151242
1,21,55,0.0,0.0
1,21,56,0.0,0.0
1,21,57,0.0,0.0
1,21,58,0.0,0.0
1,21,59,0.1,0.016677181699666577
1,21,60,0.1,0.015009463529699918
1,21,61,0.1,0.00717897987691853
1,21,62,0.1,0.031381059609000006
1,21,63,0.1,0.02287679245496101
1,21,64,0.1,0.031381059609000006
1,21,65,0.1,0.031381059609000006
1,21,66,0.0,0.0
1,21,67,0.1,0.015009463529699918
1,21,68,0.1,0.031381059609000006
1,21,69,0.0,0.0
1,21,70,0.1,0.031381059609000006
1,21,71,0.0,0.0
1,21,72,0.1,0.016677181699666577
1,21,73,0.1,0.028242953648100012
1,21,74,0.1,0.02541865828329001
1,21,75,0.1,0.02058911320946491
1,21,76,0.1,0.03874204890000001
1,21,77,0.1,0.02058911320946491
1,21,78,0.0,0.0
1,21,79,0.1,0.031381059609000006
1,21,80,0.0,0.0
1,21,81,0.1,0.02541865828329001
1,21,82,0.1,0.03874204890000001
1,21,83,0.0,0.0
1,21,84,0.1,0.02541865828329001
1,21,85,0.1,0.03486784401000001
1,21,86,0.0,0.0
1,21,87,0.1,0.03486784401000001
1,21,88,0.1,0.02541865828329001
1,21,89,0.0,0.0
1,21,90,0.1,0.018530201888518418
1,21,91,0.1,0.031381059609000006
1,21,92,0.1,0.028242953648100012
1,21,93,0.1,0.018530201888518418
1,21,94,0.1,0.02287679245496101
1,21,95,0.1,0.02058911320946491
1,21,96,0.1,0.02541865828329001
1,21,97,0.1,0.028242953648100012
1,21,98,0.1,0.013508517176729929
1,21,99,0.1,0.016677181699666577
1,21,100,0.1,0.03874204890000001
1,22,1,0.0,0.0
1,22,2,0.0,0.0
1,22,3,0.0,0.0
1,22,4,0.0,0.0
1,22,5,0.0,0.0
1,22,6,0.0,0.0
1,22,7,0.0,0.0
1,22,8,0.0,0.0
1,22,9,0.0,0.0
1,22,10,0.0,0.0
1,22,11,0.0,0.0
1,22,12,0.1,0.00717897987691853
1,22,13,0.0,0.0
1,22,14,0.0,0.0
1,22,15,0.0,0.0
1,22,16,0.0,0.0
1,22,17,0.0,0.0
1,22,18,0.0,0.0
1,22,19,0.0,0.0
1,22,20,0.0,0.0
1,22,21,0.0,0.0
1,22,22,0.0,0.0
1,22,23,0.0,0.0
1,22,24,0.0,0.0
1,22,25,0.0,0.0
1,22,26,0.0,0.0
1,22,27,0.0,0.0
1,22,28,0.0,0.0
1,22,29,0.0,0.0
1,22,30,0.0,0.0
1,22,31,0.0,0.0
1,22,32,0.0,0.0
1,22,33,0.0,0.0
1,22,34,0.1,0.013508517176729929
1,22,35,0.0,0.0
1,22,36,0.0,0.0
1,22,37,0.1,0.008862938119652507
1,22,38,0.0,0.0
1,22,39,0.0,0.0
1,22,40,0.0,0.0
1,22,41,0.0,0.0
1,22,42,0.0,0.0
1,22,43,0.0,0.0
1,22,44,0.0,0.0
1,22,45,0.1,0.004239115827521624
1,22,46,0.0,0.0
1,22,47,0.1,0.02058911320946491
1,22,48,0.0,0.0
1,22,49,0.0,0.0
1,22,50,0.0,0.0
1,22,51,0.0,0.0
1,22,52,0.0,0.0
1,22,53,0.0,0.0
1,22,54,0.0,0.0
1,22,55,0.0,0.0
1,22,56,0.0,0.0
1,22,57,0.0,0.0
1,22,58,0.0,0.0
1,22,59,0.0,0.0
1,22,60,0.0,0.0
1,22,61,0.0,0.0
1,22,62,0.0,0.0
1,22,63,0.0,0.0
1,22,64,0.0,0.0
1,22,65,0.0,0.0
1,22,66,0.0,0.0
1,22,67,0.0,0.0
1,22,68,0.0,0.0
1,22,69,0.0,0.0
1,22,70,0.0,0.0
1,22,71,0.0,0.0
1,22,72,0.0,0.0
1,22,73,0.0,0.0
1,22,74,0.0,0.0
1,22,75,0.0,0.0
1,22,76,0.0,0.0
1,22,77,0.0,0.0
1,22,78,0.0,0.0
1,22,79,0.0,0.0
1,22,80,0.0,0.0
1,22,81,0.0,0.0
1,22,82,0.0,0.0
1,22,83,0.0,0.0
1,22,84,0.0,0.0
1,22,85,0.0,0.0
1,22,86,0.0,0.0
1,22,87,0.1,0.00581497370030401
1,22,88,0.0,0.0
1,22,89,0.0,0.0
1,22,90,0.1,0.010941898913151242
1,22,91,0.0,0.0
1,22,92,0.0,0.0
1,22,93,0.0,0.0
1,22,94,0.0,0.0
1,22,95,0.0,0.0
1,22,96,0.0,0.0
1,22,97,0.0,0.0
1,22,98,0.0,0.0
1,22,99,0.0,0.0
1,22,100,0.0,0.0
1,23,1,0.0,0.0
1,23,2,0.0,0.0
1,23,3,0.0,0.0
1,23,4,0.0,0.0
1,23,5,0.0,0.0
1,23,6,0.0,0.0
1,23,7,0.0,0.0
1,23,8,0.0,0.0
1,23,9,0.0,0.0
1,23,10,0.0,0.0
1,23,11,0.0,0.0
1,23,12,0.0,0.0
1,23,13,0.0,0.0
1,23,14,0.0,0.0
1,23,15,0.0,0.0
1,23,16,0.0,0.0
1,23,17,0.0,0.0
1,23,18,0.0,0.0
1,23,19,0.0,0.0
1,23,20,0.0,0.0
1,23,21,0.0,0.0
1,23,22,0.0,0.0
1,23,23,0.0,0.0
1,23,24,0.0,0.0
1,23,25,0.0,0.0
1,23,26,0.0,0.0
1,23,27,0.0,0.0
1,23,28,0.0,0.0
1,23,29,0.0,0.0
1,23,30,0.1,0.015009463529699918
1,23,31,0.0,0.0
1,23,32,0.0,0.0
1,23,33,0.0,0.0
1,23,34,0.0,0.0
1,23,35,0.0,0.0
1,23,36,0.0,0.0
1,23,37,0.0,0.0
1,23,38,0.0,0.0
1,23,39,0.0,0.0
1,23,40,0.0,0.0
1,23,41,0.1,0.004239115827521624
1,23,42,0.0,0.0
1,23,43,0.0,0.0
1,23,44,0.0,0.0
1,23,45,0.0,0.0
1,23,46,0.0,0.0
1,23,47,0.0,0.0
1,23,48,0.0,0.0
1,23,49,0.1,0.016677181699666577
1,23,50,0.0,0.0
1,23,51,0.0,0.0
1,23,52,0.0,0.0
1,23,53,0.0,0.0
1,23,54,0.0,0.0
1,23,55,0.0,0.0
1,23,56,0.0,0.0
1,23,57,0.0,0.0
1,23,58,0.0,0.0
1,23,59,0.0,0.0
1,23,60,0.0,0.0
1,23,61,0.0,0.0
1,23,62,0.0,0.0
1,23,63,0.0,0.0
1,23,64,0.0,0.0
1,23,65,0.0,0.0
1,23,66,0.0,0.0
1,23,67,0.0,0.0
1,23,68,0.0,0.0
1,23,69,0.1,0.013508517176729929
1,23,70,0.0,0.0
1,23,71,0.0,0.0
1,23,72,0.1,0.00581497370030401
1,23,73,0.0,0.0
1,23,74,0.0,0.0
1,23,75,0.0,0.0
1,23,76,0.0,0.0
1,23,77,0.0,0.0
1,23,78,0.0,0.0
1,23,79,0.0,0.0
1,23,80,0.0,0.0
1,23,81,0.0,0.0
1,23,82,0.0,0.0
1,23,83,0.0,0.0
1,23,84,0.0,0.0
1,23,85,0.0,0.0
1,23,86,0.0,0.0
1,23,87,0.0,0.0
1,23,88,0.0,0.0
1,23,89,0.0,0.0
1,23,90,0.0,0.0
1,23,91,0.0,0.0
1,23,92,0.0,0.0
1,23,93,0.0,0.0
1,23,94,0.0,0.0
1,23,95,0.0,0.0
1,23,96,0.0,0.0
1,23,97,0.0,0.0
1,23,98,0.0,0.0
1,23,99,0.0,0.0
1,23,100,0.0,0.0
1,24,1,0.0,0.0
1,24,2,0.0,0.0
1,24,3,0.0,0.0
1,24,4,0.0,0.0
1,24,5,0.0,0.0
1,24,6,0.0,0.0
1,24,7,0.0,0.0
1,24,8,0.0,0.0
1,24,9,0.0,0.0
1,24,10,0.0,0.0
1,24,11,0.0,0.0
1,24,12,0.0,0.0
1,24,13,0.0,0.0
1,24,14,0.0,0.0
1,24,15,0.0,0.0
1,24,16,0.0,0.0
1,24,17,0.0,0.0
1,24,18,0.0,0.0
1,24,19,0.0,0.0
1,24,20,0.0,0.0
1,24,21,0.0,0.0
1,24,22,0.0,0.0
1,24,23,0.0,0.0
1,24,24,0.0,0.0
1,24,25,0.0,0.0
1,24,26,0.0,0.0
1,24,27,0.0,0.0
1,24,28,0.0,0.0
1,24,29,0.0,0.0
1,24,30,0.0,0.0
1,24,31,0.0,0.0
1,24,32,0.0,0.0
1,24,33,0.0,0.0
1,24,34,0.0,0.0
1,24,35,0.0,0.0
1,24,36,0.0,0.0
1,24,37,0.0,0.0
1,24,38,0.0,0.0
1,24,39,0.0,0.0
1,24,40,0.0,0.0
1,24,41,0.0,0.0
1,24,42,0.0,0.0
1,24,43,0.0,0.0
1,24,44,0.0,0.0
1,24,45,0.0,0.0
1,24,46,0.0,0.0
1,24,47,0.0,0.0
1,24,48,0.0,0.0
1,24,49,0.0,0.0
1,24,50,0.0,0.0
1,24,51,0.0,0.0
1,24,52,0.0,0.0
1,24,53,0.0,0.0
1,24,54,0.0,0.0
1,24,55,0.0,0.0
1,24,56,0.1,0.00523347633027361
1,24,57,0.0,0.0
1,24,58,0.0,0.0
1,24,59,0.0,0.0
1,24,60,0.0,0.0
1,24,61,0.0,0.0
1,24,62,0.0,0.0
1,24,63,0.0,0.0
1,24,64,0.0,0.0
1,24,65,0.0,0.0
1,24,66,0.0,0.0
1,24,67,0.0,0.0
1,24,68,0.1,0.00984770902183612
1,24,69,0.0,0.0
1,24,70,0.0,0.0
1,24,71,0.0,0.0
1,24,72,0.0,0.0
1,24,73,0.0,0.0
1,24,74,0.0,0.0
1,24,75,0.0,0.0
1,24,76,0.0,0.0
1,24,77,0.0,0.0
1,24,78,0.0,0.0
1,24,79,0.0,0.0
1,24,80,0.0,0.0
1,24,81,0.0,0.0
1,24,82,0.0,0.0
1,24,83,0.0,0.0
1,24,84,0.0,0.0
1,24,85,0.0,0.0
1,24,86,0.0,0.0
1,24,87,0.0,0.0
1,24,88,0.0,0.0
1,24,89,0.0,0.0
1,24,90,0.0,0.0
1,24,91,0.0,0.0
1,24,92,0.0,0.0
1,24,93,0.0,0.0
1,24,94,0.0,0.0
1,24,95,0.0,0.0
1,24,96,0.1,0.008862938119652507
1,24,97,0.0,0.0
1,24,98,0.0,0.0
1,24,99,0.0,0.0
1,24,100,0.0,0.0
1,25,1,0.0,0.0
1,25,2,0.0,0.0
1,25,3,0.0,0.0
1,25,4,0.0,0.0
1,25,5,0.0,0.0
1,25,6,0.0,0.0
1,25,7,0.0,0.0
1,25,8,0.0,0.0
1,25,9,0.0,0.0
1,25,10,0.0,0.0
1,25,11,0.0,0.0
1,25,12,0.0,0.0
1,25,13,0.0,0.0
1,25,14,0.0,0.0
1,25,15,0.0,0.0
1,25,16,0.0,0.0
1,25,17,0.0,0.0
1,25,18,0.0,0.0
1,25,19,0.0,0.0
1,25,20,0.0,0.0
1,25,21,0.1,0.010941898913151242
1,25,22,0.0,0.0
1,25,23,0.0,0.0
1,25,24,0.0,0.0
1,25,25,0.0,0.0
1,25,26,0.0,0.0
1,25,27,0.0,0.0
1,25,28,0.0,0.0
1,25,29,0.1,0.012157665459056936
1,25,30,0.0,0.0
1,25,31,0.0,0.0
1,25,32,0.0,0.0
1,25,33,0.0,0.0
1,25,34,0.0,0.0
1,25,35,0.1,0.008862938119652507
1,25,36,0.0,0.0
1,25,37,0.0,0.0
1,25,38,0.0,0.0
1,25,39,0.0,0.0
1,25,40,0.0,0.0
1,25,41,0.0,0.0
1,25,42,0.0,0.0
1,25,43,0.0,0.0
1,25,44,0.0,0.0
1,25,45,0.0,0.0
1,25,46,0.0,0.0
1,25,47,0.0,0.0
1,25,48,0.0,0.0
1,25,49,0.0,0.0
1,25,50,0.0,0.0
1,25,51,0.0,0.0
1,25,52,0.0,0.0
1,25,53,0.0,0.0
1,25,54,0.0,0.0
1,25,55,0.0,0.0
1,25,56,0.0,0.0
1,25,57,0.1,0.013508517176729929
1,25,58,0.0,0.0
1,25,59,0.0,0.0
1,25,60,0.0,0.0
1,25,61,0.0,0.0
1,25,62,0.0,0.0
1,25,63,0.0,0.0
1,25,64,0.0,0.0
1,25,65,0.0,0.0
1,25,66,0.0,0.0
1,25,67,0.0,0.0
1,25,68,0.0,0.0
1,25,69,0.0,0.0
1,25,70,0.0,0.0
1,25,71,0.0,0.0
1,25,72,0.0,0.0
1,25,73,0.0,0.0
1,25,74,0.0,0.0
1,25,75,0.0,0.0
1,25,76,0.0,0.0
1,25,77,0.0,0.0
1,25,78,0.0,0.0
1,25,79,0.0,0.0
1,25,80,0.0,0.0
1,25,81,0.0,0.0
1,25,82,0.0,0.0
1,25,83,0.0,0.0
1,25,84,0.0,0.0
1,25,85,0.0,0.0
1,25,86,0.0,0.0
1,25,87,0.1,0.008862938119652507
1,25,88,0.0,0.0
1,25,89,0.0,0.0
1,25,90,0.0,0.0
1,25,91,0.1,0.00984770902183612
1,25,92,0.0,0.0
1,25,93,0.0,0.0
1,25,94,0.0,0.0
1,25,95,0.0,0.0
1,25,96,0.0,0.0
1,25,97,0.0,0.0
1,25,98,0.0,0.0
1,25,99,0.0,0.0
1,25,100,0.0,0.0
1,26,1,0.0,0.0
1,26,2,0.0,0.0
1,26,3,0.0,0.0
1,26,4,0.0,0.0
1,26,5,0.0,0.0
1,26,6,0.0,0.0
1,26,7,0.0,0.0
1,26,8,0.0,0.0
1,26,9,0.0,0.0
1,26,10,0.0,0.0
1,26,11,0.0,0.0
1,26,12,0.0,0.0
1,26,13,0.0,0.0
1,26,14,0.0,0.0
1,26,15,0.0,0.0
1,26,16,0.0,0.0
1,26,17,0.0,0.0
1,26,18,0.0,0.0
1,26,19,0.1,0.004239115827521624
1,26,20,0.1,0.00523347633027361
1,26,21,0.0,0.0
1,26,22,0.0,0.0
1,26,23,0.0,0.0
1,26,24,0.0,0.0
1,26,25,0.0,0.0
1,26,26,0.0,0.0
1,26,27,0.0,0.0
1,26,28,0.0,0.0
1,26,29,0.0,0.0
1,26,30,0.0,0.0
1,26,31,0.0,0.0
1,26,32,0.0,0.0
1,26,33,0.0,0.0
1,26,34,0.0,0.0
1,26,35,0.0,0.0
1,26,36,0.0,0.0
1,26,37,0.0,0.0
1,26,38,0.1,0.006461081889226678
1,26,39,0.0,0.0
1,26,40,0.0,0.0
1,26,41,0.0,0.0
1,26,42,0.0,0.0
1,26,43,0.0,0.0
1,26,44,0.0,0.0
1,26,45,0.0,0.0
1,26,46,0.0,0.0
1,26,47,0.0,0.0
1,26,48,0.0,0.0
1,26,49,0.0,0.0
1,26,50,0.0,0.0
1,26,51,0.0,0.0
1,26,52,0.0,0.0
1,26,53,0.0,0.0
1,26,54,0.0,0.0
1,26,55,0.0,0.0
1,26,56,0.0,0.0
1,26,57,0.0,0.0
1,26,58,0.0,0.0
1,26,59,0.0,0.0
1,26,60,0.0,0.0
1,26,61,0.0,0.0
1,26,62,0.0,0.0
1,26,63,0.0,0.0
1,26,64,0.0,0.0
1,26,65,0.0,0.0
1,26,66,0.0,0.0
1,26,67,0.0,0.0
1,26,68,0.0,0.0
1,26,69,0.0,0.0
1,26,70,0.0,0.0
1,26,71,0.0,0.0
1,26,72,0.0,0.0
1,26,73,0.0,0.0
1,26,74,0.0,0.0
1,26,75,0.0,0.0
1,26,76,0.0,0.0
1,26,77,0.0,0.0
1,26,78,0.0,0.0
1,26,79,0.0,0.0
1,26,80,0.0,0.0
1,26,81,0.0,0.0
1,26,82,0.0,0.0
1,26,83,0.1,0.004710128697246249
1,26,84,0.0,0.0
1,26,85,0.1,0.013508517176729929
1,26,86,0.0,0.0
1,26,87,0.0,0.0
1,26,88,0.0,0.0
1,26,89,0.0,0.0
1,26,90,0.0,0.0
1,26,91,0.0,0.0
1,26,92,0.0,0.0
1,26,93,0.0,0.0
1,26,94,0.0,0.0
1,26,95,0.0,0.0
1,26,96,0.0,0.0
1,26,97,0.0,0.0
1,26,98,0.0,0.0
1,26,99,0.0,0.0
1,26,100,0.0,0.0
1,27,1,0.0,0.0
1,27,2,0.0,0.0
1,27,3,0.0,0.0
1,27,4,0.0,0.0
1,27,5,0.0,0.0
1,27,6,0.0,0.0
1,27,7,0.0,0.0
1,27,8,0.0,0.0
1,27,9,0.0,0.0
1,27,10,0.0,0.0
1,27,11,0.0,0.0
1,27,12,0.1,0.004239115827521624
1,27,13,0.0,0.0
1,27,14,0.0,0.0
1,27,15,0.0,0.0
1,27,16,0.1,0.00523347633027361
1,27,17,0.0,0.0
1,27,18,0.0,0.0
1,27,19,0.0,0.0
1,27,20,0.0,0.0
1,27,21,0.0,0.0
1,27,22,0.0,0.0
1,27,23,0.0,0.0
1,27,24,0.0,0.0
1,27,25,0.0,0.0
1,27,26,0.0,0.0
1,27,27,0.1,0.008862938119652507
1,27,28,0.0,0.0
1,27,29,0.0,0.0
1,27,30,0.1,0.012157665459056936
1,27,31,0.0,0.0
1,27,32,0.1,0.00717897987691853
1,27,33,0.1,0.02287679245496101
1,27,34,0.0,0.0
1,27,35,0.1,0.00717897987691853
1,27,36,0.0,0.0
1,27,37,0.0,0.0
1,27,38,0.1,0.02287679245496101
1,27,39,0.0,0.0
1,27,40,0.0,0.0
1,27,41,0.1,0.028242953648100012
1,27,42,0.1,0.03486784401000001
1,27,43,0.1,0.028242953648100012
1,27,44,0.1,0.02541865828329001
1,27,45,0.1,0.02058911320946491
1,27,46,0.0,0.0
1,27,47,0.1,0.02287679245496101
1,27,48,0.0,0.0
1,27,49,0.1,0.015009463529699918
1,27,50,0.1,0.013508517176729929
1,27,51,0.0,0.0
1,27,52,0.1,0.006461081889226678
1,27,53,0.1,0.02287679245496101
1,27,54,0.1,0.028242953648100012
1,27,55,0.1,0.02058911320946491
1,27,56,0.0,0.0
1,27,57,0.0,0.0
1,27,58,0.1,0.03486784401000001
1,27,59,0.1,0.03486784401000001
1,27,60,0.1,0.018530201888518418
1,27,61,0.1,0.02541865828329001
1,27,62,0.1,0.03486784401000001
1,27,63,0.1,0.03486784401000001
1,27,64,0.1,0.028242953648100012
1,27,65,0.1,0.03486784401000001
1,27,66,0.1,0.02287679245496101
1,27,67,0.1,0.03486784401000001
1,27,68,0.1,0.028242953648100012
1,27,69,0.1,0.03486784401000001
1,27,70,0.1,0.018530201888518418
1,27,71,0.1,0.02058911320946491
1,27,72,0.1,0.028242953648100012
1,27,73,0.0,0.0
1,27,74,0.1,0.03486784401000001
1,27,75,0.1,0.03486784401000001
1,27,76,0.1,0.031381059609000006
1,27,77,0.1,0.03486784401000001
1,27,78,0.1,0.03486784401000001
1,27,79,0.1,0.00717897987691853
1,27,80,0.1,0.02287679245496101
1,27,81,0.1,0.028242953648100012
1,27,82,0.1,0.03486784401000001
1,27,83,0.1,0.03486784401000001
1,27,84,0.1,0.02287679245496101
1,27,85,0.1,0.031381059609000006
1,27,86,0.1,0.02541865828329001
1,27,87,0.1,0.028242953648100012
1,27,88,0.1,0.03486784401000001
1,27,89,0.1,0.03486784401000001
1,27,90,0.1,0.02541865828329001
1,27,91,0.1,0.03486784401000001
1,27,92,0.1,0.02287679245496101
1,27,93,0.1,0.028242953648100012
1,27,94,0.1,0.03486784401000001
1,27,95,0.1,0.028242953648100012
1,27,96,0.1,0.03486784401000001
1,27,97,0.1,0.02541865828329001
1,27,98,0.1,0.03486784401000001
1,27,99,0.1,0.028242953648100012
1,27,100,0.1,0.03486784401000001
1,28,1,0.0,0.0
1,28,2,0.0,0.0
1,28,3,0.0,0.0
1,28,4,0.0,0.0
1,28,5,0.0,0.0
1,28,6,0.0,0.0
1,28,7,0.0,0.0
1,28,8,0.0,0.0
1,28,9,0.0,0.0
1,28,10,0.0,0.0
1,28,11,0.0,0.0
1,28,12,0.0,0.0
1,28,13,0.0,0.0
1,28,14,0.0,0.0
1,28,15,0.0,0.0
1,28,16,0.0,0.0
1,28,17,0.0,0.0
1,28,18,0.0,0.0
1,28,19,0.0,0.0
1,28,20,0.0,0.0
1,28,21,0.0,0.0
1,28,22,0.0,0.0
1,28,23,0.0,0.0
1,28,24,0.0,0.0
1,28,25,0.0,0.0
1,28,26,0.0,0.0
1,28,27,0.0,0.0
1,28,28,0.0,0.0
1,28,29,0.0,0.0
1,28,30,0.0,0.0
1,28,31,0.0,0.0
1,28,32,0.0,0.0
1,28,33,0.0,0.0
1,28,34,0.0,0.0
1,28,35,0.0,0.0
1,28,36,0.0,0.0
1,28,37,0.0,0.0
1,28,38,0.0,0.0
1,28,39,0.0,0.0
1,28,40,0.0,0.0
1,28,41,0.0,0.0
1,28,42,0.0,0.0
1,28,43,0.0,0.0
1,28,44,0.0,0.0
1,28,45,0.0,0.0
1,28,46,0.0,0.0
1,28,47,0.0,0.0
1,28,48,0.0,0.0
1,28,49,0.0,0.0
1,28,50,0.0,0.0
1,28,51,0.0,0.0
1,28,52,0.0,0.0
1,28,53,0.0,0.0
1,28,54,0.0,0.0
1,28,55,0.0,0.0
1,28,56,0.0,0.0
1,28,57,0.0,0.0
1,28,58,0.0,0.0
1,28,59,0.0,0.0
1,28,60,0.0,0.0
1,28,61,0.0,0.0
1,28,62,0.0,0.0
1,28,63,0.0,0.0
1,28,64,0.0,0.0
1,28,65,0.0,0.0
1,28,66,0.0,0.0
1,28,67,0.0,0.0
1,28,68,0.0,0.0
1,28,69,0.0,0.0
1,28,70,0.0,0.0
1,28,71,0.0,0.0
1,28,72,0.0,0.0
1,28,73,0.0,0.0
1,28,74,0.0,0.0
1,28,75,0.0,0.0
1,28,76,0.0,0.0
1,28,77,0.0,0.0
1,28,78,0.0,0.0
1,28,79,0.0,0.0
1,28,80,0.0,0.0
1,28,81,0.0,0.0
1,28,82,0.0,0.0
1,28,83,0.0,0.0
1,28,84,0.0,0.0
1,28,85,0.0,0.0
1,28,86,0.0,0.0
1,28,87,0.0,0.0
1,28,88,0.0,0.0
1,28,89,0.0,0.0
1,28,90,0.0,0.0
1,28,91,0.0,0.0
1,28,92,0.0,0.0
1,28,93,0.0,0.0
1,28,94,0.0,0.0
1,28,95,0.0,0.0
1,28,96,0.0,0.0
1,28,97,0.0,0.0
1,28,98,0.0,0.0
1,28,99,0.0,0.0
1,28,100,0.0,0.0
1,29,1,0.0,0.0
1,29,2,0.0,0.0
1,29,3,0.0,0.0
1,29,4,0.0,0.0
1,29,5,0.0,0.0
1,29,6,0.0,0.0
1,29,7,0.0,0.0
1,29,8,0.0,0.0
1,29,9,0.0,0.0
1,29,10,0.0,0.0
1,29,11,0.0,0.0
1,29,12,0.0,0.0
1,29,13,0.0,0.0
1,29,14,0.0,0.0
1,29,15,0.0,0.0
1,29,16,0.0,0.0
1,29,17,0.0,0.0
1,29,18,0.0,0.0
1,29,19,0.0,0.0
1,29,20,0.0,0.0
1,29,21,0.0,0.0
1,29,22,0.0,0.0
1,29,23,0.0,0.0
1,29,24,0.0,0.0
1,29,25,0.0,0.0
1,29,26,0.0,0.0
1,29,27,0.0,0.0
1,29,28,0.0,0.0
1,29,29,0.0,0.0
1,29,30,0.0,0.0
1,29,31,0.0,0.0
1,29,32,0.0,0.0
1,29,33,0.0,0.0
1,29,34,0.0,0.0
1,29,35,0.1,0.015009463529699918
1,29,36,0.0,0.0
1,29,37,0.0,0.0
1,29,38,0.0,0.0
1,29,39,0.0,0.0
1,29,40,0.1,0.007976644307687256
1,29,41,0.0,0.0
1,29,42,0.1,0.00984770902183612
1,29,43,0.0,0.0
1,29,44,0.1,0.00523347633027361
1,29,45,0.0,0.0
1,29,46,0.0,0.0
1,29,47,0.0,0.0
1,29,48,0.0,0.0
1,29,49,0.0,0.0
1,29,50,0.0,0.0
1,29,51,0.0,0.0
1,29,52,0.0,0.0
1,29,53,0.0,0.0
1,29,54,0.0,0.0
1,29,55,0.0,0.0
1,29,56,0.0,0.0
1,29,57,0.0,0.0
1,29,58,0.0,0.0
1,29,59,0.0,0.0
1,29,60,0.0,0.0
1,29,61,0.0,0.0
1,29,62,0.0,0.0
1,29,63,0.0,0.0
1,29,64,0.0,0.0
1,29,65,0.0,0.0
1,29,66,0.0,0.0
1,29,67,0.0,0.0
1,29,68,0.0,0.0
1,29,69,0.0,0.0
1,29,70,0.0,0.0
1,29,71,0.0,0.0
1,29,72,0.0,0.0
1,29,73,0.0,0.0
1,29,74,0.1,0.00984770902183612
1,29,75,0.0,0.0
1,29,76,0.0,0.0
1,29,77,0.0,0.0
1,29,78,0.0,0.0
1,29,79,0.0,0.0
1,29,80,0.0,0.0
1,29,81,0.0,0.0
1,29,82,0.0,0.0
1,29,83,0.0,0.0
1,29,84,0.0,0.0
1,29,85,0.0,0.0
1,29,86,0.0,0.0
1,29,87,0.0,0.0
1,29,88,0.1,0.02541865828329001
1,29,89,0.0,0.0
1,29,90,0.0,0.0
1,29,91,0.0,0.0
1,29,92,0.0,0.0
1,29,93,0.0,0.0
1,29,94,0.0,0.0
1,29,95,0.0,0.0
1,29,96,0.0,0.0
1,29,97,0.0,0.0
1,29,98,0.0,0.0
1,29,99,0.0,0.0
1,29,100,0.0,0.0
1,30,1,0.0,0.0
1,30,2,0.0,0.0
1,30,3,0.0,0.0
1,30,4,0.0,0.0
1,30,5,0.0,0.0
1,30,6,0.0,0.0
1,30,7,0.0,0.0
1,30,8,0.0,0.0
1,30,9,0.0,0.0
1,30,10,0.0,0.0
1,30,11,0.0,0.0
1,30,12,0.0,0.0
1,30,13,0.0,0.0
1,30,14,0.0,0.0
1,30,15,0.0,0.0
1,30,16,0.0,0.0
1,30,17,0.1,0.008862938119652507
1,30,18,0.0,0.0
1,30,19,0.0,0.0
1,30,20,0.0,0.0
1,30,21,0.0,0.0
1,30,22,0.0,0.0
1,30,23,0.0,0.0
1,30,24,0.0,0.0
1,30,25,0.0,0.0
1,30,26,0.1,0.007976644307687256
1,30,27,0.0,0.0
1,30,28,0.0,0.0
1,30,29,0.0,0.0
1,30,30,0.0,0.0
1,30,31,0.0,0.0
1,30,32,0.0,0.0
1,30,33,0.0,0.0
1,30,34,0.0,0.0
1,30,35,0.0,0.0
1,30,36,0.0,0.0
1,30,37,0.0,0.0
1,30,38,0.0,0.0
1,30,39,0.0,0.0
1,30,40,0.0,0.0
1,30,41,0.0,0.0
1,30,42,0.0,0.0
1,30,43,0.1,0.006461081889226678
1,30,44,0.0,0.0
1,30,45,0.0,0.0
1,30,46,0.0,0.0
1,30,47,0.0,0.0
1,30,48,0.0,0.0
1,30,49,0.0,0.0
1,30,50,0.0,0.0
1,30,51,0.0,0.0
1,30,52,0.0,0.0
1,30,53,0.0,0.0
1,30,54,0.0,0.0
1,30,55,0.1,0.00984770902183612
1,30,56,0.0,0.0
1,30,57,0.1,0.02541865828329001
1,30,58,0.0,0.0
1,30,59,0.0,0.0
1,30,60,0.0,0.0
1,30,61,0.0,0.0
1,30,62,0.0,0.0
1,30,63,0.0,0.0
1,30,64,0.0,0.0
1,30,65,0.0,0.0
1,30,66,0.0,0.0
1,30,67,0.0,0.0
1,30,68,0.0,0.0
1,30,69,0.0,0.0
1,30,70,0.1,0.016677181699666577
1,30,71,0.0,0.0
1,30,72,0.0,0.0
1,30,73,0.0,0.0
1,30,74,0.0,0.0
1,30,75,0.0,0.0
1,30,76,0.0,0.0
1,30,77,0.0,0.0
1,30,78,0.0,0.0
1,30,79,0.0,0.0
1,30,80,0.0,0.0
1,30,81,0.0,0.0
1,30,82,0.0,0.0
1,30,83,0.0,0.0
1,30,84,0.1,0.00581497370030401
1,30,85,0.1,0.015009463529699918
1,30,86,0.0,0.0
1,30,87,0.0,0.0
1,30,88,0.0,0.0
1,30,89,0.0,0.0
1,30,90,0.1,0.02541865828329001
1,30,91,0.0,0.0
1,30,92,0.0,0.0
1,30,93,0.0,0.0
1,30,94,0.0,0.0
1,30,95,0.0,0.0
1,30,96,0.0,0.0
1,30,97,0.0,0.0
1,30,98,0.0,0.0
1,30,99,0.0,0.0
1,30,100,0.0,0.0
