0.033293999999997936,0.09284199999999387,0.17312999999999334,0.2144970000000015,0.2848689999999898,0.3246309999999859,0.3657669999999875,0.38134999999997987,0.3962119999999665,0.3963609999999669,0.3965019999999697,0.3966429999999832,0.39678499999997285,0.3969319999999783,0.39707699999997814,0.3972339999999761,0.3973909999999705,0.39754899999997306,0.39771399999996504,0.3978589999999471,0.3979979999999479,0.39814499999996045,0.39828899999997347,0.39843099999995246,0.3985739999999609,0.39872099999995925,0.39885999999995647,0.39900599999997866,0.3991499999999597,0.3993069999999612,0.3994589999999576,0.39961199999996566,0.39975499999997055,0.3998839999999717,0.40001799999998155,0.4001489999999919,0.40031999999998646,0.40050399999998376,0.40069199999998517,0.4008579999999782,0.4009839999999727,0.4011149999999759,0.4012449999999781,0.4014329999999795,0.4016179999999743,0.40180499999996755,0.4019349999999733,0.40206599999998005,0.40219499999997055,0.40234999999997356,
1.3617939999999749,2.319971999999975,2.7957669999999837,2.874136999999987,2.952567999999978,2.9527199999999816,2.9528679999999916,2.9530169999999814,2.9531669999999792,2.9533139999999776,2.9534639999999754,2.9536229999999897,2.953771999999997,2.9539269999999966,2.9540819999999925,2.954241999999997,2.95440099999999,2.9545599999999865,2.9546899999999923,2.954817999999996,2.954944000000001,2.9551280000000055,2.955315000000006,2.9555020000000027,2.955638000000004,2.9557730000000078,2.9559080000000186,2.9560680000000126,2.956253000000018,2.956439000000014,2.9566250000000167,2.9567550000000224,2.9568850000000246,2.957017000000029,2.957215000000037,2.957400000000039,2.9575870000000357,2.957736000000036,2.9578600000000357,2.957980000000042,2.9581250000000523,2.958309000000053,2.9584950000000525,2.958670000000051,2.958836000000055,2.9590050000000545,2.9591730000000496,2.959289000000048,2.959411000000042,2.9595340000000405,
4.6347850000000435,6.240588000000038,7.010094000000038,7.52969200000004,7.529846000000049,7.924879000000047,8.058220000000048,8.058362000000038,8.058507000000063,8.058648000000062,8.058811000000055,8.058970000000024,8.059129000000048,8.059263000000058,8.059397000000054,8.059529000000033,8.059688000000023,8.059871000000015,8.060057000000029,8.060238000000012,8.06036700000002,8.06050100000003,8.060629000000041,8.060814000000043,8.06100100000004,8.061189000000049,8.06131600000004,8.061444000000051,8.06157400000005,8.06173900000006,8.061925000000073,8.062110000000068,8.062286000000071,8.06241900000007,8.062554000000077,8.062686000000078,8.062870000000089,8.063054000000086,8.063236000000082,8.06339900000009,8.063564000000099,8.063727000000078,8.063892000000088,8.064052000000103,8.064219000000115,8.064383000000113,8.064548000000109,8.064710000000098,8.064871000000117,8.065034000000104,
9.727655000000105,11.316048000000087,12.071254000000089,12.587561000000086,12.58775900000007,12.983648000000052,13.116364000000068,13.116531000000073,13.11669400000008,13.116857000000074,13.117004000000087,13.117152000000111,13.117294000000115,13.117439000000132,13.11758600000013,13.117730000000108,13.11787600000008,13.1180200000001,13.118164000000107,13.118311000000098,13.118456000000108,13.118604000000126,13.11875300000014,13.118899000000127,13.119044000000137,13.119189000000148,13.119336000000132,13.119483000000145,13.119628000000112,13.119772000000147,13.119940000000128,13.120094000000122,13.120245000000125,13.120404000000107,13.120550000000122,13.120699000000144,13.120850000000154,13.120998000000121,13.121147000000128,13.121295000000138,13.121457000000156,13.121610000000139,13.121764000000113,13.121928000000104,13.122058000000088,13.12218500000008,13.122316000000083,13.12250500000006,13.122693000000048,13.12289000000002,
14.760418000000051,16.328350000000057,17.086586000000054,17.21400000000004,17.34339400000004,17.34354300000004,17.343688000000057,17.343833000000068,17.34399300000006,17.34416300000005,17.34431100000006,17.344468000000077,17.344619000000087,17.344770000000103,17.344919000000104,17.345077000000117,17.345224000000144,17.345369000000126,17.345536000000116,17.345699000000124,17.34586200000011,17.34603900000011,17.3461700000001,17.34630000000009,17.3464320000001,17.3466090000001,17.346795000000093,17.346981000000092,17.347112000000088,17.347240000000085,17.34736900000008,17.34754300000008,17.347729000000093,17.34791400000011,17.34808100000012,17.348207000000123,17.34833500000012,17.348472000000115,17.34862500000009,17.348779000000093,17.348935000000075,17.34908400000009,17.3492210000001,17.349363000000103,17.349547000000115,17.349727000000108,17.34991400000012,17.350111000000112,17.350271000000106,17.350439000000115,
18.99711900000011,20.767319000000114,21.7255800000001,22.140608000000093,22.14080100000008,22.532294000000114,22.79553000000012,22.79571900000012,22.795908000000118,22.796105000000118,22.796292000000108,22.796483000000094,22.796639000000084,22.796774000000042,22.79690600000007,22.797090000000047,22.797274000000066,22.797460000000058,22.797594000000053,22.79772800000005,22.797861000000047,22.79804500000005,22.79823100000005,22.79842500000006,22.79858800000006,22.79875100000003,22.798914000000046,22.79907900000004,22.79923900000002,22.799399000000058,22.799561000000075,22.79972100000009,22.799880000000087,22.800042000000097,22.800208000000104,22.800380000000118,22.80054200000012,22.800706000000133,22.800868000000122,22.80103100000011,22.80119300000011,22.801356000000098,22.801494000000133,22.801631000000143,22.80182200000015,22.802005000000165,22.802191000000164,22.80238700000016,22.802518000000134,22.802649000000088,
24.44734200000007,26.02054700000008,26.775920000000085,27.28904700000009,27.550949000000088,27.55113900000009,27.8143200000001,27.8144590000001,27.8145960000001,27.8147310000001,27.8149200000001,27.815105000000102,27.815292000000113,27.81541600000012,27.815539000000115,27.81565900000009,27.815834000000102,27.81602000000011,27.816209000000107,27.816393000000105,27.81657700000011,27.816760000000116,27.81688200000014,27.817038000000153,27.81716000000015,27.817346000000136,27.817532000000135,27.817725000000138,27.81787800000012,27.81803100000012,27.818187000000115,27.818320000000107,27.8184520000001,27.8185820000001,27.8187700000001,27.8189580000001,27.819143000000103,27.819305000000114,27.819466000000112,27.81963100000008,27.819755000000058,27.819878000000067,27.820001000000083,27.820167000000083,27.820352000000106,27.820539000000096,27.8207090000001,27.820876000000105,27.821046000000095,27.821170000000087,
29.50455400000009,31.14647400000012,31.93570300000013,32.337853000000116,32.33801400000011,32.74808400000011,33.02247600000011,33.02264200000013,33.02280500000011,33.02297100000015,33.023144000000144,33.023309000000154,33.023473000000145,33.023632000000134,33.02379600000013,33.023962000000125,33.024127000000114,33.024289000000095,33.024451000000106,33.024615000000104,33.024776000000095,33.024940000000086,33.0251020000001,33.02526500000012,33.02542700000009,33.02559100000009,33.02575600000008,33.0259150000001,33.02608000000009,33.026240000000065,33.02640600000008,33.02656600000009,33.02673100000009,33.02689600000009,33.0270600000001,33.0272200000001,33.027384000000104,33.02754900000013,33.02771100000012,33.02787400000013,33.02803700000013,33.02819700000015,33.028359000000165,33.028521000000154,33.02868200000016,33.028848000000174,33.029011000000175,33.02917200000018,33.02933700000019,33.02950000000018,
34.74513000000019,36.38072700000021,37.17082400000019,37.7077250000002,37.70788800000023,38.127132000000266,38.26517600000033,38.26534300000031,38.26550400000027,38.26566500000029,38.26583000000026,38.26599200000023,38.266153000000195,38.2663200000002,38.266482000000245,38.26664400000029,38.266808000000275,38.26696900000028,38.26713100000027,38.267293000000315,38.26745700000024,38.26761800000029,38.26777800000034,38.26793900000026,38.26810500000024,38.26826500000029,38.268429000000204,38.268592000000204,38.268755000000205,38.26892000000016,38.26908500000017,38.26924400000009,38.26940800000013,38.26957500000017,38.26973700000011,38.26990000000013,38.27006400000014,38.2702270000001,38.27038900000009,38.27055000000009,38.27071400000012,38.27087700000015,38.271038000000125,38.27119700000018,38.271359000000125,38.27152200000017,38.27168600000014,38.271849000000124,38.27201200000015,38.27217800000019,
39.980960000000174,41.62049600000022,42.410724000000194,42.94687700000018,42.94704100000015,43.357014000000085,43.494743000000135,43.49490500000005,43.49506100000004,43.4952180000001,43.49537400000016,43.49553100000022,43.495688000000136,43.49584200000006,43.496008000000124,43.49616800000019,43.49632800000017,43.49648700000015,43.4966490000002,43.49680600000021,43.49696200000016,43.497122000000225,43.49728000000015,43.497434000000204,43.49759000000011,43.497750000000146,43.49791200000012,43.498070000000006,43.498224,43.49838099999992,43.49853899999996,43.49869499999995,43.498853000000004,43.49900900000001,43.49916799999993,43.499325000000006,43.49948400000006,43.49964299999994,43.49981599999993,43.49997399999997,43.500133,43.50029600000001,43.50045600000005,43.50061500000006,43.50077300000007,43.500933000000025,43.50109100000008,43.50125200000014,43.5014150000002,43.501573000000256,
45.210206000000305,46.84578700000029,47.63589500000031,48.1712230000003,48.17139300000036,48.58166500000038,48.71852200000033,48.7186890000003,48.71885100000029,48.719013000000324,48.719175000000256,48.7193370000003,48.719500000000345,48.71966200000039,48.71982500000045,48.71998500000037,48.72014600000043,48.72030700000047,48.72047100000045,48.72063300000051,48.72080300000051,48.720965000000454,48.721125000000505,48.72128600000057,48.7214480000006,48.72160900000056,48.721771000000594,48.721933000000654,48.722097000000694,48.72226000000074,48.722423000000695,48.72258700000061,48.72275000000065,48.72291000000069,48.72307100000075,48.723233000000754,48.72339400000072,48.72355700000076,48.72371800000081,48.723882000000835,48.72404300000084,48.72420600000077,48.724370000000725,48.72453800000073,48.72470300000074,48.72486700000068,48.72503900000071,48.72520400000072,48.725370000000744,48.725532000000705,
50.437239000000694,52.07699500000067,52.868423000000696,53.40507500000064,53.67689700000059,53.677063000000565,53.95257600000057,53.952742000000576,53.95290200000061,53.95305900000054,53.953219000000566,53.95337800000052,53.953538000000556,53.953698000000536,53.953857000000546,53.95401700000044,53.95417700000049,53.954341000000376,53.95450200000044,53.954661000000364,53.95481700000041,53.95497800000046,53.95513800000051,53.95529700000055,53.95550900000058,53.955668000000635,53.95582800000067,53.95599300000067,53.95616400000066,53.95632700000065,53.956491000000675,53.95665300000069,53.95681700000066,53.95698300000067,53.95714900000069,53.95731300000069,53.9574770000007,53.95764400000075,53.95780600000081,53.95796900000075,53.95813400000075,53.95829500000071,53.95845800000074,53.95862500000073,53.95879100000078,53.958953000000825,53.95911900000083,53.95928100000082,53.95944500000085,53.95961000000087,
55.67924700000086,57.31591400000088,58.10575500000092,58.641595000001,58.641758000001026,59.053644000001064,59.191882000001094,59.19204900000114,59.19221600000109,59.19238100000113,59.192541000001135,59.19270300000115,59.19286500000113,59.193026000001176,59.193193000001195,59.193356000001096,59.19352100000108,59.1936870000011,59.19384900000113,59.194010000001136,59.194176000001086,59.19433800000106,59.194501000001075,59.19466500000102,59.19482600000101,59.19498800000108,59.19515200000112,59.19536000000108,59.195524000001036,59.195686000001096,59.19585000000105,59.19601600000106,59.196179000001116,59.196347000001104,59.19651000000115,59.19667300000119,59.196837000001246,59.19699800000122,59.19717000000119,59.19733200000119,59.19749600000123,59.19765900000116,59.197819000001054,59.19798000000099,59.19814000000094,59.19830600000092,59.19847000000096,59.19863600000097,59.198797000001,59.198967000001026,
60.91083600000098,62.54669100000098,63.33409800000097,63.868635000000914,63.868807000000906,64.2797060000009,64.41783700000087,64.41800300000092,64.418161000001,64.41831700000107,64.41847500000111,64.41863400000109,64.41879000000115,64.41894800000111,64.41911100000107,64.41927100000112,64.41942600000107,64.41958300000101,64.41973900000096,64.41989500000102,64.42005300000089,64.42020800000094,64.420363000001,64.42052100000092,64.42068100000098,64.42083800000103,64.42099400000106,64.42115400000112,64.42131400000119,64.42147500000124,64.42163500000129,64.42179700000126,64.42195800000133,64.42212100000133,64.42228600000136,64.4224490000013,64.42261100000128,64.42277600000126,64.42293700000116,64.42310000000118,64.42326700000116,64.42342800000118,64.42359000000116,64.42375500000121,64.42391400000119,64.4240730000012,64.42423500000116,64.42439600000121,64.42455900000117,64.42472300000112,
66.13727600000108,67.76901900000105,68.55748000000102,69.09940100000102,69.09957600000102,69.50736800000104,69.64462200000101,69.64478600000092,69.64494800000098,69.64511000000101,69.64527300000101,69.64543600000106,69.64560100000105,69.645762000001,69.6459240000009,69.64608600000079,69.64624900000078,69.64641800000082,69.64657700000086,69.64673700000091,69.64690100000095,69.64706100000102,69.64722000000107,69.64737900000097,69.64754100000098,69.64770100000105,69.64786400000109,69.64802500000111,69.64819100000113,69.64835200000105,69.64851500000108,69.64867900000105,69.64884300000108,69.64900600000108,69.64916900000112,69.6493370000011,69.64949900000109,69.64965900000112,69.64982200000115,69.64998800000104,69.65015200000104,69.65031700000108,69.650477000001,69.65063500000092,69.65079600000084,69.65095600000072,69.65111700000061,69.65127700000049,69.6514390000005,69.65159800000056,
71.35924700000055,72.99662500000055,73.78574700000051,74.32033300000047,74.5924700000005,74.59262800000049,74.86728300000058,74.86744800000058,74.86760700000046,74.86776700000051,74.8679280000005,74.86808700000057,74.86824500000053,74.8684030000004,74.86856900000029,74.86872800000027,74.86888900000031,74.86904600000032,74.86920700000039,74.86936400000046,74.86952100000047,74.86968200000054,74.86984100000058,74.86999900000063,74.87015300000067,74.87031200000055,74.87047500000058,74.87063300000051,74.87079100000054,74.87095400000058,74.87111300000063,74.87127100000069,74.87142900000075,74.87158700000079,74.87174800000082,74.87190900000088,74.8720670000008,74.87222700000086,74.8723900000008,74.87255300000085,74.8727110000009,74.87286800000086,74.87302700000093,74.87318600000098,74.87334500000104,74.87350200000094,74.87366100000085,74.87382300000085,74.87398000000088,74.87414000000079,
76.58186400000078,78.24351700000075,79.03068400000078,79.56574800000081,79.56591800000083,79.97425500000078,80.11182500000066,80.11198900000072,80.11214800000064,80.11230700000063,80.11246300000059,80.11262000000059,80.11277700000058,80.11293500000056,80.11309500000056,80.11325400000064,80.11341200000052,80.11356700000059,80.11372200000056,80.11388000000059,80.11403600000064,80.11419200000071,80.11434700000075,80.11450500000065,80.1146630000007,80.11482000000075,80.11497700000069,80.11513300000077,80.1152940000008,80.11545200000079,80.11560900000086,80.11577300000086,80.11593800000088,80.11610200000088,80.11626700000089,80.11642800000094,80.11659300000095,80.11676000000091,80.11692400000086,80.11708500000093,80.11724900000094,80.11741300000088,80.11757500000088,80.11773800000076,80.11790000000073,80.11806400000077,80.11823100000079,80.11839700000081,80.11855700000082,80.11871700000079,
81.82503200000083,83.45821100000079,84.24478600000083,84.64523200000086,84.64539300000092,85.05569200000093,85.33103800000082,85.3311990000008,85.33135900000067,85.33152000000074,85.33168100000061,85.33184300000066,85.33201000000071,85.3321710000006,85.33233000000067,85.33248900000072,85.33264300000074,85.33279700000082,85.33295600000088,85.33311700000094,85.33328000000098,85.33343700000101,85.33359300000107,85.33375100000103,85.33391100000108,85.334071000001,85.33422900000106,85.33439300000099,85.33456200000099,85.33472200000095,85.334882000001,85.335042000001,85.33520500000103,85.33536300000095,85.33552900000093,85.335687000001,85.33584700000107,85.33600500000112,85.33616800000104,85.33632900000107,85.336489000001,85.33665100000104,85.33680600000105,85.33696600000108,85.33712800000114,85.3372930000011,85.33745400000103,85.337613000001,85.33776900000095,85.33793400000091,
87.04198800000093,88.67506500000093,89.46178900000092,89.5947980000009,89.72770200000092,89.72786800000094,89.72803200000094,89.72819800000096,89.72836000000099,89.728526000001,89.72869200000102,89.72885600000106,89.72902300000106,89.72918900000106,89.72935500000106,89.72952800000103,89.72969300000103,89.72985700000106,89.73002000000105,89.7301830000011,89.73035000000108,89.73051500000106,89.7306810000011,89.73084600000108,89.73100900000108,89.73117100000111,89.73133700000109,89.73149700000116,89.73166100000115,89.73182300000116,89.73198700000115,89.73215200000115,89.73231400000113,89.73248400000111,89.73264500000113,89.73280600000119,89.73296900000122,89.73313200000122,89.73329600000125,89.73345700000127,89.73361900000128,89.7337820000013,89.73394500000128,89.7341050000013,89.73426800000132,89.73443300000133,89.73459500000129,89.73476000000129,89.73492900000124,89.73509300000124,
91.44165300000122,93.07131200000121,93.85840800000122,94.3927310000012,94.39289600000113,94.80121800000111,94.93815700000115,94.93832600000121,94.93849200000125,94.93865700000126,94.93882500000129,94.93899300000132,94.93915800000136,94.93932500000139,94.93948900000137,94.93965300000139,94.93981600000134,94.93997700000142,94.94014000000146,94.9403050000013,94.94046600000138,94.94063100000136,94.94079700000137,94.94096000000138,94.94112300000131,94.94128900000126,94.94145100000131,94.94161500000135,94.94178100000141,94.9419460000014,94.9421090000013,94.94227200000134,94.94243800000129,94.94260200000133,94.94276600000137,94.94292900000133,94.94309000000115,94.94325500000119,94.9434190000012,94.94358500000118,94.94374800000108,94.94391500000108,94.94407900000115,94.94424000000103,94.94440600000107,94.94457000000114,94.94473800000114,94.94489900000113,94.94506200000112,94.94522600000096,
96.64654500000108,98.27652100000108,99.06311500000112,99.59689900000112,99.86791900000105,99.8680800000011,100.14235400000112,100.1425130000012,100.14267500000125,100.14283100000134,100.14298900000128,100.14315000000107,100.14331100000112,100.14347200000117,100.14363400000124,100.14379200000127,100.14394700000099,100.14410200000086,100.14426200000091,100.14441700000097,100.14457100000106,100.14473100000112,100.14489200000116,100.14505100000122,100.14520900000127,100.14536900000112,100.1455290000012,100.14569000000125,100.14585200000116,100.146013000001,100.14617200000075,100.1463310000008,100.14648800000086,100.14664600000091,100.14680700000099,100.14696800000087,100.14712800000086,100.14728500000095,100.14744100000104,100.14760100000112,100.14775500000118,100.14791400000124,100.14807100000115,100.14822700000087,100.14838400000079,100.14854300000056,100.14870100000041,100.14885800000022,100.1490140000003,100.1491700000004,
101.8543960000004,103.48359100000033,104.26994700000034,104.67032500000039,104.67048900000046,105.07629100000045,105.3504440000005,105.35060800000053,105.35076600000062,105.35092600000056,105.35108100000022,105.35123600000028,105.35139000000012,105.35154599999996,105.35170400000001,105.35186100000007,105.35202000000012,105.35217799999995,105.35233499999995,105.35249499999986,105.35265199999995,105.35280799999992,105.35296899999992,105.35312200000001,105.35327999999996,105.35343500000005,105.3535950000001,105.35375100000002,105.3539080000001,105.35406300000017,105.35421800000026,105.35437100000033,105.35452800000039,105.35468600000047,105.35484300000047,105.35500100000053,105.35515700000059,105.3553120000006,105.35546600000066,105.35562600000054,105.35578900000047,105.35594500000036,105.35610100000028,105.35625500000037,105.35641200000043,105.3565670000005,105.35672100000056,105.3568740000004,105.35702900000047,105.35718300000028,
107.06053900000023,108.68986400000026,109.47676600000025,109.60949800000029,109.74283800000032,109.74300500000035,109.7431680000004,109.74333100000044,109.74349700000045,109.74366200000046,109.74382800000046,109.74399000000048,109.74415600000049,109.74432000000056,109.74448200000046,109.74464300000037,109.74481100000031,109.74497500000035,109.7451370000004,109.74530300000043,109.74546700000036,109.7456320000004,109.74579800000043,109.74595900000048,109.7461230000003,109.74629000000024,109.74645900000027,109.74662200000023,109.74679000000026,109.74695000000006,109.74711000000008,109.74727100000015,109.7474350000002,109.74760000000012,109.7477620000002,109.74793200000025,109.7480960000002,109.74825700000028,109.74842200000026,109.74858600000033,109.74875200000034,109.74891700000029,109.74908000000033,109.74924300000029,109.74940700000033,109.74956800000027,109.74972900000029,109.74988900000034,109.75005200000027,109.75021600000031,
111.45531200000019,113.0876030000002,113.87479000000016,114.41116300000016,114.6827260000002,114.68289599999994,114.95572100000004,114.95588000000004,114.95603800000004,114.95619400000012,114.95635100000018,114.95650600000025,114.9566620000003,114.95681500000038,114.95697200000043,114.95712600000053,114.95728000000054,114.95743700000045,114.9575910000004,114.95774500000033,114.95790200000039,114.95805900000028,114.95821400000023,114.95836900000026,114.95852500000018,114.95868000000024,114.95884000000024,114.95899300000019,114.95914700000009,114.95930200000001,114.95945700000007,114.95961400000016,114.95976800000011,114.95992500000006,114.96008500000002,114.96024100000002,114.96040099999996,114.9605599999999,114.96071699999979,114.96087099999968,114.96102499999975,114.96117999999981,114.96133299999988,114.96148999999986,114.9616459999998,114.96179899999976,114.96195799999981,114.96211799999989,114.9622709999997,114.96242699999976,
116.65281499999975,118.28268799999967,119.0698259999997,119.20269999999965,119.33444099999969,119.3346039999995,119.33475799999934,119.33492099999938,119.33507699999907,119.33523299999916,119.33539199999925,119.33554999999933,119.33571199999938,119.33586899999906,119.33602999999883,119.33618899999891,119.336345999999,119.33650699999905,119.33666599999907,119.33682299999893,119.33697899999893,119.33714099999895,119.33729799999901,119.3374549999991,119.33761799999905,119.33777499999891,119.33793499999868,119.3380939999987,119.33825599999875,119.33841499999883,119.33857399999889,119.33873299999897,119.33889299999905,119.3390499999991,119.33921399999909,119.33937499999914,119.3395379999991,119.3397029999991,119.33987599999912,119.34003699999906,119.34020199999912,119.3403689999991,119.34053299999908,119.34069499999904,119.34085899999903,119.3410209999991,119.34118399999917,119.34134699999913,119.34151199999914,119.3416759999991,
121.04865799999905,122.71101199999904,123.49535199999909,124.02948499999908,124.29936899999919,124.29953299999926,124.57374899999931,124.57391699999934,124.57407999999941,124.57424499999945,124.57440599999944,124.57456999999948,124.57473499999952,124.57489999999956,124.57506399999932,124.57522399999937,124.57538499999941,124.57554799999946,124.57571299999947,124.57587799999953,124.57604099999932,124.57620599999933,124.5763689999994,124.5765319999993,124.57669299999935,124.57685799999939,124.57701899999924,124.57717899999909,124.57733699999915,124.57749299999901,124.57765099999907,124.57780899999915,124.57796599999921,124.578125999999,124.57828399999897,124.5784369999989,124.57859699999898,124.57875999999905,124.5789199999991,124.57907999999918,124.57923699999893,124.57939099999868,124.57955199999873,124.5797089999985,124.57986999999855,124.5800309999986,124.58019099999862,124.58035699999871,124.5805159999986,124.58067299999868,
126.2817419999987,127.91070199999882,128.69873799999883,128.8300869999989,128.96406899999891,128.96423099999896,128.96438899999904,128.96454599999907,128.96470599999913,128.964863999999,128.9650219999991,128.96517799999893,128.965336999999,128.96549699999903,128.96565699999908,128.96581799999916,128.96597499999922,128.96613499999927,128.9662919999993,128.96645399999935,128.9666119999994,128.96677199999945,128.9669299999995,128.9670879999995,128.96724999999955,128.96740899999935,128.96756899999943,128.96772699999912,128.9678859999992,128.96804299999928,128.96819899999934,128.96835799999943,128.96851699999942,128.9686809999994,128.96884299999945,128.9689989999995,128.96915599999957,128.96931299999963,128.9694739999997,128.96963199999976,128.96979199999984,128.96995099999978,128.9701099999998,128.97027199999988,128.9704279999996,128.97058699999968,128.97075099999972,128.97091099999977,128.97107399999982,128.97123899999974,
130.67772399999976,132.36280899999971,133.1501869999997,133.68524099999973,133.6853999999998,134.09323999999987,134.23121799999996,134.23138100000003,134.231552,134.23171199999967,134.2318699999997,134.23202799999976,134.23220399999943,134.23236399999936,134.2325229999992,134.23268199999924,134.23284699999897,134.23300499999874,134.23316299999865,134.23332399999873,134.23348099999882,134.23363799999888,134.23379699999893,134.23395399999902,134.23411799999906,134.23427999999913,134.23444799999916,134.23460899999915,134.23477799999915,134.2349419999992,134.23510499999924,134.23526999999928,134.23543199999932,134.23559399999922,134.2357589999991,134.235923999999,134.23608599999895,134.23624799999894,134.23641599999902,134.23657899999907,134.2367439999991,134.23690899999914,134.23706999999922,134.23723299999926,134.23739499999928,134.23755999999926,134.23772299999925,134.2378879999993,134.2380529999993,134.23821499999934,
135.94694199999944,137.57969599999942,138.36506399999945,138.7636719999994,138.76384099999942,139.17051099999938,139.44467099999943,139.44483299999948,139.44500299999953,139.44516299999958,139.44532199999963,139.44548099999966,139.44563799999972,139.44579499999978,139.44596199999964,139.44612099999958,139.44627999999963,139.44644199999968,139.44659899999974,139.44676099999975,139.44691799999973,139.44707599999967,139.44723499999975,139.4473959999998,139.4475519999999,139.44771099999997,139.44786600000003,139.44802699999988,139.44818399999994,139.44834600000002,139.4485059999997,139.44866299999975,139.4488229999998,139.44898199999986,139.44913699999992,139.44929699999994,139.44945599999997,139.44961099999978,139.44976699999978,139.44992299999984,139.45008599999974,139.45024099999947,139.45039499999942,139.4505539999992,139.45071299999918,139.45087199999884,139.4510299999989,139.45119299999897,139.45135099999905,139.4515089999991,
141.1615739999991,142.80669599999902,143.59707499999908,144.1338579999991,144.13402099999914,144.54367799999895,144.6817479999989,144.68190899999894,144.682067999999,144.68222799999876,144.6823919999988,144.68257199999886,144.68273599999884,144.68289999999877,144.6830629999988,144.6832259999988,144.6833909999987,144.68355599999873,144.6837219999987,144.68388399999876,144.68404999999868,144.68421499999863,144.68437799999867,144.68453899999852,144.68470299999856,144.68486799999863,144.6850309999987,144.6851929999986,144.68535499999862,144.68552099999866,144.68568399999864,144.68584799999854,144.68601199999858,144.68617899999853,144.68634099999858,144.68650199999846,144.6866639999985,144.68682699999857,144.68699199999853,144.68715699999856,144.68732599999862,144.6874899999986,144.68765199999865,144.68781199999873,144.68797599999874,144.68814099999872,144.68830499999873,144.6884659999988,144.68862899999888,144.68879499999883,
146.41382899999886,148.05387299999884,148.8502669999989,149.38781199999895,149.660547999999,149.6607119999988,149.93679799999882,149.93695999999886,149.93712399999887,149.9372849999989,149.93744199999864,149.9376029999986,149.93776099999843,149.93791999999848,149.93808099999848,149.93824099999838,149.93839799999847,149.93855699999853,149.93871899999857,149.93887799999854,149.93903699999834,149.9391999999984,149.93935699999847,149.93951999999814,149.9396769999982,149.93983799999825,149.9399989999983,149.9401529999982,149.94030899999828,149.94046699999825,149.9406249999983,149.94079299999817,149.94095099999822,149.94110799999828,149.94126699999808,149.94142499999813,149.9415829999982,149.941743999998,149.94190799999797,149.94206899999767,149.94223099999746,149.94239599999744,149.94255699999752,149.94271499999758,149.94287399999763,149.9430339999977,149.94319599999778,149.94335499999787,149.94351299999792,149.9436849999977,
151.6559709999977,153.30015899999768,154.09111999999766,154.62843799999766,154.8998919999977,154.90005399999762,155.1760299999977,155.17619699999773,155.1763609999978,155.17651999999785,155.17668099999753,155.1768399999973,155.17699899999735,155.1771589999974,155.17731899999745,155.1774799999975,155.17763999999758,155.17779899999746,155.17795899999751,155.17811499999758,155.17828099999764,155.1784419999977,155.17860199999774,155.1787599999978,155.17892099999784,155.1790799999979,155.17923899999798,155.17940099999805,155.17956099999813,155.1797179999982,155.17988299999823,155.18004199999797,155.18024299999806,155.18039999999812,155.1805609999982,155.18072399999826,155.18088399999806,155.1810469999981,155.1812039999978,155.18136399999767,155.18152399999744,155.18168099999735,155.1818429999974,155.18200199999745,155.18215899999726,155.1823179999971,155.1824789999971,155.18264099999715,155.18279999999714,155.18295999999722,
156.8858839999972,158.5166329999971,159.3043309999972,159.70370799999722,159.7038779999972,160.11145699999716,160.38629999999725,160.38646399999732,160.38662399999723,160.3867829999973,160.38694699999704,160.3871059999971,160.38726799999682,160.38742799999687,160.38758799999664,160.3877409999965,160.38789799999657,160.38805799999665,160.38821699999673,160.38837899999643,160.3885349999965,160.38869099999656,160.38885299999657,160.38900999999663,160.3891669999967,160.38932499999675,160.3894859999968,160.3896399999968,160.38979999999688,160.38995899999665,160.3901209999967,160.39028099999675,160.39044099999683,160.3905989999969,160.39075699999697,160.3909149999968,160.39107299999677,160.3912299999968,160.3913899999967,160.39154999999676,160.39170899999684,160.39186799999666,160.39202799999669,160.39218499999677,160.39234699999682,160.39250599999687,160.39266799999692,160.39283399999692,160.39299099999698,160.393147999997,
162.09830399999709,163.73315099999712,164.52114099999704,164.65434599999708,164.78832799999714,164.78848999999713,164.7886459999972,164.78880599999724,164.7889629999973,164.78912299999737,164.78928199999743,164.7894399999974,164.78959899999745,164.7897589999975,164.78991499999756,164.79007699999747,164.79023499999755,164.79039999999736,164.7905599999974,164.79071999999715,164.79088199999723,164.7910449999973,164.79120399999732,164.79136299999706,164.79151999999715,164.79167699999692,164.79183599999698,164.79199499999703,164.79215499999702,164.7923099999971,164.79246999999714,164.79262999999696,164.79278799999705,164.79294499999708,164.79310299999716,164.79326499999715,164.79342599999717,164.79358299999726,164.79373899999698,164.79389999999705,164.79405899999705,164.79421399999714,164.7943719999969,164.79453299999696,164.79469099999702,164.794853999997,164.79501499999668,164.79517199999677,164.79533199999682,164.7954899999966,
166.4985449999965,168.1302069999965,168.91658999999657,169.45337599999658,169.45354599999663,169.86234599999656,169.9998269999966,169.99999299999666,170.00015099999663,170.0003109999967,170.0004699999965,170.00062799999634,170.0007879999964,170.00094699999644,170.00110599999644,170.00126799999626,170.00142699999634,170.00158299999643,170.00174099999649,170.00189999999617,170.00205899999625,170.0022169999963,170.0023769999964,170.00253299999645,170.0026919999965,170.0028499999965,170.00300999999655,170.0031679999966,170.00332599999635,170.00348799999637,170.00364999999644,170.0038089999965,170.00396499999638,170.00412299999644,170.00427799999653,170.00443999999658,170.00459499999644,170.00475199999653,170.00491199999658,170.00507099999655,170.0052279999966,170.00538599999666,170.00554199999655,170.00569999999647,170.00585799999655,170.00601899999657,170.00618199999658,170.00634099999635,170.00649799999627,170.0066559999961,
171.70804499999616,173.33604599999617,174.1230289999962,174.2543139999962,174.3882139999962,174.38837099999625,174.3885319999963,174.38868699999637,174.3888439999963,174.3890039999961,174.38916199999613,174.38932199999618,174.38949099999627,174.38964999999632,174.38980999999623,174.3899649999963,174.39012499999635,174.3902849999962,174.39044299999603,174.39060399999605,174.3907609999961,174.39091899999616,174.39107499999622,174.39123599999627,174.39139499999632,174.39155599999637,174.39171499999645,174.3918749999965,174.39203699999638,174.3921939999961,174.39235199999584,174.39251399999566,174.3926789999957,174.39284199999562,174.39300299999553,174.39316699999557,174.3933329999956,174.39349199999566,174.3936529999957,174.39381499999573,174.39398099999576,174.39414499999577,174.39430499999585,174.39446799999592,174.39463399999582,174.39479499999572,174.3949589999957,174.3951209999957,174.39528299999574,174.3954419999958,
176.1058919999958,177.73963999999577,178.54178199999578,178.94082199999582,178.94098899999585,179.3479099999959,179.62252399999588,179.62268699999592,179.62284599999597,179.62300799999602,179.62317099999592,179.623328999996,179.62348899999606,179.62364599999614,179.62380499999583,179.62396599999587,179.62412999999594,179.624288999996,179.62444899999608,179.62460999999587,179.62477999999592,179.62495299999597,179.62511699999598,179.62528299999602,179.62544599999603,179.62560699999608,179.6257659999961,179.62592999999615,179.62609499999613,179.62625899999603,179.6264229999961,179.62658499999614,179.62674799999613,179.6269079999962,179.62707199999622,179.62723499999626,179.6273959999963,179.62755899999638,179.6277219999964,179.6278889999963,179.62805199999636,179.62821399999638,179.62837499999642,179.6285389999964,179.62870199999645,179.62886399999624,179.62902899999628,179.62919099999627,179.6293539999963,179.62951599999636,
181.33334099999638,182.96314399999642,183.74891199999638,183.88017699999642,184.0139709999964,184.0141339999964,184.01429099999643,184.0144479999965,184.01460699999654,184.01476999999633,184.0149269999964,184.01508699999644,184.0152479999965,184.01540599999652,184.01556699999622,184.01572399999628,184.01588099999634,184.01604099999608,184.01619699999614,184.01635499999597,184.01651199999603,184.0166679999961,184.01682799999594,184.01699599999597,184.01715599999602,184.01731399999582,184.0174769999959,184.01763999999585,184.01779699999582,184.0179539999959,184.0181159999959,184.01827799999595,184.0184359999958,184.0185929999959,184.01875199999594,184.0189089999959,184.01906799999594,184.01922799999596,184.01938999999595,184.0195509999957,184.01971399999567,184.0198709999955,184.02003799999537,184.02020099999527,184.02036499999534,184.02052599999536,184.02069199999528,184.02085699999515,184.02101999999516,184.0211809999952,
185.72617699999515,187.35821799999508,188.14504999999508,188.27785799999512,188.4111089999951,188.41127599999513,188.41143899999514,188.41160599999517,188.41176999999496,188.41193399999494,188.41209899999498,188.41226599999501,188.41242499999507,188.4125869999951,188.41275399999515,188.4129239999951,188.41309099999512,188.41325399999516,188.4134179999952,188.41358199999527,188.4137479999953,188.41391099999527,188.4140749999952,188.41423999999515,188.41440099999502,188.41456199999507,188.4147259999951,188.4148909999951,188.41505599999502,188.41522099999506,188.4153849999951,188.41555099999513,188.41571099999518,188.41587399999523,188.41603999999523,188.41620599999527,188.41636799999532,188.41652899999534,188.41669299999538,188.41685799999536,188.41702699999536,188.4171899999954,188.41735199999547,188.4175149999954,188.4176799999954,188.41784499999545,188.4180099999955,188.41817499999553,188.4183399999956,188.41851099999556,
190.12547499999553,191.7658699999955,192.55416699999546,193.08951799999548,193.0896869999955,193.50003299999548,193.63772699999552,193.63788899999557,193.63804999999553,193.63820699999533,193.6383649999954,193.63852399999547,193.6386829999955,193.63884299999535,193.6390009999954,193.63915799999546,193.63931999999554,193.63947899999562,193.63963599999568,193.63979299999542,193.63994899999545,193.6401079999955,193.64026499999557,193.64042599999564,193.64058499999572,193.64074399999578,193.64090599999582,193.64106399999588,193.64122499999584,193.64138299999593,193.641540999996,193.64170299999608,193.64185999999614,193.64201599999623,193.64217399999632,193.64233399999637,193.6424939999962,193.6426519999961,193.64280999999616,193.64297099999624,193.64312999999603,193.64328999999609,193.64344999999616,193.64360999999604,193.643768999996,193.64392699999607,193.64409799999615,193.6442599999962,193.6444179999962,193.64457599999628,
195.35174199999625,196.98733999999624,197.77594899999627,198.17522199999632,198.1753879999964,198.58292999999645,198.8568749999965,198.85704399999653,198.85721099999657,198.85737199999662,198.85753499999666,198.8577019999967,198.85786799999667,198.85803299999674,198.85819999999677,198.8583649999968,198.85852799999685,198.8586929999968,198.85885499999685,198.85901999999678,198.8591839999966,198.85934599999663,198.8595099999966,198.85967499999663,198.85983499999654,198.85999799999655,198.8601599999965,198.86032199999656,198.8604899999966,198.86065699999662,198.86081899999658,198.86098499999662,198.8611499999966,198.86131499999652,198.86147899999656,198.86164399999652,198.8618049999966,198.86196799999658,198.86213499999656,198.8622989999966,198.8624639999966,198.86262599999668,198.86278899999655,198.8629499999966,198.86311299999645,198.86327899999648,198.86344099999653,198.8636049999965,198.86376699999644,198.86393099999646,
200.56587799999647,202.19476699999646,202.98025499999645,203.11325899999633,203.2472189999964,203.24738199999643,203.24754299999634,203.2477049999964,203.24786699999643,203.24802499999652,203.24818299999657,203.2483419999964,203.24850199999625,203.24866099999633,203.24882099999616,203.2489809999962,203.24914399999625,203.2493029999963,203.24946299999638,203.24962399999643,203.24978399999637,203.24994899999643,203.25010699999652,203.25026299999658,203.25042499999665,203.2505829999967,203.25074299999676,203.25090099999682,203.25105899999687,203.25121499999693,203.25137699999692,203.25153599999697,203.25169599999703,203.25185299999706,203.2520109999971,203.252175999997,203.252335999997,203.25250099999695,203.252660999997,203.2528199999971,203.25297899999714,203.25313799999688,203.25330099999692,203.253458999997,203.2536279999971,203.25378299999716,203.2539419999971,203.25410099999718,203.2542599999972,203.25441999999725,
204.9762129999973,206.6072199999973,207.39529399999734,207.79560599999715,207.7957669999971,208.20287499999688,208.47696599999685,208.4771309999969,208.47729499999687,208.47746099999685,208.4776239999969,208.4777889999969,208.47795299999686,208.4781179999969,208.47828099999697,208.478443999997,208.47860699999706,208.47876899999704,208.47893499999702,208.47909699999707,208.4792599999971,208.4794249999971,208.47958699999714,208.47975099999712,208.47991399999717,208.4800809999972,208.48024799999715,208.48040999999716,208.48057199999718,208.48073699999722,208.48089899999727,208.48107499999728,208.48124999999732,208.48141299999736,208.48157899999734,208.48174399999732,208.48191399999726,208.48207899999727,208.48224599999733,208.48241099999737,208.4825749999972,208.48273799999725,208.4829019999971,208.48306499999697,208.48322999999698,208.48339299999702,208.4835569999971,208.48372199999702,208.48388699999694,208.48405199999698,
210.20041499999695,211.83831499999695,212.62765099999683,213.16344099999674,213.1636079999965,213.57394199999658,213.71182099999658,213.71198399999668,213.71214499999667,213.71230699999666,213.7124649999966,213.7126219999967,213.71277799999677,213.7129369999967,213.71309899999682,213.71325999999686,213.71341599999687,213.71357599999698,213.71373499999703,213.71389299999703,213.71405199999714,213.7142129999972,213.714371999997,213.7145299999969,213.7146869999969,213.71484199999674,213.71500399999684,213.71516399999678,213.71531899999667,213.71547899999672,213.71563699999666,213.71579499999672,213.71595199999683,213.71611099999683,213.71626899999688,213.71642999999676,213.71658799999688,213.71674599999682,213.7169049999968,213.71706299999693,213.71722499999674,213.7173819999968,213.71754199999685,213.71770499999673,213.71786099999684,213.7180179999969,213.7181759999968,213.7183369999969,213.71849299999695,213.718653999997,
215.42473499999693,217.05984799999692,217.8452499999969,218.244996999997,218.24516599999697,218.65323299999704,218.92887199999706,218.92904099999708,218.92920299999673,218.9293619999968,218.9295229999969,218.929681999997,218.92984199999705,218.93000299999704,218.9301649999971,218.9303249999968,218.9304889999969,218.93066399999697,218.93082499999701,218.93098499999707,218.93114299999712,218.93130199999695,218.931465999997,218.93162499999704,218.93178099999676,218.93193599999677,218.93209999999675,218.9322569999968,218.93241399999664,218.93257299999675,218.93273499999657,218.93289599999667,218.93305699999667,218.9332179999967,218.93337699999677,218.93353599999688,218.933693999997,218.9338529999967,218.9340129999968,218.93417099999687,218.93433099999692,218.93448899999697,218.93465199999673,218.93480899999685,218.9349709999969,218.9351279999969,218.93528899999689,218.93544599999694,218.93560599999694,218.9357679999967,
220.64283299999664,222.27936899999662,223.06838999999667,223.60452299999668,223.60468999999665,224.01444899999666,224.15236999999638,224.15253599999642,224.15269699999652,224.15285599999618,224.15301899999616,224.15317699999616,224.1533369999962,224.15349299999622,224.1536539999962,224.15381599999597,224.15397599999602,224.1541339999959,224.15429599999572,224.15445399999578,224.15461699999554,224.15477599999548,224.15493399999554,224.15509999999563,224.15526099999568,224.15541899999562,224.15558299999554,224.15574499999553,224.15590599999558,224.15606599999563,224.1562249999957,224.15638699999545,224.15654699999556,224.15670399999567,224.15686099999579,224.1570219999959,224.1571819999956,224.1573409999953,224.1575039999954,224.1576669999955,224.15782399999534,224.15798499999545,224.1581429999955,224.15830199999562,224.15845999999567,224.15861799999573,224.15877599999584,224.1589309999959,224.159092999996,224.1592529999961,
225.86952399999615,227.50632199999615,228.29590499999614,228.83246199999616,228.8326259999962,229.24333699999613,229.381199999996,229.38136999999602,229.381535999996,229.38170299999598,229.381879999996,229.38204499999603,229.38220899999607,229.38238299999614,229.38254899999612,229.3827169999961,229.38288399999607,229.3830499999961,229.38321799999608,229.38338099999612,229.3835439999961,229.3837069999962,229.3838709999963,229.38403399999623,229.38419699999622,229.38435999999632,229.38452699999635,229.38469099999634,229.38485599999626,229.3850209999963,229.38519199999632,229.38535699999636,229.3855209999963,229.38568599999638,229.38584899999637,229.38601299999635,229.38617699999645,229.38634399999654,229.38650799999652,229.38667399999645,229.38684099999648,229.38700099999647,229.38716299999646,229.38732699999645,229.38749299999643,229.38765399999653,229.3878179999964,229.38798499999638,229.38815299999635,229.38831799999633,
231.09328199999624,232.74208599999628,233.52738599999623,233.6601039999963,233.7947019999964,233.79486299999638,233.7950239999965,233.79518899999658,233.7953499999964,233.7955119999964,233.79567099999616,233.79582799999628,233.79598999999627,233.79614899999638,233.79630999999608,233.7964759999959,233.79663599999594,233.79679299999594,233.796947999996,233.79710599999606,233.7972669999961,233.79742699999616,233.79758599999616,233.7977459999962,233.7979109999963,233.7980709999963,233.7982309999964,233.7983909999965,233.79854899999663,233.7987099999965,233.7988669999964,233.7990269999965,233.7991889999965,233.7993469999966,233.79950599999637,233.79966499999642,233.79982299999637,233.79998499999647,233.80014599999646,233.8003049999965,233.80045999999663,233.8006199999964,233.80077799999646,233.8009399999965,233.80109499999656,233.80125299999668,233.80141399999638,233.80157699999626,233.80173899999602,233.80189499999608,
235.50995799999617,237.14115199999623,237.92897699999628,238.46471499999632,238.4648799999964,238.87443999999624,239.01210299999622,239.01227099999602,239.01243499999583,239.0125999999958,239.01276399999585,239.0129289999959,239.01310399999585,239.01326899999583,239.0134339999958,239.0135989999958,239.01376099999584,239.01392399999582,239.0140879999958,239.0142759999958,239.01444299999588,239.01460899999591,239.01477199999601,239.014934999996,239.015096999996,239.01525799999604,239.01541899999592,239.01558199999596,239.01574999999593,239.01591599999597,239.01607899999584,239.01624499999576,239.01640799999575,239.01657499999573,239.01673999999576,239.0169039999958,239.01706699999568,239.01723999999575,239.01740699999573,239.01756999999577,239.01773599999575,239.01789899999574,239.01806299999572,239.0182269999957,239.0183909999957,239.01855299999556,239.0187179999956,239.0188799999957,239.0190439999958,239.01921299999583,
240.73052699999573,242.36669999999577,243.15456099999585,243.69164799999578,243.69181399999587,244.1011959999957,244.23923499999574,244.23939599999568,244.2395539999958,244.23971399999562,244.23987199999567,244.24003199999572,244.24019599999582,244.2403559999958,244.24051399999593,244.2406779999958,244.24083699999557,244.24099899999567,244.2411609999957,244.2413279999957,244.24149199999573,244.2416589999957,244.2418229999957,244.24198799999567,244.2421499999956,244.2423109999957,244.24247599999575,244.24264099999573,244.24280699999576,244.24297499999574,244.24314099999572,244.24330199999577,244.2434639999958,244.24363299999573,244.24379499999577,244.24395699999576,244.2441219999958,244.24428299999585,244.24445099999576,244.2446189999958,244.2447789999958,244.24494099999578,244.24510099999588,244.24526199999593,244.24542399999598,244.24558899999607,244.24574999999618,244.24590999999612,244.24607399999599,244.24624099999596,
